model,x_pixel,y_pixel,expenditure_usd,speedup_pct
Opus 4.8,800.0,1405.0,98.65993438771224,0.12276585598473892
Opus 4.8,801.0,1405.0,99.11998517378471,0.12276585598473892
Opus 4.8,802.0,1405.0,99.58218117439719,0.12276585598473892
Opus 4.8,803.0,1405.0,100.0465323926745,0.12276585598473892
Opus 4.8,804.0,1405.0,100.51304887838592,0.12276585598473892
Opus 4.8,805.0,1405.0,100.98174072816279,0.12276585598473892
Opus 4.8,806.0,1405.0,101.4526180857169,0.12276585598473892
Opus 4.8,807.0,1405.0,101.9256911420604,0.12276585598473892
Opus 4.8,808.0,1405.0,102.40097013572579,0.12276585598473892
Opus 4.8,809.0,1405.0,102.87846535298787,0.12276585598473892
Opus 4.8,810.0,1405.0,103.35818712808634,0.12276585598473892
Opus 4.8,811.0,1405.0,103.84014584344936,0.12276585598473892
Opus 4.8,812.0,1405.0,104.32435192991832,0.12276585598473892
Opus 4.8,813.0,1405.0,104.81081586697358,0.12276585598473892
Opus 4.8,814.0,1405.0,105.29954818296126,0.12276585598473892
Opus 4.8,815.0,1405.0,105.79055945532109,0.12276585598473892
Opus 4.8,816.0,1405.0,106.28386031081536,0.12276585598473892
Opus 4.8,817.0,1405.0,106.7794614257589,0.12276585598473892
Opus 4.8,818.0,1405.0,107.27737352625016,0.12276585598473892
Opus 4.8,819.0,1405.0,107.7776073884033,0.12276585598473892
Opus 4.8,820.0,1405.0,108.28017383858138,0.12276585598473892
Opus 4.8,821.0,1405.0,108.78508375363101,0.12276585598473892
Opus 4.8,822.0,1405.0,109.29234806111722,0.12276585598473892
Opus 4.8,823.0,1405.0,109.80197773956029,0.12276585598473892
Opus 4.8,824.0,1405.0,110.31398381867326,0.12276585598473892
Opus 4.8,825.0,1405.0,110.82837737960074,0.12276585598473892
Opus 4.8,826.0,1405.0,111.3451695551586,0.12276585598473892
Opus 4.8,827.0,1405.0,111.86437153007502,0.12276585598473892
Opus 4.8,828.0,1405.0,112.38599454123245,0.12276585598473892
Opus 4.8,829.0,1405.0,112.91004987791095,0.12276585598473892
Opus 4.8,830.0,1405.0,113.43654888203235,0.12276585598473892
Opus 4.8,831.0,1405.0,113.9655029484059,0.12276585598473892
Opus 4.8,832.0,1405.0,114.4969235249747,0.12276585598473892
Opus 4.8,833.0,1405.0,115.03082211306351,0.12276585598473892
Opus 4.8,834.0,1405.0,115.56721026762798,0.12276585598473892
Opus 4.8,835.0,1405.0,116.10609959750418,0.12276585598473892
Opus 4.8,836.0,1405.0,116.64750176566024,0.12276585598473892
Opus 4.8,837.0,1405.0,117.19142848944858,0.12276585598473892
Opus 4.8,838.0,1405.0,117.73789154085966,0.12276585598473892
Opus 4.8,839.0,1405.0,118.28690274677665,0.12276585598473892
Opus 4.8,840.0,1405.0,118.83847398923137,0.12276585598473892
Opus 4.8,841.0,1405.0,119.39261720566157,0.12276585598473892
Opus 4.8,842.0,1405.0,119.94934438916916,0.12276585598473892
Opus 4.8,843.0,1405.0,120.50866758877983,0.12276585598473892
Opus 4.8,844.0,1405.0,121.07059890970385,0.12276585598473892
Opus 4.8,845.0,1405.0,121.63515051359799,0.12276585598473892
Opus 4.8,846.0,1405.0,122.2023346188288,0.12276585598473892
Opus 4.8,847.0,1405.0,122.77216350073684,0.12276585598473892
Opus 4.8,848.0,1405.0,123.34464949190294,0.12276585598473892
Opus 4.8,849.0,1405.0,123.9198049824143,0.12276585598473892
Opus 4.8,850.0,1405.0,124.49764242013316,0.12276585598473892
Opus 4.8,851.0,1405.0,125.0781743109661,0.12276585598473892
Opus 4.8,852.0,1405.0,125.66141321913464,0.12276585598473892
Opus 4.8,853.0,1405.0,126.24737176744725,0.12276585598473892
Opus 4.8,854.0,1405.0,126.83606263757244,0.12276585598473892
Opus 4.8,855.0,1405.0,127.42749857031335,0.12276585598473892
Opus 4.8,856.0,1405.0,128.02169236588333,0.12276585598473892
Opus 4.8,857.0,1405.0,128.61865688418317,0.12276585598473892
Opus 4.8,858.0,1405.0,129.2184050450792,0.12276585598473892
Opus 4.8,859.0,1405.0,129.8209498286831,0.12276585598473892
Opus 4.8,860.0,1405.0,130.42630427563273,0.12276585598473892
Opus 4.8,861.0,1405.0,131.03448148737425,0.12276585598473892
Opus 4.8,862.0,1405.0,131.64549462644615,0.12276585598473892
Opus 4.8,863.0,1405.0,132.25935691676347,0.12276585598473892
Opus 4.8,864.0,1405.0,132.8760816439043,0.12276585598473892
Opus 4.8,865.0,1405.0,133.49568215539747,0.12276585598473892
Opus 4.8,866.0,1405.0,134.11817186101115,0.12276585598473892
Opus 4.8,867.0,1405.0,134.74356423304323,0.12276585598473892
Opus 4.8,868.0,1405.0,135.37187280661286,0.12276585598473892
Opus 4.8,869.0,1405.0,136.0031111799534,0.12276585598473892
Opus 4.8,870.0,1405.0,136.6372930147067,0.12276585598473892
Opus 4.8,871.0,1405.0,137.27443203621877,0.12276585598473892
Opus 4.8,872.0,1405.0,137.9145420338368,0.12276585598473892
Opus 4.8,873.0,1405.0,138.55763686120773,0.12276585598473892
Opus 4.8,874.0,1405.0,139.20373043657773,0.12276585598473892
Opus 4.8,875.0,1405.0,139.85283674309423,0.12276585598473892
Opus 4.8,876.0,1405.0,140.5049698291075,0.12276585598473892
Opus 4.8,877.0,1405.0,141.16014380847537,0.12276585598473892
Opus 4.8,878.0,1405.0,141.8183728608685,0.12276585598473892
Opus 4.8,879.0,1405.0,142.4796712320773,0.12276585598473892
Opus 4.8,880.0,1405.0,143.14405323432024,0.12276585598473892
Opus 4.8,881.0,1405.0,143.81153324655355,0.12276585598473892
Opus 4.8,882.0,1405.0,144.4821257147825,0.12276585598473892
Opus 4.8,883.0,1405.0,145.15584515237404,0.12276585598473892
Opus 4.8,884.0,1405.0,145.83270614037082,0.12276585598473892
Opus 4.8,885.0,1405.0,146.51272332780684,0.12276585598473892
Opus 4.8,886.0,1405.0,147.19591143202445,0.12276585598473892
Opus 4.8,887.0,1405.0,147.88228523899295,0.12276585598473892
Opus 4.8,888.0,1405.0,148.57185960362835,0.12276585598473892
Opus 4.8,889.0,1405.0,149.26464945011554,0.12276585598473892
Opus 4.8,890.0,1405.0,149.96066977223032,0.12276585598473892
Opus 4.8,891.0,1405.0,150.65993563366453,0.12276585598473892
Opus 4.8,892.0,1405.0,151.36246216835204,0.12276585598473892
Opus 4.8,893.0,1405.0,152.06826458079604,0.12276585598473892
Opus 4.8,894.0,1405.0,152.77735814639834,0.12276585598473892
Opus 4.8,895.0,1405.0,153.48975821178982,0.12276585598473892
Opus 4.8,896.0,1405.0,154.20548019516266,0.12276585598473892
Opus 4.8,897.0,1405.0,154.92453958660397,0.12276585598473892
Opus 4.8,898.0,1405.0,155.64695194843105,0.12276585598473892
Opus 4.8,899.0,1405.0,156.37273291552825,0.12276585598473892
Opus 4.8,900.0,1405.0,157.10189819568527,0.12276585598473892
Opus 4.8,901.0,1405.0,157.83446356993718,0.12276585598473892
Opus 4.8,902.0,1405.0,158.57044489290575,0.12276585598473892
Opus 4.8,903.0,1405.0,159.30985809314328,0.12276585598473892
Opus 4.8,904.0,1405.0,160.05271917347633,0.12276585598473892
Opus 4.8,905.0,1405.0,160.79904421135274,0.12276585598473892
Opus 4.8,906.0,1405.0,161.5488493591894,0.12276585598473892
Opus 4.8,907.0,1405.0,162.30215084472187,0.12276585598473892
Opus 4.8,908.0,1405.0,163.0589649713555,0.12276585598473892
Opus 4.8,909.0,1405.0,163.81930811851836,0.12276585598473892
Opus 4.8,910.0,1405.0,164.58319674201576,0.12276585598473892
Opus 4.8,911.0,1405.0,165.35064737438628,0.12276585598473892
Opus 4.8,912.0,1405.0,166.1216766252597,0.12276585598473892
Opus 4.8,913.0,1405.0,166.89630118171638,0.12276585598473892
Opus 4.8,914.0,1405.0,167.6745378086485,0.12276585598473892
Opus 4.8,915.0,1405.0,168.4564033491228,0.12276585598473892
Opus 4.8,916.0,1405.0,169.241914724745,0.12276585598473892
Opus 4.8,917.0,1405.0,170.03108893602672,0.12276585598473892
Opus 4.8,918.0,1405.0,170.82394306275233,0.12276585598473892
Opus 4.8,919.0,1405.0,171.6204942643494,0.12276585598473892
Opus 4.8,920.0,1405.0,172.42075978025971,0.12276585598473892
Opus 4.8,921.0,1405.0,173.22475693031254,0.12276585598473892
Opus 4.8,922.0,1405.0,174.03250311509947,0.12276585598473892
Opus 4.8,923.0,1405.0,174.84401581635092,0.12276585598473892
Opus 4.8,924.0,1405.0,175.65931259731448,0.12276585598473892
Opus 4.8,925.0,1405.0,176.4784111031352,0.12276585598473892
Opus 4.8,926.0,1405.0,177.30132906123725,0.12276585598473892
Opus 4.8,927.0,1405.0,178.12808428170771,0.12276585598473892
Opus 4.8,928.0,1405.0,178.9586946576821,0.12276585598473892
Opus 4.8,929.0,1405.0,179.79317816573118,0.12276585598473892
Opus 4.8,930.0,1405.0,180.6315528662511,0.12276585598473892
Opus 4.8,931.0,1405.0,181.47383690385288,0.12276585598473892
Opus 4.8,932.0,1405.0,182.320048507756,0.12276585598473892
Opus 4.8,933.0,1405.0,183.17020599218276,0.12276585598473892
Opus 4.8,934.0,1405.0,184.02432775675445,0.12276585598473892
Opus 4.8,935.0,1405.0,184.8824322868898,0.12276585598473892
Opus 4.8,936.0,1405.0,185.74453815420495,0.12276585598473892
Opus 4.8,937.0,1405.0,186.61066401691536,0.12276585598473892
Opus 4.8,938.0,1405.0,187.4808286202397,0.12276585598473892
Opus 4.8,939.0,1405.0,188.35505079680544,0.12276585598473892
Opus 4.8,940.0,1405.0,189.23334946705654,0.12276585598473892
Opus 4.8,941.0,1405.0,190.11574363966295,0.12276585598473892
Opus 4.8,942.0,1405.0,191.00225241193183,0.12276585598473892
Opus 4.8,943.0,1405.0,191.89289497022088,0.12276585598473892
Opus 4.8,944.0,1405.0,192.78769059035426,0.12276585598473892
Opus 4.8,945.0,1405.0,193.68665863803864,0.12276585598473892
Opus 4.8,946.0,1405.0,194.58981856928298,0.12276585598473892
Opus 4.8,947.0,1405.0,195.49718993081967,0.12276585598473892
Opus 4.8,948.0,1405.0,196.4087923605273,0.12276585598473892
Opus 4.8,949.0,1405.0,197.3246455878558,0.12276585598473892
Opus 4.8,950.0,1405.0,198.2447694342535,0.12276585598473892
Opus 4.8,951.0,1405.0,199.16918381359594,0.12276585598473892
Opus 4.8,952.0,1405.0,200.09790873261707,0.12276585598473892
Opus 4.8,953.0,1405.0,201.03096429134206,0.12276585598473892
Opus 4.8,954.0,1405.0,201.96837068352244,0.12276585598473892
Opus 4.8,955.0,1405.0,202.91014819707308,0.12276585598473892
Opus 4.8,956.0,1405.0,203.85631721451136,0.12276585598473892
Opus 4.8,957.0,1405.0,204.80689821339791,0.12276585598473892
Opus 4.8,958.0,1405.0,205.76191176678088,0.12276585598473892
Opus 4.8,959.0,1405.0,206.7213785436397,0.12276585598473892
Opus 4.8,960.0,1405.0,207.68531930933347,0.12276585598473892
Opus 4.8,961.0,1405.0,208.65375492604994,0.12276585598473892
Opus 4.8,962.0,1405.0,209.62670635325722,0.12276585598473892
Opus 4.8,963.0,1405.0,210.6041946481573,0.12276585598473892
Opus 4.8,964.0,1405.0,211.5862409661418,0.12276585598473892
Opus 4.8,965.0,1405.0,212.57286656124978,0.12276585598473892
Opus 4.8,966.0,1405.0,213.56409278662787,0.12276585598473892
Opus 4.8,967.0,1405.0,214.55994109499224,0.12276585598473892
Opus 4.8,968.0,1405.0,215.560433039093,0.12276585598473892
Opus 4.8,969.0,1405.0,216.56559027218057,0.12276585598473892
Opus 4.8,970.0,1405.0,217.57543454847428,0.12276585598473892
Opus 4.8,971.0,1405.0,218.5899877236338,0.12276585598473892
Opus 4.8,972.0,1405.0,219.6092717552311,0.12276585598473892
Opus 4.8,973.0,1405.0,220.63330870322628,0.12276585598473892
Opus 4.8,974.0,1405.0,221.662120730445,0.12276585598473892
Opus 4.8,975.0,1405.0,222.69573010305808,0.12276585598473892
Opus 4.8,976.0,1405.0,223.73415919106338,0.12276585598473892
Opus 4.8,977.0,1405.0,224.77743046876992,0.12276585598473892
Opus 4.8,978.0,1405.0,225.82556651528435,0.12276585598473892
Opus 4.8,979.0,1405.0,226.8785900149995,0.12276585598473892
Opus 4.8,980.0,1405.0,227.93652375808554,0.12276585598473892
Opus 4.8,981.0,1405.0,228.99939064098297,0.12276585598473892
Opus 4.8,982.0,1405.0,230.06721366689837,0.12276585598473892
Opus 4.8,983.0,1405.0,231.1400159463021,0.12276585598473892
Opus 4.8,984.0,1405.0,232.2178206974283,0.12276585598473892
Opus 4.8,985.0,1405.0,233.3006512467784,0.12276585598473892
Opus 4.8,986.0,1405.0,234.38853102962432,0.12276585598473892
Opus 4.8,987.0,1405.0,235.48148359051697,0.12276585598473892
Opus 4.8,988.0,1405.0,236.57953258379524,0.12276585598473892
Opus 4.8,989.0,1405.0,237.68270177409818,0.12276585598473892
Opus 4.8,990.0,1405.0,238.79101503687914,0.12276585598473892
Opus 4.8,991.0,1405.0,239.9044963589227,0.12276585598473892
Opus 4.8,992.0,1405.0,241.0231698388636,0.12276585598473892
Opus 4.8,993.0,1405.0,242.14705968770843,0.12276585598473892
Opus 4.8,994.0,1405.0,243.27619022935963,0.12276585598473892
Opus 4.8,995.0,1405.0,244.4105859011418,0.12276585598473892
Opus 4.8,996.0,1405.0,245.55027125433068,0.12276585598473892
Opus 4.8,997.0,1405.0,246.69527095468456,0.12276585598473892
Opus 4.8,998.0,1405.0,247.8456097829777,0.12276585598473892
Opus 4.8,999.0,1405.0,249.00131263553777,0.12276585598473892
Opus 4.8,1000.0,1405.0,250.1624045247832,0.12276585598473892
Opus 4.8,1001.0,1405.0,251.3289105797653,0.12276585598473892
Opus 4.8,1002.0,1405.0,252.50085604671222,0.12276585598473892
Opus 4.8,1003.0,1405.0,253.678266289575,0.12276585598473892
Opus 4.8,1004.0,1405.0,254.8611667905767,0.12276585598473892
Opus 4.8,1005.0,1405.0,256.0495831507639,0.12276585598473892
Opus 4.8,1006.0,1405.0,257.24354109056065,0.12276585598473892
Opus 4.8,1007.0,1405.0,258.4430664503253,0.12276585598473892
Opus 4.8,1008.0,1405.0,259.64818519090966,0.12276585598473892
Opus 4.8,1009.0,1405.0,260.85892339422077,0.12276585598473892
Opus 4.8,1010.0,1405.0,262.0753072637855,0.12276585598473892
Opus 4.8,1011.0,1405.0,263.2973631253175,0.12276585598473892
Opus 4.8,1012.0,1405.0,264.5251174272876,0.12276585598473892
Opus 4.8,1013.0,1405.0,265.7585967414954,0.12276585598473892
Opus 4.8,1014.0,1405.0,266.9978277636444,0.12276585598473892
Opus 4.8,1015.0,1405.0,268.24283731392046,0.12276585598473892
Opus 4.8,1016.0,1405.0,269.4936523375715,0.12276585598473892
Opus 4.8,1017.0,1405.0,270.75029990549126,0.12276585598473892
Opus 4.8,1018.0,1405.0,272.0128072148048,0.12276585598473892
Opus 4.8,1019.0,1405.0,273.28120158945717,0.12276585598473892
Opus 4.8,1020.0,1405.0,274.5555104808051,0.12276585598473892
Opus 4.8,1021.0,1405.0,275.8357614682105,0.12276585598473892
Opus 4.8,1022.0,1405.0,277.121982259638,0.12276585598473892
Opus 4.8,1023.0,1405.0,278.4142006922542,0.12276585598473892
Opus 4.8,1024.0,1405.0,279.71244473303034,0.12276585598473892
Opus 4.8,1025.0,1405.0,281.0167424793471,0.12276585598473892
Opus 4.8,1026.0,1405.0,282.32712215960413,0.12276585598473892
Opus 4.8,1027.0,1405.0,283.643612133829,0.12276585598473892
Opus 4.8,1028.0,1405.0,284.9662408942922,0.12276585598473892
Opus 4.8,1029.0,1405.0,286.29503706612365,0.12276585598473892
Opus 4.8,1030.0,1405.0,287.6300294079321,0.12276585598473892
Opus 4.8,1031.0,1405.0,288.9712468124274,0.12276585598473892
Opus 4.8,1032.0,1405.0,290.3187183070462,0.12276585598473892
Opus 4.8,1033.0,1405.0,291.67247305457965,0.12276585598473892
Opus 4.8,1034.0,1405.0,293.0325403538052,0.12276585598473892
Opus 4.8,1035.0,1405.0,294.39894964012,0.12276585598473892
Opus 4.8,1036.0,1405.0,295.77173048617857,0.12276585598473892
Opus 4.8,1037.0,1405.0,297.15091260253246,0.12276585598473892
Opus 4.8,1038.0,1405.0,298.5365258382734,0.12276585598473892
Opus 4.8,1039.0,1405.0,299.928600181679,0.12276585598473892
Opus 4.8,1040.0,1405.0,301.3271657608629,0.12276585598473892
Opus 4.8,1041.0,1405.0,302.73225284442515,0.12276585598473892
Opus 4.8,1042.0,1405.0,304.1438918421084,0.12276585598473892
Opus 4.8,1043.0,1405.0,305.56211330545585,0.12276585598473892
Opus 4.8,1044.0,1405.0,306.98694792847226,0.12276585598473892
Opus 4.8,1045.0,1405.0,308.4184265482885,0.12276585598473892
Opus 4.8,1046.0,1405.0,309.8565801458288,0.12276585598473892
Opus 4.8,1047.0,1405.0,311.3014398464812,0.12276585598473892
Opus 4.8,1048.0,1405.0,312.75303692077136,0.12276585598473892
Opus 4.8,1049.0,1405.0,314.2114027850393,0.12276585598473892
Opus 4.8,1050.0,1405.0,315.67656900211915,0.12276585598473892
Opus 4.8,1051.0,1405.0,317.1485672820225,0.12276585598473892
Opus 4.8,1052.0,1405.0,318.62742948262405,0.12276585598473892
Opus 4.8,1053.0,1405.0,320.11318761035284,0.12276585598473892
Opus 4.8,1054.0,1405.0,321.6058738208826,0.12276585598473892
Opus 4.8,1055.0,1405.0,323.10552041982913,0.12276585598473892
Opus 4.8,1056.0,1405.0,324.6121598634492,0.12276585598473892
Opus 4.8,1057.0,1405.0,326.125824759343,0.12276585598473892
Opus 4.8,1058.0,1405.0,327.64654786715965,0.12276585598473892
Opus 4.8,1059.0,1405.0,329.17436209930645,0.12276585598473892
Opus 4.8,1060.0,1405.0,330.70930052166113,0.12276585598473892
Opus 4.8,1061.0,1405.0,332.25139635428735,0.12276585598473892
Opus 4.8,1062.0,1405.0,333.8006829721538,0.12276585598473892
Opus 4.8,1063.0,1405.0,335.35719390585655,0.12276585598473892
Opus 4.8,1064.0,1405.0,336.9209628423445,0.12276585598473892
Opus 4.8,1065.0,1405.0,338.49202362564887,0.12276585598473892
Opus 4.8,1066.0,1405.0,340.07041025761487,0.12276585598473892
Opus 4.8,1067.0,1405.0,341.65615689863927,0.12276585598473892
Opus 4.8,1068.0,1405.0,343.24929786840755,0.12276585598473892
Opus 4.8,1069.0,1405.0,344.84986764663813,0.12276585598473892
Opus 4.8,1070.0,1405.0,346.4579008738281,0.12276585598473892
Opus 4.8,1071.0,1405.0,348.07343235200307,0.12276585598473892
Opus 4.8,1072.0,1405.0,349.6964970454702,0.12276585598473892
Opus 4.8,1073.0,1405.0,351.32713008157526,0.12276585598473892
Opus 4.8,1074.0,1405.0,352.96536675146245,0.12276585598473892
Opus 4.8,1075.0,1405.0,354.6112425108385,0.12276585598473892
Opus 4.8,1076.0,1405.0,356.2647929807399,0.12276585598473892
Opus 4.8,1077.0,1405.0,357.92605394830395,0.12276585598473892
Opus 4.8,1078.0,1405.0,359.59506136754305,0.12276585598473892
Opus 4.8,1079.0,1405.0,361.2718513601231,0.12276585598473892
Opus 4.8,1080.0,1405.0,362.95646021614465,0.12276585598473892
Opus 4.8,1081.0,1405.0,364.64892439493,0.12276585598473892
Opus 4.8,1082.0,1405.0,366.34928052581006,0.12276585598473892
Opus 4.8,1083.0,1405.0,368.0575654089183,0.12276585598473892
Opus 4.8,1084.0,1405.0,369.7738160159873,0.12276585598473892
Opus 4.8,1085.0,1405.0,371.49806949114827,0.12276585598473892
Opus 4.8,1086.0,1405.0,373.23036315173573,0.12276585598473892
Opus 4.8,1087.0,1405.0,374.9707344890945,0.12276585598473892
Opus 4.8,1088.0,1405.0,376.7192211693914,0.12276585598473892
Opus 4.8,1089.0,1405.0,378.4758610344304,0.12276585598473892
Opus 4.8,1090.0,1405.0,380.24069210247166,0.12276585598473892
Opus 4.8,1091.0,1405.0,382.0137525690542,0.12276585598473892
Opus 4.8,1092.0,1405.0,383.7950808078228,0.12276585598473892
Opus 4.8,1093.0,1405.0,385.5847153713582,0.12276585598473892
Opus 4.8,1094.0,1405.0,387.38269499201135,0.12276585598473892
Opus 4.8,1095.0,1405.0,389.1890585827431,0.12276585598473892
Opus 4.8,1096.0,1405.0,391.0038452379641,0.12276585598473892
Opus 4.8,1097.0,1405.0,392.8270942343823,0.12276585598473892
Opus 4.8,1098.0,1405.0,394.65884503185293,0.12276585598473892
Opus 4.8,1099.0,1405.0,396.4991372742322,0.12276585598473892
Opus 4.8,1100.0,1405.0,398.34801079023555,0.12276585598473892
Opus 4.8,1101.0,1405.0,400.2055055942994,0.12276585598473892
Opus 4.8,1102.0,1405.0,402.0716618874473,0.12276585598473892
Opus 4.8,1103.0,1405.0,403.94652005816,0.12276585598473892
Opus 4.8,1104.0,1405.0,405.8301206832496,0.12276585598473892
Opus 4.8,1105.0,1405.0,407.72250452873766,0.12276585598473892
Opus 4.8,1106.0,1405.0,409.62371255073737,0.12276585598473892
Opus 4.8,1107.0,1405.0,411.53378589633974,0.12276585598473892
Opus 4.8,1108.0,1405.0,413.4527659045058,0.12276585598473892
Opus 4.8,1109.0,1405.0,415.38069410695846,0.12276585598473892
Opus 4.8,1110.0,1405.0,417.3176122290836,0.12276585598473892
Opus 4.8,1111.0,1405.0,419.2635621908321,0.12276585598473892
Opus 4.8,1112.0,1405.0,421.2185861076274,0.12276585598473892
Opus 4.8,1113.0,1405.0,423.1827262912771,0.12276585598473892
Opus 4.8,1114.0,1405.0,425.15602525088843,0.12276585598473892
Opus 4.8,1115.0,1405.0,427.1385256937884,0.12276585598473892
Opus 4.8,1116.0,1405.0,429.130270526448,0.12276585598473892
Opus 4.8,1117.0,1405.0,431.13130285541104,0.12276585598473892
Opus 4.8,1118.0,1405.0,433.1416659882268,0.12276585598473892
Opus 4.8,1119.0,1405.0,435.1614034343875,0.12276585598473892
Opus 4.8,1120.0,1405.0,437.19055890627,0.12276585598473892
Opus 4.8,1121.0,1405.0,439.2291763200811,0.12276585598473892
Opus 4.8,1122.0,1405.0,441.2772997968101,0.12276585598473892
Opus 4.8,1123.0,1405.0,443.33497366318096,0.12276585598473892
Opus 4.8,1124.0,1405.0,445.40224245261334,0.12276585598473892
Opus 4.8,1125.0,1405.0,447.479150906186,0.12276585598473892
Opus 4.8,1126.0,1405.0,449.5657439736052,0.12276585598473892
Opus 4.8,1127.0,1405.0,451.66206681417736,0.12276585598473892
Opus 4.8,1128.0,1405.0,453.7681647977866,0.12276585598473892
Opus 4.8,1129.0,1405.0,455.8840835058765,0.12276585598473892
Opus 4.8,1130.0,1405.0,458.0098687324368,0.12276585598473892
Opus 4.8,1131.0,1405.0,460.1455664849943,0.12276585598473892
Opus 4.8,1132.0,1405.0,462.29122298560867,0.12276585598473892
Opus 4.8,1133.0,1405.0,464.4468846718729,0.12276585598473892
Opus 4.8,1134.0,1405.0,466.61259819791815,0.12276585598473892
Opus 4.8,1135.0,1405.0,468.78841043542315,0.12276585598473892
Opus 4.8,1136.0,1405.0,470.9743684746304,0.12276585598473892
Opus 4.8,1137.0,1405.0,473.1705196253626,0.12276585598473892
Opus 4.8,1138.0,1405.0,475.37691141804845,0.12276585598473892
Opus 4.8,1139.0,1405.0,477.5935916047506,0.12276585598473892
Opus 4.8,1140.0,1405.0,479.8206081601995,0.12276585598473892
Opus 4.8,1141.0,1405.0,482.05800928283156,0.12276585598473892
Opus 4.8,1142.0,1405.0,484.30584339583214,0.12276585598473892
Opus 4.8,1143.0,1405.0,486.5641591481837,0.12276585598473892
Opus 4.8,1144.0,1405.0,488.83300541571873,0.12276585598473892
Opus 4.8,1145.0,1405.0,491.11243130217747,0.12276585598473892
Opus 4.8,1146.0,1405.0,493.4024861402706,0.12276585598473892
Opus 4.8,1147.0,1405.0,495.70321949274694,0.12276585598473892
Opus 4.8,1148.0,1405.0,498.0146811534659,0.12276585598473892
Opus 4.8,1149.0,1405.0,500.3369211484767,0.12276585598473892
Opus 4.8,1150.0,1405.0,502.6699897370982,0.12276585598473892
Opus 4.8,1151.0,1405.0,505.01393741300905,0.12276585598473892
Opus 4.8,1152.0,1405.0,507.3688149053394,0.12276585598473892
Opus 4.8,1153.0,1405.0,509.73467317976906,0.12276585598473892
Opus 4.8,1154.0,1405.0,512.1115634396307,0.12276585598473892
Opus 4.8,1155.0,1405.0,514.4995371270179,0.12276585598473892
Opus 4.8,1156.0,1405.0,516.8986459238984,0.12276585598473892
Opus 4.8,1157.0,1405.0,519.3089417532325,0.12276585598473892
Opus 4.8,1158.0,1405.0,521.7304767800974,0.12276585598473892
Opus 4.8,1159.0,1405.0,524.1633034128156,0.12276585598473892
Opus 4.8,1160.0,1405.0,526.6074743040891,0.12276585598473892
Opus 4.8,1161.0,1405.0,529.0630423521397,0.12276585598473892
Opus 4.8,1162.0,1405.0,531.5300607018524,0.12276585598473892
Opus 4.8,1163.0,1405.0,534.0085827459285,0.12276585598473892
Opus 4.8,1164.0,1405.0,536.4986621260371,0.12276585598473892
Opus 4.8,1165.0,1405.0,539.0003527339791,0.12276585598473892
Opus 4.8,1166.0,1405.0,541.5137087128523,0.12276585598473892
Opus 4.8,1167.0,1405.0,544.038784458224,0.12276585598473892
Opus 4.8,1168.0,1405.0,546.5756346193072,0.12276585598473892
Opus 4.8,1169.0,1405.0,549.1243141001439,0.12276585598473892
Opus 4.8,1170.0,1405.0,551.6848780607941,0.12276585598473892
Opus 4.8,1171.0,1405.0,554.2573819185279,0.12276585598473892
Opus 4.8,1172.0,1405.0,556.8418813490267,0.12276585598473892
Opus 4.8,1173.0,1405.0,559.4384322875868,0.12276585598473892
Opus 4.8,1174.0,1405.0,562.0470909303308,0.12276585598473892
Opus 4.8,1175.0,1405.0,564.6679137354232,0.12276585598473892
Opus 4.8,1176.0,1405.0,567.3009574242926,0.12276585598473892
Opus 4.8,1177.0,1405.0,569.9462789828605,0.12276585598473892
Opus 4.8,1178.0,1405.0,572.6039356627721,0.12276585598473892
Opus 4.8,1179.0,1405.0,575.2739849826372,0.12276585598473892
Opus 4.8,1180.0,1405.0,577.9564847292746,0.12276585598473892
Opus 4.8,1181.0,1405.0,580.6514929589629,0.12276585598473892
Opus 4.8,1182.0,1405.0,583.3590679986964,0.12276585598473892
Opus 4.8,1183.0,1405.0,586.0792684474486,0.12276585598473892
Opus 4.8,1184.0,1405.0,588.8121531774389,0.12276585598473892
Opus 4.8,1185.0,1405.0,591.5577813354082,0.12276585598473892
Opus 4.8,1186.0,1405.0,594.3162123438981,0.12276585598473892
Opus 4.8,1187.0,1405.0,597.0875059025371,0.12276585598473892
Opus 4.8,1188.0,1405.0,599.8717219893332,0.12276585598473892
Opus 4.8,1189.0,1405.0,602.6689208619705,0.12276585598473892
Opus 4.8,1190.0,1405.0,605.4791630591164,0.12276585598473892
Opus 4.8,1191.0,1405.0,608.3025094017281,0.12276585598473892
Opus 4.8,1192.0,1405.0,611.1390209943709,0.12276585598473892
Opus 4.8,1193.0,1405.0,613.9887592265405,0.12276585598473892
Opus 4.8,1194.0,1405.0,616.851785773992,0.12276585598473892
Opus 4.8,1195.0,1405.0,619.7281626000733,0.12276585598473892
Opus 4.8,1196.0,1405.0,622.6179519570682,0.12276585598473892
Opus 4.8,1197.0,1405.0,625.5212163875415,0.12276585598473892
Opus 4.8,1198.0,1405.0,628.4380187256945,0.12276585598473892
Opus 4.8,1199.0,1405.0,631.3684220987236,0.12276585598473892
Opus 4.8,1200.0,1405.0,634.3124899281872,0.12276585598473892
Opus 4.8,1201.0,1405.0,637.2702859313781,0.12276585598473892
Opus 4.8,1202.0,1405.0,640.2418741227024,0.12276585598473892
Opus 4.8,1203.0,1405.0,643.2273188150646,0.12276585598473892
Opus 4.8,1204.0,1405.0,646.2266846212617,0.12276585598473892
Opus 4.8,1205.0,1405.0,649.2400364553781,0.12276585598473892
Opus 4.8,1206.0,1405.0,652.2674395341928,0.12276585598473892
Opus 4.8,1207.0,1405.0,655.3089593785903,0.12276585598473892
Opus 4.8,1208.0,1405.0,658.3646618149787,0.12276585598473892
Opus 4.8,1209.0,1405.0,661.4346129767143,0.12276585598473892
Opus 4.8,1210.0,1405.0,664.518879305533,0.12276585598473892
Opus 4.8,1211.0,1405.0,667.617527552988,0.12276585598473892
Opus 4.8,1212.0,1405.0,670.7306247818948,0.12276585598473892
Opus 4.8,1213.0,1405.0,673.8582383677824,0.12276585598473892
Opus 4.8,1214.0,1405.0,677.0004360003517,0.12276585598473892
Opus 4.8,1215.0,1405.0,680.1572856849401,0.12276585598473892
Opus 4.8,1216.0,1405.0,683.3288557439939,0.12276585598473892
Opus 4.8,1217.0,1405.0,686.5152148185455,0.12276585598473892
Opus 4.8,1218.0,1405.0,689.7164318697027,0.12276585598473892
Opus 4.8,1219.0,1088.0,692.9325761801358,0.5581306628516919
Opus 4.8,1220.0,1087.0,696.1637173555814,0.5595040534096317
Opus 4.8,1221.0,1087.0,699.4099253263466,0.5595040534096317
Opus 4.8,1222.0,1087.0,702.6712703488237,0.5595040534096317
Opus 4.8,1223.0,1087.0,705.9478230070097,0.5595040534096317
Opus 4.8,1224.0,1087.0,709.2396542140349,0.5595040534096317
Opus 4.8,1225.0,1087.0,712.5468352136968,0.5595040534096317
Opus 4.8,1226.0,1087.0,715.8694375820027,0.5595040534096317
Opus 4.8,1227.0,1087.0,719.2075332287181,0.5595040534096317
Opus 4.8,1228.0,1087.0,722.5611943989238,0.5595040534096317
Opus 4.8,1229.0,1087.0,725.9304936745788,0.5595040534096317
Opus 4.8,1230.0,1087.0,729.3155039760915,0.5595040534096317
Opus 4.8,1231.0,1087.0,732.7162985638969,0.5595040534096317
Opus 4.8,1232.0,1087.0,736.1329510400454,0.5595040534096317
Opus 4.8,1233.0,1087.0,739.5655353497913,0.5595040534096317
Opus 4.8,1234.0,1087.0,743.0141257831958,0.5595040534096317
Opus 4.8,1235.0,1087.0,746.4787969767343,0.5595040534096317
Opus 4.8,1236.0,1087.0,749.9596239149118,0.5595040534096317
Opus 4.8,1237.0,1087.0,753.4566819318858,0.5595040534096317
Opus 4.8,1238.0,1087.0,756.9700467130963,0.5595040534096317
Opus 4.8,1239.0,1087.0,760.4997942969042,0.5595040534096317
Opus 4.8,1240.0,1087.0,764.0460010762371,0.5595040534096317
Opus 4.8,1241.0,1087.0,767.6087438002422,0.5595040534096317
Opus 4.8,1242.0,1087.0,771.188099575948,0.5595040534096317
Opus 4.8,1243.0,1087.0,774.7841458699321,0.5595040534096317
Opus 4.8,1244.0,1087.0,778.396960509998,0.5595040534096317
Opus 4.8,1245.0,1087.0,782.0266216868622,0.5595040534096317
Opus 4.8,1246.0,1087.0,785.6732079558416,0.5595040534096317
Opus 4.8,1247.0,1087.0,789.336798238557,0.5595040534096317
Opus 4.8,1248.0,1087.0,793.0174718246404,0.5595040534096317
Opus 4.8,1249.0,1087.0,796.715308373451,0.5595040534096317
Opus 4.8,1250.0,1087.0,800.4303879157989,0.5595040534096317
Opus 4.8,1251.0,1087.0,804.1627908556777,0.5595040534096317
Opus 4.8,1252.0,1087.0,807.9125979720046,0.5595040534096317
Opus 4.8,1253.0,1087.0,811.6798904203682,0.5595040534096317
Opus 4.8,1254.0,1087.0,815.4647497347852,0.5595040534096317
Opus 4.8,1255.0,1087.0,819.2672578294653,0.5595040534096317
Opus 4.8,1256.0,1087.0,823.0874970005834,0.5595040534096317
Opus 4.8,1257.0,1087.0,826.9255499280614,0.5595040534096317
Opus 4.8,1258.0,1087.0,830.7814996773561,0.5595040534096317
Opus 4.8,1259.0,1087.0,834.6554297012608,0.5595040534096317
Opus 4.8,1260.0,1087.0,838.5474238417064,0.5595040534096317
Opus 4.8,1261.0,1087.0,842.4575663315788,0.5595040534096317
Opus 4.8,1262.0,1087.0,846.3859417965418,0.5595040534096317
Opus 4.8,1263.0,1087.0,850.332635256868,0.5595040534096317
Opus 4.8,1264.0,1087.0,854.297732129279,0.5595040534096317
Opus 4.8,1265.0,1087.0,858.2813182287946,0.5595040534096317
Opus 4.8,1266.0,1087.0,862.2834797705891,0.5595040534096317
Opus 4.8,1267.0,1087.0,866.304303371858,0.5595040534096317
Opus 4.8,1268.0,1087.0,870.3438760536926,0.5595040534096317
Opus 4.8,1269.0,1087.0,874.4022852429625,0.5595040534096317
Opus 4.8,1270.0,1087.0,878.4796187742089,0.5595040534096317
Opus 4.8,1271.0,1087.0,882.5759648915448,0.5595040534096317
Opus 4.8,1272.0,1087.0,886.6914122505642,0.5595040534096317
Opus 4.8,1273.0,1087.0,890.8260499202644,0.5595040534096317
Opus 4.8,1274.0,1087.0,894.9799673849682,0.5595040534096317
Opus 4.8,1275.0,1087.0,899.1532545462644,0.5595040534096317
Opus 4.8,1276.0,1087.0,903.3460017249525,0.5595040534096317
Opus 4.8,1277.0,1087.0,907.5582996629972,0.5595040534096317
Opus 4.8,1278.0,1087.0,911.7902395254928,0.5595040534096317
Opus 4.8,1279.0,1087.0,916.0419129026358,0.5595040534096317
Opus 4.8,1280.0,1087.0,920.3134118117074,0.5595040534096317
Opus 4.8,1281.0,1087.0,924.6048286990649,0.5595040534096317
Opus 4.8,1282.0,1087.0,928.9162564421426,0.5595040534096317
Opus 4.8,1283.0,1087.0,933.2477883514617,0.5595040534096317
Opus 4.8,1284.0,1087.0,937.5995181726499,0.5595040534096317
Opus 4.8,1285.0,1087.0,941.9715400884695,0.5595040534096317
Opus 4.8,1286.0,1087.0,946.3639487208593,0.5595040534096317
Opus 4.8,1287.0,1087.0,950.7768391329769,0.5595040534096317
Opus 4.8,1288.0,1087.0,955.2103068312597,0.5595040534096317
Opus 4.8,1289.0,1086.5,959.6644477674914,0.5601907486886017
Opus 4.8,1290.0,1086.5,964.1393583408784,0.5601907486886017
Opus 4.8,1291.0,1086.0,968.6351354001359,0.5608774439675717
Opus 4.8,1292.0,1085.5,973.1518762455844,0.5615641392465417
Opus 4.8,1293.0,1085.0,977.6896786312551,0.5622508345255116
Opus 4.8,1294.0,1085.0,982.2486407670061,0.5622508345255116
Opus 4.8,1295.0,1084.0,986.8288613206471,0.5636242250834516
Opus 4.8,1296.0,1084.0,991.4304394200758,0.5636242250834516
Opus 4.8,1297.0,1084.0,996.0534746554224,0.5636242250834516
Opus 4.8,1298.0,1084.0,1000.6980670812057,0.5636242250834516
Opus 4.8,1299.0,1084.0,1005.3643172184969,0.5636242250834516
Opus 4.8,1300.0,1084.0,1010.0523260570999,0.5636242250834516
Opus 4.8,1301.0,1084.0,1014.7621950577301,0.5636242250834516
Opus 4.8,1302.0,1084.0,1019.494026154215,0.5636242250834516
Opus 4.8,1303.0,1084.0,1024.2479217556988,0.5636242250834516
Opus 4.8,1304.0,1084.0,1029.0239847488594,0.5636242250834516
Opus 4.8,1305.0,1084.0,1033.8223185001345,0.5636242250834516
Opus 4.8,1306.0,1084.0,1038.6430268579588,0.5636242250834516
Opus 4.8,1307.0,1084.0,1043.4862141550122,0.5636242250834516
Opus 4.8,1308.0,1084.0,1048.3519852104773,0.5636242250834516
Opus 4.8,1309.0,1084.0,1053.2404453323074,0.5636242250834516
Opus 4.8,1310.0,1084.0,1058.1517003195072,0.5636242250834516
Opus 4.8,1311.0,1084.0,1063.0858564644209,0.5636242250834516
Opus 4.8,1312.0,1084.0,1068.0430205550338,0.5636242250834516
Opus 4.8,1313.0,1084.0,1073.0232998772815,0.5636242250834516
Opus 4.8,1314.0,1084.0,1078.0268022173773,0.5636242250834516
Opus 4.8,1315.0,1084.0,1083.0536358641375,0.5636242250834516
Opus 4.8,1316.0,1084.0,1088.1039096113295,0.5636242250834516
Opus 4.8,1317.0,1084.0,1093.1777327600257,0.5636242250834516
Opus 4.8,1318.0,1084.0,1098.2752151209688,0.5636242250834516
Opus 4.8,1319.0,1084.0,1103.3964670169485,0.5636242250834516
Opus 4.8,1320.0,1084.0,1108.5415992851892,0.5636242250834516
Opus 4.8,1321.0,1084.0,1113.7107232797487,0.5636242250834516
Opus 4.8,1322.0,1084.0,1118.9039508739281,0.5636242250834516
Opus 4.8,1323.0,1084.0,1124.1213944626932,0.5636242250834516
Opus 4.8,1324.0,1084.0,1129.3631669651068,0.5636242250834516
Opus 4.8,1325.0,1084.0,1134.629381826773,0.5636242250834516
Opus 4.8,1326.0,1084.0,1139.920153022291,0.5636242250834516
Opus 4.8,1327.0,1084.0,1145.2355950577266,0.5636242250834516
Opus 4.8,1328.0,1084.0,1150.575822973083,0.5636242250834516
Opus 4.8,1329.0,1084.0,1155.9409523447955,0.5636242250834516
Opus 4.8,1330.0,1084.0,1161.331099288232,0.5636242250834516
Opus 4.8,1331.0,1084.0,1166.746380460206,0.5636242250834516
Opus 4.8,1332.0,1084.0,1172.1869130615005,0.5636242250834516
Opus 4.8,1333.0,1084.0,1177.6528148394057,0.5636242250834516
Opus 4.8,1334.0,1084.0,1183.1442040902666,0.5636242250834516
Opus 4.8,1335.0,1084.0,1188.6611996620436,0.5636242250834516
Opus 4.8,1336.0,1084.0,1194.2039209568843,0.5636242250834516
Opus 4.8,1337.0,1084.0,1199.7724879337084,0.5636242250834516
Opus 4.8,1338.0,1084.0,1205.367021110803,0.5636242250834516
Opus 4.8,1339.0,1084.0,1210.9876415684314,0.5636242250834516
Opus 4.8,1340.0,1084.0,1216.6344709514526,0.5636242250834516
Opus 4.8,1341.0,1084.0,1222.3076314719588,0.5636242250834516
Opus 4.8,1342.0,1084.0,1228.0072459119122,0.5636242250834516
Opus 4.8,1343.0,1084.0,1233.7334376258084,0.5636242250834516
Opus 4.8,1344.0,1084.0,1239.4863305433444,0.5636242250834516
Opus 4.8,1345.0,1084.0,1245.2660491721008,0.5636242250834516
Opus 4.8,1346.0,1084.0,1251.0727186002364,0.5636242250834516
Opus 4.8,1347.0,1084.0,1256.9064644991952,0.5636242250834516
Opus 4.8,1348.0,1084.0,1262.7674131264268,0.5636242250834516
Opus 4.8,1349.0,1084.0,1268.6556913281186,0.5636242250834516
Opus 4.8,1350.0,1084.0,1274.5714265419413,0.5636242250834516
Opus 4.8,1351.0,1084.0,1280.5147467998063,0.5636242250834516
Opus 4.8,1352.0,1084.0,1286.4857807306378,0.5636242250834516
Opus 4.8,1353.0,1084.0,1292.4846575631557,0.5636242250834516
Opus 4.8,1354.0,1084.0,1298.5115071286716,0.5636242250834516
Opus 4.8,1355.0,1084.0,1304.5664598639037,0.5636242250834516
Opus 4.8,1356.0,1084.0,1310.649646813792,0.5636242250834516
Opus 4.8,1357.0,1084.0,1316.7611996343398,0.5636242250834516
Opus 4.8,1358.0,1084.0,1322.901250595462,0.5636242250834516
Opus 4.8,1359.0,1084.0,1329.0699325838466,0.5636242250834516
Opus 4.8,1360.0,1084.0,1335.2673791058326,0.5636242250834516
Opus 4.8,1361.0,1084.0,1341.4937242902975,0.5636242250834516
Opus 4.8,1362.0,1084.0,1347.749102891562,0.5636242250834516
Opus 4.8,1363.0,1084.0,1354.0336502923044,0.5636242250834516
Opus 4.8,1364.0,1084.0,1360.347502506493,0.5636242250834516
Opus 4.8,1365.0,1084.0,1366.6907961823276,0.5636242250834516
Opus 4.8,1366.0,1084.0,1373.0636686051985,0.5636242250834516
Opus 4.8,1367.0,1084.0,1379.466257700655,0.5636242250834516
Opus 4.8,1368.0,1084.0,1385.8987020373977,0.5636242250834516
Opus 4.8,1369.0,1084.0,1392.3611408302672,0.5636242250834516
Opus 4.8,1370.0,1084.0,1398.8537139432644,0.5636242250834516
Opus 4.8,1371.0,1084.0,1405.376561892575,0.5636242250834516
Opus 4.8,1372.0,1084.0,1411.9298258496106,0.5636242250834516
Opus 4.8,1373.0,1084.0,1418.5136476440653,0.5636242250834516
Opus 4.8,1374.0,1084.0,1425.1281697669833,0.5636242250834516
Opus 4.8,1375.0,1084.0,1431.7735353738449,0.5636242250834516
Opus 4.8,1376.0,1084.0,1438.449888287663,0.5636242250834516
Opus 4.8,1377.0,1084.0,1445.1573730020966,0.5636242250834516
Opus 4.8,1378.0,1084.0,1451.8961346845779,0.5636242250834516
Opus 4.8,1379.0,1084.0,1458.6663191794544,0.5636242250834516
Opus 4.8,1380.0,1084.0,1465.4680730111447,0.5636242250834516
Opus 4.8,1381.0,1084.0,1472.301543387309,0.5636242250834516
Opus 4.8,1382.0,1084.0,1479.1668782020402,0.5636242250834516
Opus 4.8,1383.0,1084.0,1486.064226039056,0.5636242250834516
Opus 4.8,1384.0,1084.0,1492.9937361749212,0.5636242250834516
Opus 4.8,1385.0,1084.0,1499.9555585822761,0.5636242250834516
Opus 4.8,1386.0,1084.0,1506.949843933083,0.5636242250834516
Opus 4.8,1387.0,1084.0,1513.9767436018867,0.5636242250834516
Opus 4.8,1388.0,1084.0,1521.0364096690905,0.5636242250834516
Opus 4.8,1389.0,1084.0,1528.1289949242482,0.5636242250834516
Opus 4.8,1390.0,1084.0,1535.2546528693704,0.5636242250834516
Opus 4.8,1391.0,1084.0,1542.4135377222467,0.5636242250834516
Opus 4.8,1392.0,1084.0,1549.605804419784,0.5636242250834516
Opus 4.8,1393.0,1084.0,1556.8316086213583,0.5636242250834516
Opus 4.8,1394.0,1084.0,1564.0911067121854,0.5636242250834516
Opus 4.8,1395.0,1084.0,1571.3844558067026,0.5636242250834516
Opus 4.8,1396.0,1084.0,1578.7118137519758,0.5636242250834516
Opus 4.8,1397.0,1084.0,1586.0733391311062,0.5636242250834516
Opus 4.8,1398.0,1084.0,1593.469191266669,0.5636242250834516
Opus 4.8,1399.0,1084.0,1600.89953022416,0.5636242250834516
Opus 4.8,1400.0,1084.0,1608.3645168154585,0.5636242250834516
Opus 4.8,1401.0,1084.0,1615.86431260231,0.5636242250834516
Opus 4.8,1402.0,1084.0,1623.3990798998213,0.5636242250834516
Opus 4.8,1403.0,1084.0,1630.9689817799735,0.5636242250834516
Opus 4.8,1404.0,1084.0,1638.5741820751518,0.5636242250834516
Opus 4.8,1405.0,1084.0,1646.2148453816908,0.5636242250834516
Opus 4.8,1406.0,1084.0,1653.8911370634369,0.5636242250834516
Opus 4.8,1407.0,1084.0,1661.6032232553277,0.5636242250834516
Opus 4.8,1408.0,1084.0,1669.3512708669869,0.5636242250834516
Opus 4.8,1409.0,1084.0,1677.1354475863352,0.5636242250834516
Opus 4.8,1410.0,1084.0,1684.9559218832267,0.5636242250834516
Opus 4.8,1411.0,1084.0,1692.812863013084,0.5636242250834516
Opus 4.8,1412.0,1084.0,1700.706441020569,0.5636242250834516
Opus 4.8,1413.0,1084.0,1708.6368267432608,0.5636242250834516
Opus 4.8,1414.0,1084.0,1716.6041918153535,0.5636242250834516
Opus 4.8,1415.0,1084.0,1724.6087086713703,0.5636242250834516
Opus 4.8,1416.0,1084.0,1732.6505505498958,0.5636242250834516
Opus 4.8,1417.0,1084.0,1740.7298914973258,0.5636242250834516
Opus 4.8,1418.0,1084.0,1748.8469063716325,0.5636242250834516
Opus 4.8,1419.0,1084.0,1757.001770846151,0.5636242250834516
Opus 4.8,1420.0,1084.0,1765.1946614133797,0.5636242250834516
Opus 4.8,1421.0,1084.0,1773.425755388801,0.5636242250834516
Opus 4.8,1422.0,1084.0,1781.6952309147164,0.5636242250834516
Opus 4.8,1423.0,1084.0,1790.0032669641096,0.5636242250834516
Opus 4.8,1424.0,1084.0,1798.3500433445092,0.5636242250834516
Opus 4.8,1425.0,1084.0,1806.735740701887,0.5636242250834516
Opus 4.8,1426.0,1084.0,1815.160540524566,0.5636242250834516
Opus 4.8,1427.0,1084.0,1823.624625147149,0.5636242250834516
Opus 4.8,1428.0,1084.0,1832.1281777544627,0.5636242250834516
Opus 4.8,1429.0,1084.0,1840.6713823855257,0.5636242250834516
Opus 4.8,1430.0,1084.0,1849.2544239375281,0.5636242250834516
Opus 4.8,1431.0,1084.0,1857.8774881698353,0.5636242250834516
Opus 4.8,1432.0,1084.0,1866.5407617080075,0.5636242250834516
Opus 4.8,1433.0,1084.0,1875.2444320478394,0.5636242250834516
Opus 4.8,1434.0,1084.0,1883.9886875594168,0.5636242250834516
Opus 4.8,1435.0,1084.0,1892.7737174911954,0.5636242250834516
Opus 4.8,1436.0,1084.0,1901.5997119740925,0.5636242250834516
Opus 4.8,1437.0,1084.0,1910.4668620256116,0.5636242250834516
Opus 4.8,1438.0,1084.0,1919.3753595539633,0.5636242250834516
Opus 4.8,1439.0,1084.0,1928.325397362228,0.5636242250834516
Opus 4.8,1440.0,1084.0,1937.3171691525251,0.5636242250834516
Opus 4.8,1441.0,1084.0,1946.3508695302066,0.5636242250834516
Opus 4.8,1442.0,1084.0,1955.4266940080681,0.5636242250834516
Opus 4.8,1443.0,1084.0,1964.5448390105805,0.5636242250834516
Opus 4.8,1444.0,1084.0,1973.7055018781407,0.5636242250834516
Opus 4.8,1445.0,1084.0,1982.908880871343,0.5636242250834516
Opus 4.8,1446.0,1084.0,1992.1551751752704,0.5636242250834516
Opus 4.8,1447.0,1084.0,2001.444584903804,0.5636242250834516
Opus 4.8,1448.0,1022.0,2010.7773111039562,0.6487744396757262
Opus 4.8,1449.0,1021.0,2020.1535557602194,0.6501478302336662
Opus 4.8,1450.0,1021.0,2029.5735217989372,0.6501478302336662
Opus 4.8,1451.0,1021.0,2039.0374130927041,0.6501478302336662
Opus 4.8,1452.0,1021.0,2048.5454344647646,0.6501478302336662
Opus 4.8,1453.0,1021.0,2058.097791693456,0.6501478302336662
Opus 4.8,1454.0,1021.0,2067.6946915166586,0.6501478302336662
Opus 4.8,1455.0,1021.0,2077.33634163627,0.6501478302336662
Opus 4.8,1456.0,1021.0,2087.0229507227004,0.6501478302336662
Opus 4.8,1457.0,1021.0,2096.7547284193906,0.6501478302336662
Opus 4.8,1458.0,1021.0,2106.531885347347,0.6501478302336662
Opus 4.8,1459.0,1021.0,2116.3546331096995,0.6501478302336662
Opus 4.8,1460.0,1021.0,2126.223184296284,0.6501478302336662
Opus 4.8,1461.0,1021.0,2136.137752488242,0.6501478302336662
Opus 4.8,1462.0,1021.0,2146.09855226264,0.6501478302336662
Opus 4.8,1463.0,1021.0,2156.105799197118,0.6501478302336662
Opus 4.8,1464.0,1021.0,2166.159709874557,0.6501478302336662
Opus 4.8,1465.0,1021.0,2176.2605018877575,0.6501478302336662
Opus 4.8,1466.0,1021.0,2186.4083938441568,0.6501478302336662
Opus 4.8,1467.0,1021.0,2196.6036053705566,0.6501478302336662
Opus 4.8,1468.0,1021.0,2206.8463571178777,0.6501478302336662
Opus 4.8,1469.0,1021.0,2217.136870765936,0.6501478302336662
Opus 4.8,1470.0,1021.0,2227.4753690282373,0.6501478302336662
Opus 4.8,1471.0,1021.0,2237.8620756568007,0.6501478302336662
Opus 4.8,1472.0,1021.0,2248.2972154470003,0.6501478302336662
Opus 4.8,1473.0,1021.0,2258.7810142424287,0.6501478302336662
Opus 4.8,1474.0,1021.0,2269.3136989397867,0.6501478302336662
Opus 4.8,1475.0,1021.0,2279.8954974937933,0.6501478302336662
Opus 4.8,1476.0,1021.0,2290.5266389221188,0.6501478302336662
Opus 4.8,1477.0,1021.0,2301.2073533103403,0.6501478302336662
Opus 4.8,1478.0,1021.0,2311.937871816929,0.6501478302336662
Opus 4.8,1479.0,1021.0,2322.71842667824,0.6501478302336662
Opus 4.8,1480.0,1021.0,2333.5492512135484,0.6501478302336662
Opus 4.8,1481.0,1021.0,2344.430579830095,0.6501478302336662
Opus 4.8,1482.0,1021.0,2355.362648028161,0.6501478302336662
Opus 4.8,1483.0,1021.0,2366.345692406164,0.6501478302336662
Opus 4.8,1484.0,1021.0,2377.3799506657783,0.6501478302336662
Opus 4.8,1485.0,1021.0,2388.465661617082,0.6501478302336662
Opus 4.8,1486.0,1021.0,2399.6030651837204,0.6501478302336662
Opus 4.8,1487.0,1021.0,2410.792402408104,0.6501478302336662
Opus 4.8,1488.0,1021.0,2422.0339154566223,0.6501478302336662
Opus 4.8,1489.0,1021.0,2433.3278476248843,0.6501478302336662
Opus 4.8,1490.0,1021.0,2444.6744433429863,0.6501478302336662
Opus 4.8,1491.0,1021.0,2456.0739481807987,0.6501478302336662
Opus 4.8,1492.0,1021.0,2467.5266088532894,0.6501478302336662
Opus 4.8,1493.0,1021.0,2479.032673225851,0.6501478302336662
Opus 4.8,1494.0,1021.0,2490.5923903196717,0.6501478302336662
Opus 4.8,1495.0,1021.0,2502.206010317126,0.6501478302336662
Opus 4.8,1496.0,1021.0,2513.873784567187,0.6501478302336662
Opus 4.8,1497.0,1021.0,2525.595965590867,0.6501478302336662
Opus 4.8,1498.0,974.0,2537.3728070866814,0.7146971864568421
Opus 4.8,1499.0,973.0,2549.2045639361418,0.716070577014782
Opus 4.8,1500.0,972.0,2561.091492209271,0.717443967572722
Opus 4.8,1501.0,972.0,2573.033849170144,0.717443967572722
Opus 4.8,1502.0,972.0,2585.0318932824584,0.717443967572722
Opus 4.8,1503.0,974.0,2597.0858842151256,0.7146971864568421
Opus 4.8,1504.0,972.0,2609.196082847889,0.717443967572722
Opus 4.8,1505.0,972.0,2621.362751276982,0.717443967572722
Opus 4.8,1506.0,972.0,2633.5861528207834,0.717443967572722
Opus 4.8,1507.0,972.0,2645.8665520255254,0.717443967572722
Opus 4.8,1508.0,972.0,2658.2042146710196,0.717443967572722
Opus 4.8,1509.0,972.0,2670.599407776407,0.717443967572722
Opus 4.8,1510.0,972.0,2683.052399605938,0.717443967572722
Opus 4.8,1511.0,972.0,2695.5634596747764,0.717443967572722
Opus 4.8,1512.0,972.0,2708.1328587548355,0.717443967572722
Opus 4.8,1513.0,972.0,2720.7608688806363,0.717443967572722
Opus 4.8,1514.0,972.0,2733.4477633551946,0.717443967572722
Opus 4.8,1515.0,972.0,2746.193816755938,0.717443967572722
Opus 4.8,1516.0,972.0,2758.9993049406457,0.717443967572722
Opus 4.8,1517.0,972.0,2771.864505053423,0.717443967572722
Opus 4.8,1518.0,972.0,2784.7896955306906,0.717443967572722
Opus 4.8,1519.0,972.0,2797.7751561072278,0.717443967572722
Opus 4.8,1520.0,972.0,2810.821167822207,0.717443967572722
Opus 4.8,1521.0,972.0,2823.928013025287,0.717443967572722
Opus 4.8,1522.0,972.0,2837.0959753827215,0.717443967572722
Opus 4.8,1523.0,972.0,2850.325339883499,0.717443967572722
Opus 4.8,1524.0,972.0,2863.6163928455107,0.717443967572722
Opus 4.8,1525.0,972.0,2876.9694219217463,0.717443967572722
Opus 4.8,1526.0,972.0,2890.384716106519,0.717443967572722
Opus 4.8,1527.0,972.0,2903.862565741723,0.717443967572722
Opus 4.8,1528.0,936.0,2917.4032625231134,0.7668860276585588
Opus 4.8,1529.0,935.0,2931.0070995066226,0.7682594182164988
Opus 4.8,1530.0,934.0,2944.6743711147005,0.7696328087744387
Opus 4.8,1531.0,934.0,2958.405373142688,0.7696328087744387
Opus 4.8,1532.0,934.0,2972.2004027652147,0.7696328087744387
Opus 4.8,1533.0,934.5,2986.059758542643,0.7689461134954687
Opus 4.8,1534.0,934.0,2999.9837404275127,0.7696328087744387
Opus 4.8,1535.0,933.5,3013.972649771042,0.7703195040534087
Opus 4.8,1536.0,933.5,3028.026789329651,0.7703195040534087
Opus 4.8,1537.0,933.0,3042.146463271509,0.7710061993323786
Opus 4.8,1538.0,933.0,3056.3319771831216,0.7710061993323786
Opus 4.8,1539.0,933.0,3070.583638075941,0.7710061993323786
Opus 4.8,1540.0,933.0,3084.901754393015,0.7710061993323786
Opus 4.8,1541.0,933.0,3099.2866360156568,0.7710061993323786
Opus 4.8,1542.0,933.0,3113.738594270156,0.7710061993323786
Opus 4.8,1543.0,933.0,3128.2579419345166,0.7710061993323786
Opus 4.8,1544.0,933.0,3142.8449932452227,0.7710061993323786
Opus 4.8,1545.0,933.0,3157.500063904042,0.7710061993323786
Opus 4.8,1546.0,933.0,3172.223471084855,0.7710061993323786
Opus 4.8,1547.0,933.0,3187.015533440533,0.7710061993323786
Opus 4.8,1548.0,933.0,3201.876571109813,0.7710061993323786
Opus 4.8,1549.0,907.0,3216.8069057242415,0.8067143538388164
Opus 4.8,1550.0,907.0,3231.806860415131,0.8067143538388164
Opus 4.8,1551.0,907.0,3246.876759820553,0.8067143538388164
Opus 4.8,1552.0,907.0,3262.0169300923662,0.8067143538388164
Opus 4.8,1553.0,906.0,3277.2276989032725,0.8080877443967563
Opus 4.8,1554.0,523.0,3292.509395453911,1.3340963280877436
Opus 4.8,1555.0,522.0,3307.862350479981,1.3354697186456834
Opus 4.8,1556.0,521.0,3323.2868962594016,1.3368431092036235
Opus 4.8,1557.0,521.0,3338.7833666195,1.3368431092036235
Opus 4.8,1558.0,521.0,3354.352096944242,1.3368431092036235
Opus 4.8,1559.0,521.5,3369.9934241814803,1.3361564139246536
Opus 4.8,1560.0,521.0,3385.707686850267,1.3368431092036235
Opus 4.8,1561.0,521.5,3401.495225048154,1.3361564139246536
Opus 4.8,1562.0,521.0,3417.3563804585724,1.3368431092036235
Opus 4.8,1563.0,521.5,3433.2914963582193,1.3361564139246536
Opus 4.8,1564.0,520.0,3449.30091762449,1.3382164997615633
Opus 4.8,1565.0,520.0,3465.384990742942,1.3382164997615633
Opus 4.8,1566.0,519.5,3481.544063814793,1.3389031950405332
Opus 4.8,1567.0,519.5,3497.778486564454,1.3389031950405332
Opus 4.8,1568.0,519.0,3514.0886103471003,1.3395898903195032
Opus 4.8,1569.0,518.0,3530.4747881562744,1.3409632808774432
Opus 4.8,1570.0,518.0,3546.9373746315255,1.3409632808774432
Opus 4.8,1571.0,518.0,3563.476726066086,1.3409632808774432
Opus 4.8,1572.0,518.0,3580.0932004145816,1.3409632808774432
Opus 4.8,1573.0,518.0,3596.787157300774,1.3409632808774432
Opus 4.8,1574.0,518.0,3613.558958025362,1.3409632808774432
Opus 4.8,1575.0,518.0,3630.408965573774,1.3409632808774432
Opus 4.8,1576.0,518.0,3647.337544624043,1.3409632808774432
Opus 4.8,1577.0,518.0,3664.345061554694,1.3409632808774432
Opus 4.8,1578.0,518.0,3681.4318844526724,1.3409632808774432
Opus 4.8,1579.0,518.0,3698.5983831213116,1.3409632808774432
Opus 4.8,1580.0,518.0,3715.8449290883364,1.3409632808774432
Opus 4.8,1581.0,518.0,3733.171895613903,1.3409632808774432
Opus 4.8,1582.0,518.0,3750.5796576986786,1.3409632808774432
Opus 4.8,1583.0,518.0,3768.0685920919555,1.3409632808774432
Opus 4.8,1584.0,518.0,3785.6390772998066,1.3409632808774432
Opus 4.8,1585.0,518.0,3803.2914935932777,1.3409632808774432
Opus 4.8,1586.0,518.0,3821.0262230166154,1.3409632808774432
Opus 4.8,1587.0,518.0,3838.8436493955332,1.3409632808774432
Opus 4.8,1588.0,518.0,3856.7441583455343,1.3409632808774432
Opus 4.8,1589.0,518.0,3874.7281372802317,1.3409632808774432
Opus 4.8,1590.0,518.0,3892.7959754197523,1.3409632808774432
Opus 4.8,1591.0,518.0,3910.948063799153,1.3409632808774432
Opus 4.8,1592.0,518.0,3929.1847952768853,1.3409632808774432
Opus 4.8,1593.0,518.0,3947.5065645432983,1.3409632808774432
Opus 4.8,1594.0,518.0,3965.9137681291804,1.3409632808774432
Opus 4.8,1595.0,518.0,3984.4068044143405,1.3409632808774432
Opus 4.8,1596.0,518.0,4002.9860736362307,1.3409632808774432
Opus 4.8,1597.0,518.0,4021.651977898608,1.3409632808774432
Opus 4.8,1598.0,518.0,4040.404921180239,1.3409632808774432
Opus 4.8,1599.0,518.0,4059.2453093436384,1.3409632808774432
Opus 4.8,1600.0,518.0,4078.1735501438543,1.3409632808774432
Opus 4.8,1601.0,518.0,4097.190053237306,1.3409632808774432
Opus 4.8,1602.0,518.0,4116.295230190625,1.3409632808774432
Opus 4.8,1603.0,518.0,4135.489494489583,1.3409632808774432
Opus 4.8,1604.0,518.0,4154.773261548031,1.3409632808774432
Opus 4.8,1605.0,518.0,4174.146948716893,1.3409632808774432
Opus 4.8,1606.0,518.0,4193.610975293201,1.3409632808774432
Opus 4.8,1607.0,518.0,4213.165762529164,1.3409632808774432
Opus 4.8,1608.0,518.0,4232.811733641289,1.3409632808774432
Opus 4.8,1609.0,518.0,4252.54931381954,1.3409632808774432
Opus 4.8,1610.0,518.0,4272.378930236539,1.3409632808774432
Opus 4.8,1611.0,518.0,4292.301012056812,1.3409632808774432
Opus 4.8,1612.0,518.0,4312.315990446078,1.3409632808774432
Opus 4.8,1613.0,518.0,4332.424298580577,1.3409632808774432
Opus 4.8,1614.0,518.0,4352.626371656446,1.3409632808774432
Opus 4.8,1615.0,518.0,4372.922646899152,1.3409632808774432
Opus 4.8,1616.0,518.0,4393.313563572929,1.3409632808774432
Opus 4.8,1617.0,518.0,4413.7995629903,1.3409632808774432
Opus 4.8,1618.0,518.0,4434.38108852163,1.3409632808774432
Opus 4.8,1619.0,518.0,4455.058585604715,1.3409632808774432
Opus 4.8,1620.0,518.0,4475.832501754426,1.3409632808774432
Opus 4.8,1621.0,518.0,4496.703286572394,1.3409632808774432
Opus 4.8,1622.0,518.0,4517.671391756741,1.3409632808774432
Opus 4.8,1623.0,518.0,4538.737271111853,1.3409632808774432
Opus 4.8,1624.0,518.0,4559.901380558204,1.3409632808774432
Opus 4.8,1625.0,518.0,4581.164178142226,1.3409632808774432
Opus 4.8,1626.0,518.0,4602.526124046215,1.3409632808774432
Opus 4.8,1627.0,518.0,4623.987680598297,1.3409632808774432
Opus 4.8,1628.0,518.0,4645.5493122824255,1.3409632808774432
Opus 4.8,1629.0,518.0,4667.211485748458,1.3409632808774432
Opus 4.8,1630.0,518.0,4688.974669822219,1.3409632808774432
Opus 4.8,1631.0,518.0,4710.839335515675,1.3409632808774432
Opus 4.8,1632.0,518.0,4732.805956037116,1.3409632808774432
Opus 4.8,1633.0,518.0,4754.8750068014,1.3409632808774432
Opus 4.8,1634.0,518.0,4777.046965440243,1.3409632808774432
Opus 4.8,1635.0,518.0,4799.322311812555,1.3409632808774432
Opus 4.8,1636.0,518.0,4821.701528014826,1.3409632808774432
Opus 4.8,1637.0,518.0,4844.18509839156,1.3409632808774432
Opus 4.8,1638.0,518.0,4866.773509545756,1.3409632808774432
Opus 4.8,1639.0,518.0,4889.467250349439,1.3409632808774432
Opus 4.8,1640.0,518.0,4912.266811954246,1.3409632808774432
Opus 4.8,1641.0,518.0,4935.172687802044,1.3409632808774432
Opus 4.8,1642.0,518.0,4958.185373635631,1.3409632808774432
Opus 4.8,1643.0,518.0,4981.305367509437,1.3409632808774432
Opus 4.8,1644.0,518.0,5004.533169800326,1.3409632808774432
Opus 4.8,1645.0,518.0,5027.86928321841,1.3409632808774432
Opus 4.8,1646.0,518.0,5051.314212817941,1.3409632808774432
Opus 4.8,1647.0,518.0,5074.8684660082345,1.3409632808774432
Opus 4.8,1648.0,518.0,5098.532552564653,1.3409632808774432
Opus 4.8,1649.0,518.0,5122.306984639642,1.3409632808774432
Opus 4.8,1650.0,518.0,5146.192276773806,1.3409632808774432
Opus 4.8,1651.0,518.0,5170.1889459070535,1.3409632808774432
Opus 4.8,1652.0,518.0,5194.297511389781,1.3409632808774432
Opus 4.8,1653.0,518.0,5218.518494994112,1.3409632808774432
Opus 4.8,1654.0,518.0,5242.852420925192,1.3409632808774432
Opus 4.8,1655.0,518.0,5267.299815832525,1.3409632808774432
Opus 4.8,1656.0,518.0,5291.8612088213995,1.3409632808774432
Opus 4.8,1657.0,518.0,5316.537131464299,1.3409632808774432
Opus 4.8,1658.0,518.0,5341.328117812433,1.3409632808774432
Opus 4.8,1659.0,518.0,5366.234704407292,1.3409632808774432
Opus 4.8,1660.0,518.0,5391.257430292253,1.3409632808774432
Opus 4.8,1661.0,518.0,5416.396837024251,1.3409632808774432
Opus 4.8,1662.0,518.0,5441.6534686855,1.3409632808774432
Opus 4.8,1663.0,518.0,5467.027871895265,1.3409632808774432
Opus 4.8,1664.0,518.0,5492.520595821694,1.3409632808774432
Opus 4.8,1665.0,518.0,5518.132192193703,1.3409632808774432
Opus 4.8,1666.0,518.0,5543.863215312919,1.3409632808774432
Opus 4.8,1667.0,518.0,5569.714222065672,1.3409632808774432
Opus 4.8,1668.0,518.0,5595.685771935054,1.3409632808774432
Opus 4.8,1669.0,518.0,5621.778427013013,1.3409632808774432
Opus 4.8,1670.0,518.0,5647.992752012551,1.3409632808774432
Opus 4.8,1671.0,518.0,5674.329314279905,1.3409632808774432
Opus 4.8,1672.0,518.0,5700.788683806849,1.3409632808774432
Opus 4.8,1673.0,518.0,5727.371433243027,1.3409632808774432
Opus 4.8,1674.0,518.0,5754.078137908347,1.3409632808774432
Opus 4.8,1675.0,518.0,5780.909375805429,1.3409632808774432
Opus 4.8,1676.0,518.0,5807.8657276321155,1.3409632808774432
Opus 4.8,1677.0,518.0,5834.9477767940425,1.3409632808774432
Opus 4.8,1678.0,518.0,5862.156109417262,1.3409632808774432
Opus 4.8,1679.0,518.0,5889.49131436093,1.3409632808774432
Opus 4.8,1680.0,518.0,5916.953983230049,1.3409632808774432
Opus 4.8,1681.0,518.0,5944.5447103882725,1.3409632808774432
Opus 4.8,1682.0,518.0,5972.264092970764,1.3409632808774432
Opus 4.8,1683.0,518.0,6000.112730897142,1.3409632808774432
Opus 4.8,1684.0,518.0,6028.0912268844295,1.3409632808774432
Opus 4.8,1685.0,518.0,6056.2001864601225,1.3409632808774432
Opus 4.8,1686.0,518.0,6084.440217975289,1.3409632808774432
Opus 4.8,1687.0,518.0,6112.811932617734,1.3409632808774432
Opus 4.8,1688.0,518.0,6141.315944425228,1.3409632808774432
Opus 4.8,1689.0,518.0,6169.952870298798,1.3409632808774432
Opus 4.8,1690.0,518.0,6198.723330016077,1.3409632808774432
Opus 4.8,1691.0,518.0,6227.627946244717,1.3409632808774432
Opus 4.8,1692.0,518.0,6256.667344555868,1.3409632808774432
Opus 4.8,1693.0,518.0,6285.842153437713,1.3409632808774432
Opus 4.8,1694.0,518.0,6315.153004309074,1.3409632808774432
Opus 4.8,1695.0,518.0,6344.600531533076,1.3409632808774432
Opus 4.8,1696.0,518.0,6374.185372430867,1.3409632808774432
Opus 4.8,1697.0,518.0,6403.908167295443,1.3409632808774432
Opus 4.8,1698.0,518.0,6433.769559405461,1.3409632808774432
Opus 4.8,1699.0,518.0,6463.770195039192,1.3409632808774432
Opus 4.8,1700.0,518.0,6493.9107234885,1.3409632808774432
Opus 4.8,1701.0,518.0,6524.191797072888,1.3409632808774432
Opus 4.8,1702.0,518.0,6554.61407115363,1.3409632808774432
Opus 4.8,1703.0,518.0,6585.17820414794,1.3409632808774432
Opus 4.8,1704.0,518.0,6615.88485754323,1.3409632808774432
Opus 4.8,1705.0,518.0,6646.734695911426,1.3409632808774432
Opus 4.8,1706.0,518.0,6677.728386923347,1.3409632808774432
Opus 4.8,1707.0,518.0,6708.866601363161,1.3409632808774432
Opus 4.8,1708.0,518.0,6740.150013142897,1.3409632808774432
Opus 4.8,1709.0,518.0,6771.579299317031,1.3409632808774432
Opus 4.8,1710.0,518.0,6803.1551400971375,1.3409632808774432
Opus 4.8,1711.0,518.0,6834.878218866634,1.3409632808774432
Opus 4.8,1712.0,518.0,6866.749222195527,1.3409632808774432
Opus 4.8,1713.0,518.0,6898.768839855307,1.3409632808774432
Opus 4.8,1714.0,518.0,6930.937764833865,1.3409632808774432
Opus 4.8,1715.0,518.0,6963.256693350488,1.3409632808774432
Opus 4.8,1716.0,518.0,6995.726324870933,1.3409632808774432
Opus 4.8,1717.0,518.0,7028.347362122561,1.3409632808774432
Opus 4.8,1718.0,518.0,7061.120511109548,1.3409632808774432
Opus 4.8,1719.0,518.0,7094.046481128164,1.3409632808774432
Opus 4.8,1720.0,518.0,7127.125984782122,1.3409632808774432
Opus 4.8,1721.0,518.0,7160.3597379980065,1.3409632808774432
Opus 4.8,1722.0,518.0,7193.748460040761,1.3409632808774432
Opus 4.8,1723.0,518.0,7227.292873529257,1.3409632808774432
Opus 4.8,1724.0,518.0,7260.993704451931,1.3409632808774432
Opus 4.8,1725.0,518.0,7294.851682182518,1.3409632808774432
Opus 4.8,1726.0,518.0,7328.8675394958,1.3409632808774432
Opus 4.8,1727.0,518.0,7363.042012583489,1.3409632808774432
Opus 4.8,1728.0,518.0,7397.375841070158,1.3409632808774432
Opus 4.8,1729.0,518.0,7431.869768029243,1.3409632808774432
Opus 4.8,1730.0,518.0,7466.524539999128,1.3409632808774432
Opus 4.8,1731.0,518.0,7501.340906999305,1.3409632808774432
Opus 4.8,1732.0,518.0,7536.319622546601,1.3409632808774432
Opus 4.8,1733.0,518.0,7571.461443671486,1.3409632808774432
Opus 4.8,1734.0,518.0,7606.767130934464,1.3409632808774432
Opus 4.8,1735.0,518.0,7642.237448442525,1.3409632808774432
Opus 4.8,1736.0,518.0,7677.873163865688,1.3409632808774432
Opus 4.8,1737.0,518.0,7713.675048453606,1.3409632808774432
Opus 4.8,1738.0,518.0,7749.643877052286,1.3409632808774432
Opus 4.8,1739.0,518.0,7785.780428120818,1.3409632808774432
Opus 4.8,1740.0,518.0,7822.08548374825,1.3409632808774432
Opus 4.8,1741.0,518.0,7858.559829670506,1.3409632808774432
Opus 4.8,1742.0,518.0,7895.204255287393,1.3409632808774432
Opus 4.8,1743.0,518.0,7932.0195536796855,1.3409632808774432
Opus 4.8,1744.0,518.0,7969.006521626291,1.3409632808774432
Opus 4.8,1745.0,518.0,8006.165959621493,1.3409632808774432
Opus 4.8,1746.0,518.0,8043.498671892273,1.3409632808774432
Opus 4.8,1747.0,518.0,8081.005466415722,1.3409632808774432
Opus 4.8,1748.0,518.0,8118.687154936524,1.3409632808774432
Opus 4.8,1749.0,518.0,8156.544552984522,1.3409632808774432
Opus 4.8,1750.0,518.0,8194.578479892374,1.3409632808774432
Opus 4.8,1751.0,485.0,8232.78975881327,1.3862851692894604
Opus 4.8,1752.0,484.0,8271.179216738788,1.3876585598474003
Opus 4.8,1753.0,484.0,8309.747684516737,1.3876585598474003
Opus 4.8,1754.0,483.0,8348.495996869171,1.38903195040534
Opus 4.8,1755.0,483.0,8387.424992410455,1.38903195040534
Opus 4.8,1756.0,484.0,8426.535513665402,1.3876585598474003
Opus 4.8,1757.0,483.5,8465.828407087518,1.3883452551263702
Opus 4.8,1758.0,483.5,8505.304523077317,1.3883452551263702
Opus 4.8,1759.0,483.5,8544.964716000724,1.3883452551263702
Opus 4.8,1760.0,484.0,8584.809844207573,1.3876585598474003
Opus 4.8,1761.0,483.0,8624.840770050174,1.38903195040534
Opus 4.8,1762.0,481.0,8665.058359901985,1.39177873152122
Opus 4.8,1763.0,480.5,8705.463484176355,1.39246542680019
Opus 4.8,1764.0,480.0,8746.05701734537,1.3931521220791598
Opus 4.8,1765.0,480.0,8786.839837958767,1.3931521220791598
Opus 4.8,1766.0,479.5,8827.812828662978,1.39383881735813
Opus 4.8,1767.0,477.0,8868.976876220187,1.3972722937529796
Opus 4.8,1768.0,477.0,8910.332871527558,1.3972722937529796
Opus 4.8,1769.0,477.0,8951.881709636498,1.3972722937529796
Opus 4.8,1770.0,477.0,8993.624289772037,1.3972722937529796
Opus 4.8,1771.0,477.0,9035.561515352285,1.3972722937529796
Opus 4.8,1772.0,477.0,9077.694294007992,1.3972722937529796
Opus 4.8,1773.0,477.0,9120.02353760218,1.3972722937529796
Opus 4.8,1774.0,477.0,9162.550162249881,1.3972722937529796
Opus 4.8,1775.0,477.0,9205.27508833798,1.3972722937529796
Opus 4.8,1776.0,477.0,9248.199240545106,1.3972722937529796
Opus 4.8,1777.0,477.0,9291.323547861668,1.3972722937529796
Opus 4.8,1778.0,477.0,9334.648943609942,1.3972722937529796
Opus 4.8,1779.0,477.0,9378.176365464311,1.3972722937529796
Opus 4.8,1780.0,477.0,9421.906755471498,1.3972722937529796
Opus 4.8,1781.0,477.0,9465.841060070996,1.3972722937529796
Opus 4.8,1782.0,441.0,9509.98023011554,1.4467143538388165
Opus 4.8,1783.0,440.0,9554.325220891686,1.4480877443967566
Opus 4.8,1784.0,440.0,9598.87699214049,1.4480877443967566
Opus 4.8,1785.0,440.0,9643.636508078269,1.4480877443967566
Opus 4.8,1786.0,401.0,9688.604737417485,1.5016499761564133
Opus 4.8,1787.0,401.0,9733.782653387694,1.5016499761564133
Opus 4.8,1788.0,397.0,9779.171233756619,1.5071435383881728
Opus 4.8,1789.0,397.0,9824.77146085131,1.5071435383881728
Opus 4.8,1790.0,396.0,9870.584321579403,1.5085169289461127
Opus 4.8,1791.0,396.0,9916.610807450477,1.5085169289461127
Opus 4.8,1792.0,395.0,9962.85191459751,1.5098903195040527
Opus 4.8,1793.0,401.5,10009.308643798468,1.5009632808774431
GPT 5.5,800.0,1376.0,98.65993438771224,0.16259418216499646
GPT 5.5,801.0,1376.0,99.11998517378471,0.16259418216499646
GPT 5.5,802.0,1376.0,99.58218117439719,0.16259418216499646
GPT 5.5,803.0,1376.0,100.0465323926745,0.16259418216499646
GPT 5.5,804.0,1376.0,100.51304887838592,0.16259418216499646
GPT 5.5,805.0,1376.0,100.98174072816279,0.16259418216499646
GPT 5.5,806.0,1376.0,101.4526180857169,0.16259418216499646
GPT 5.5,807.0,1376.0,101.9256911420604,0.16259418216499646
GPT 5.5,808.0,1376.0,102.40097013572579,0.16259418216499646
GPT 5.5,809.0,1376.0,102.87846535298787,0.16259418216499646
GPT 5.5,810.0,1376.0,103.35818712808634,0.16259418216499646
GPT 5.5,811.0,1376.0,103.84014584344936,0.16259418216499646
GPT 5.5,812.0,1376.0,104.32435192991832,0.16259418216499646
GPT 5.5,813.0,1376.0,104.81081586697358,0.16259418216499646
GPT 5.5,814.0,1376.0,105.29954818296126,0.16259418216499646
GPT 5.5,815.0,1376.0,105.79055945532109,0.16259418216499646
GPT 5.5,816.0,1376.0,106.28386031081536,0.16259418216499646
GPT 5.5,817.0,1376.0,106.7794614257589,0.16259418216499646
GPT 5.5,818.0,1376.0,107.27737352625016,0.16259418216499646
GPT 5.5,819.0,1376.0,107.7776073884033,0.16259418216499646
GPT 5.5,820.0,1376.0,108.28017383858138,0.16259418216499646
GPT 5.5,821.0,1376.0,108.78508375363101,0.16259418216499646
GPT 5.5,822.0,1376.0,109.29234806111722,0.16259418216499646
GPT 5.5,823.0,1376.0,109.80197773956029,0.16259418216499646
GPT 5.5,824.0,1376.0,110.31398381867326,0.16259418216499646
GPT 5.5,825.0,1376.0,110.82837737960074,0.16259418216499646
GPT 5.5,826.0,1376.0,111.3451695551586,0.16259418216499646
GPT 5.5,827.0,1376.0,111.86437153007502,0.16259418216499646
GPT 5.5,828.0,1376.0,112.38599454123245,0.16259418216499646
GPT 5.5,829.0,1376.0,112.91004987791095,0.16259418216499646
GPT 5.5,830.0,1376.0,113.43654888203235,0.16259418216499646
GPT 5.5,831.0,1376.0,113.9655029484059,0.16259418216499646
GPT 5.5,832.0,1376.0,114.4969235249747,0.16259418216499646
GPT 5.5,833.0,1376.0,115.03082211306351,0.16259418216499646
GPT 5.5,834.0,1376.0,115.56721026762798,0.16259418216499646
GPT 5.5,835.0,1376.0,116.10609959750418,0.16259418216499646
GPT 5.5,836.0,1376.0,116.64750176566024,0.16259418216499646
GPT 5.5,837.0,1376.0,117.19142848944858,0.16259418216499646
GPT 5.5,838.0,1376.0,117.73789154085966,0.16259418216499646
GPT 5.5,839.0,1376.0,118.28690274677665,0.16259418216499646
GPT 5.5,840.0,1376.0,118.83847398923137,0.16259418216499646
GPT 5.5,841.0,1376.0,119.39261720566157,0.16259418216499646
GPT 5.5,842.0,1376.0,119.94934438916916,0.16259418216499646
GPT 5.5,843.0,1376.0,120.50866758877983,0.16259418216499646
GPT 5.5,844.0,1376.0,121.07059890970385,0.16259418216499646
GPT 5.5,845.0,1376.0,121.63515051359799,0.16259418216499646
GPT 5.5,846.0,1376.0,122.2023346188288,0.16259418216499646
GPT 5.5,847.0,1376.0,122.77216350073684,0.16259418216499646
GPT 5.5,848.0,1376.0,123.34464949190294,0.16259418216499646
GPT 5.5,849.0,1376.0,123.9198049824143,0.16259418216499646
GPT 5.5,850.0,1376.0,124.49764242013316,0.16259418216499646
GPT 5.5,851.0,1376.0,125.0781743109661,0.16259418216499646
GPT 5.5,852.0,1376.0,125.66141321913464,0.16259418216499646
GPT 5.5,853.0,1376.0,126.24737176744725,0.16259418216499646
GPT 5.5,854.0,1376.0,126.83606263757244,0.16259418216499646
GPT 5.5,855.0,1376.0,127.42749857031335,0.16259418216499646
GPT 5.5,856.0,1376.0,128.02169236588333,0.16259418216499646
GPT 5.5,857.0,1376.0,128.61865688418317,0.16259418216499646
GPT 5.5,858.0,1376.0,129.2184050450792,0.16259418216499646
GPT 5.5,859.0,1376.0,129.8209498286831,0.16259418216499646
GPT 5.5,860.0,1376.0,130.42630427563273,0.16259418216499646
GPT 5.5,861.0,1376.0,131.03448148737425,0.16259418216499646
GPT 5.5,862.0,1376.0,131.64549462644615,0.16259418216499646
GPT 5.5,863.0,1376.0,132.25935691676347,0.16259418216499646
GPT 5.5,864.0,1376.0,132.8760816439043,0.16259418216499646
GPT 5.5,865.0,1376.0,133.49568215539747,0.16259418216499646
GPT 5.5,866.0,1376.0,134.11817186101115,0.16259418216499646
GPT 5.5,867.0,1376.0,134.74356423304323,0.16259418216499646
GPT 5.5,868.0,1376.0,135.37187280661286,0.16259418216499646
GPT 5.5,869.0,1376.0,136.0031111799534,0.16259418216499646
GPT 5.5,870.0,1376.0,136.6372930147067,0.16259418216499646
GPT 5.5,871.0,1376.0,137.27443203621877,0.16259418216499646
GPT 5.5,872.0,1376.0,137.9145420338368,0.16259418216499646
GPT 5.5,873.0,1376.0,138.55763686120773,0.16259418216499646
GPT 5.5,874.0,1376.0,139.20373043657773,0.16259418216499646
GPT 5.5,875.0,1376.0,139.85283674309423,0.16259418216499646
GPT 5.5,876.0,1376.0,140.5049698291075,0.16259418216499646
GPT 5.5,877.0,1376.0,141.16014380847537,0.16259418216499646
GPT 5.5,878.0,1354.0,141.8183728608685,0.19280877443967456
GPT 5.5,879.0,1353.0,142.4796712320773,0.19418216499761448
GPT 5.5,880.0,1353.0,143.14405323432024,0.19418216499761448
GPT 5.5,881.0,1353.0,143.81153324655355,0.19418216499761448
GPT 5.5,882.0,1353.0,144.4821257147825,0.19418216499761448
GPT 5.5,883.0,1353.0,145.15584515237404,0.19418216499761448
GPT 5.5,884.0,1353.0,145.83270614037082,0.19418216499761448
GPT 5.5,885.0,1353.0,146.51272332780684,0.19418216499761448
GPT 5.5,886.0,1353.0,147.19591143202445,0.19418216499761448
GPT 5.5,887.0,1353.0,147.88228523899295,0.19418216499761448
GPT 5.5,888.0,1353.0,148.57185960362835,0.19418216499761448
GPT 5.5,889.0,1353.0,149.26464945011554,0.19418216499761448
GPT 5.5,890.0,1353.0,149.96066977223032,0.19418216499761448
GPT 5.5,891.0,1353.0,150.65993563366453,0.19418216499761448
GPT 5.5,892.0,1353.0,151.36246216835204,0.19418216499761448
GPT 5.5,893.0,1353.0,152.06826458079604,0.19418216499761448
GPT 5.5,894.0,1353.0,152.77735814639834,0.19418216499761448
GPT 5.5,895.0,1353.0,153.48975821178982,0.19418216499761448
GPT 5.5,896.0,1353.0,154.20548019516266,0.19418216499761448
GPT 5.5,897.0,1353.0,154.92453958660397,0.19418216499761448
GPT 5.5,898.0,1353.0,155.64695194843105,0.19418216499761448
GPT 5.5,899.0,1353.0,156.37273291552825,0.19418216499761448
GPT 5.5,900.0,1353.0,157.10189819568527,0.19418216499761448
GPT 5.5,901.0,1353.0,157.83446356993718,0.19418216499761448
GPT 5.5,902.0,1353.0,158.57044489290575,0.19418216499761448
GPT 5.5,903.0,1353.0,159.30985809314328,0.19418216499761448
GPT 5.5,904.0,1353.0,160.05271917347633,0.19418216499761448
GPT 5.5,905.0,1353.0,160.79904421135274,0.19418216499761448
GPT 5.5,906.0,1353.0,161.5488493591894,0.19418216499761448
GPT 5.5,907.0,1353.0,162.30215084472187,0.19418216499761448
GPT 5.5,908.0,1353.0,163.0589649713555,0.19418216499761448
GPT 5.5,909.0,1353.0,163.81930811851836,0.19418216499761448
GPT 5.5,910.0,1353.0,164.58319674201576,0.19418216499761448
GPT 5.5,911.0,1353.0,165.35064737438628,0.19418216499761448
GPT 5.5,912.0,1353.0,166.1216766252597,0.19418216499761448
GPT 5.5,913.0,1353.0,166.89630118171638,0.19418216499761448
GPT 5.5,914.0,1353.0,167.6745378086485,0.19418216499761448
GPT 5.5,915.0,1353.0,168.4564033491228,0.19418216499761448
GPT 5.5,916.0,1353.0,169.241914724745,0.19418216499761448
GPT 5.5,917.0,1353.0,170.03108893602672,0.19418216499761448
GPT 5.5,918.0,1353.0,170.82394306275233,0.19418216499761448
GPT 5.5,919.0,1353.0,171.6204942643494,0.19418216499761448
GPT 5.5,920.0,1353.0,172.42075978025971,0.19418216499761448
GPT 5.5,921.0,1353.0,173.22475693031254,0.19418216499761448
GPT 5.5,922.0,1353.0,174.03250311509947,0.19418216499761448
GPT 5.5,923.0,1353.0,174.84401581635092,0.19418216499761448
GPT 5.5,924.0,1353.0,175.65931259731448,0.19418216499761448
GPT 5.5,925.0,1353.0,176.4784111031352,0.19418216499761448
GPT 5.5,926.0,1353.0,177.30132906123725,0.19418216499761448
GPT 5.5,927.0,1353.0,178.12808428170771,0.19418216499761448
GPT 5.5,928.0,1353.0,178.9586946576821,0.19418216499761448
GPT 5.5,929.0,1353.0,179.79317816573118,0.19418216499761448
GPT 5.5,930.0,1353.0,180.6315528662511,0.19418216499761448
GPT 5.5,931.0,1353.0,181.47383690385288,0.19418216499761448
GPT 5.5,932.0,1353.0,182.320048507756,0.19418216499761448
GPT 5.5,933.0,1353.0,183.17020599218276,0.19418216499761448
GPT 5.5,934.0,1353.0,184.02432775675445,0.19418216499761448
GPT 5.5,935.0,1353.0,184.8824322868898,0.19418216499761448
GPT 5.5,936.0,1353.0,185.74453815420495,0.19418216499761448
GPT 5.5,937.0,1353.0,186.61066401691536,0.19418216499761448
GPT 5.5,938.0,1353.0,187.4808286202397,0.19418216499761448
GPT 5.5,939.0,1353.0,188.35505079680544,0.19418216499761448
GPT 5.5,940.0,1353.0,189.23334946705654,0.19418216499761448
GPT 5.5,941.0,1353.0,190.11574363966295,0.19418216499761448
GPT 5.5,942.0,1353.0,191.00225241193183,0.19418216499761448
GPT 5.5,943.0,1353.0,191.89289497022088,0.19418216499761448
GPT 5.5,944.0,1353.0,192.78769059035426,0.19418216499761448
GPT 5.5,945.0,1353.0,193.68665863803864,0.19418216499761448
GPT 5.5,946.0,1353.0,194.58981856928298,0.19418216499761448
GPT 5.5,947.0,1353.0,195.49718993081967,0.19418216499761448
GPT 5.5,948.0,1353.0,196.4087923605273,0.19418216499761448
GPT 5.5,949.0,1353.0,197.3246455878558,0.19418216499761448
GPT 5.5,950.0,1353.0,198.2447694342535,0.19418216499761448
GPT 5.5,951.0,1353.0,199.16918381359594,0.19418216499761448
GPT 5.5,952.0,1353.0,200.09790873261707,0.19418216499761448
GPT 5.5,953.0,1353.0,201.03096429134206,0.19418216499761448
GPT 5.5,954.0,1353.0,201.96837068352244,0.19418216499761448
GPT 5.5,955.0,1353.0,202.91014819707308,0.19418216499761448
GPT 5.5,956.0,1353.0,203.85631721451136,0.19418216499761448
GPT 5.5,957.0,1353.0,204.80689821339791,0.19418216499761448
GPT 5.5,958.0,1353.0,205.76191176678088,0.19418216499761448
GPT 5.5,959.0,1353.0,206.7213785436397,0.19418216499761448
GPT 5.5,960.0,1353.0,207.68531930933347,0.19418216499761448
GPT 5.5,961.0,1353.0,208.65375492604994,0.19418216499761448
GPT 5.5,962.0,1353.0,209.62670635325722,0.19418216499761448
GPT 5.5,963.0,1353.0,210.6041946481573,0.19418216499761448
GPT 5.5,964.0,1353.0,211.5862409661418,0.19418216499761448
GPT 5.5,965.0,1353.0,212.57286656124978,0.19418216499761448
GPT 5.5,966.0,1353.0,213.56409278662787,0.19418216499761448
GPT 5.5,967.0,1353.0,214.55994109499224,0.19418216499761448
GPT 5.5,968.0,1353.0,215.560433039093,0.19418216499761448
GPT 5.5,969.0,1353.0,216.56559027218057,0.19418216499761448
GPT 5.5,970.0,1353.0,217.57543454847428,0.19418216499761448
GPT 5.5,971.0,1353.0,218.5899877236338,0.19418216499761448
GPT 5.5,972.0,1353.0,219.6092717552311,0.19418216499761448
GPT 5.5,973.0,1353.0,220.63330870322628,0.19418216499761448
GPT 5.5,974.0,1353.0,221.662120730445,0.19418216499761448
GPT 5.5,975.0,1353.0,222.69573010305808,0.19418216499761448
GPT 5.5,976.0,1353.0,223.73415919106338,0.19418216499761448
GPT 5.5,977.0,1353.0,224.77743046876992,0.19418216499761448
GPT 5.5,978.0,1353.0,225.82556651528435,0.19418216499761448
GPT 5.5,979.0,1353.0,226.8785900149995,0.19418216499761448
GPT 5.5,980.0,1353.0,227.93652375808554,0.19418216499761448
GPT 5.5,981.0,1353.0,228.99939064098297,0.19418216499761448
GPT 5.5,982.0,1353.0,230.06721366689837,0.19418216499761448
GPT 5.5,983.0,1353.0,231.1400159463021,0.19418216499761448
GPT 5.5,984.0,1353.0,232.2178206974283,0.19418216499761448
GPT 5.5,985.0,1353.0,233.3006512467784,0.19418216499761448
GPT 5.5,986.0,1353.0,234.38853102962432,0.19418216499761448
GPT 5.5,987.0,1353.0,235.48148359051697,0.19418216499761448
GPT 5.5,988.0,1353.0,236.57953258379524,0.19418216499761448
GPT 5.5,989.0,1353.0,237.68270177409818,0.19418216499761448
GPT 5.5,990.0,1353.0,238.79101503687914,0.19418216499761448
GPT 5.5,991.0,1353.0,239.9044963589227,0.19418216499761448
GPT 5.5,992.0,1353.0,241.0231698388636,0.19418216499761448
GPT 5.5,993.0,1353.0,242.14705968770843,0.19418216499761448
GPT 5.5,994.0,1353.0,243.27619022935963,0.19418216499761448
GPT 5.5,995.0,1350.0,244.4105859011418,0.19830233667143424
GPT 5.5,996.0,1349.5,245.55027125433068,0.19898903195040418
GPT 5.5,997.0,1349.5,246.69527095468456,0.19898903195040418
GPT 5.5,998.0,1349.5,247.8456097829777,0.19898903195040418
GPT 5.5,999.0,1348.5,249.00131263553777,0.2003624225083441
GPT 5.5,1000.0,1346.0,250.1624045247832,0.20379589890319388
GPT 5.5,1001.0,1346.0,251.3289105797653,0.20379589890319388
GPT 5.5,1002.0,1346.0,252.50085604671222,0.20379589890319388
GPT 5.5,1003.0,1346.0,253.678266289575,0.20379589890319388
GPT 5.5,1004.0,1346.0,254.8611667905767,0.20379589890319388
GPT 5.5,1005.0,1346.0,256.0495831507639,0.20379589890319388
GPT 5.5,1006.0,1346.0,257.24354109056065,0.20379589890319388
GPT 5.5,1007.0,1346.0,258.4430664503253,0.20379589890319388
GPT 5.5,1008.0,1346.0,259.64818519090966,0.20379589890319388
GPT 5.5,1009.0,1346.0,260.85892339422077,0.20379589890319388
GPT 5.5,1010.0,1346.0,262.0753072637855,0.20379589890319388
GPT 5.5,1011.0,1346.0,263.2973631253175,0.20379589890319388
GPT 5.5,1012.0,1346.0,264.5251174272876,0.20379589890319388
GPT 5.5,1013.0,1346.0,265.7585967414954,0.20379589890319388
GPT 5.5,1014.0,1346.0,266.9978277636444,0.20379589890319388
GPT 5.5,1015.0,1346.0,268.24283731392046,0.20379589890319388
GPT 5.5,1016.0,1346.0,269.4936523375715,0.20379589890319388
GPT 5.5,1017.0,1346.0,270.75029990549126,0.20379589890319388
GPT 5.5,1018.0,1346.0,272.0128072148048,0.20379589890319388
GPT 5.5,1019.0,1346.0,273.28120158945717,0.20379589890319388
GPT 5.5,1020.0,1346.0,274.5555104808051,0.20379589890319388
GPT 5.5,1021.0,1346.0,275.8357614682105,0.20379589890319388
GPT 5.5,1022.0,1346.0,277.121982259638,0.20379589890319388
GPT 5.5,1023.0,1346.0,278.4142006922542,0.20379589890319388
GPT 5.5,1024.0,1346.0,279.71244473303034,0.20379589890319388
GPT 5.5,1025.0,1346.0,281.0167424793471,0.20379589890319388
GPT 5.5,1026.0,1346.0,282.32712215960413,0.20379589890319388
GPT 5.5,1027.0,1346.0,283.643612133829,0.20379589890319388
GPT 5.5,1028.0,1346.0,284.9662408942922,0.20379589890319388
GPT 5.5,1029.0,1346.0,286.29503706612365,0.20379589890319388
GPT 5.5,1030.0,1346.0,287.6300294079321,0.20379589890319388
GPT 5.5,1031.0,1346.0,288.9712468124274,0.20379589890319388
GPT 5.5,1032.0,1346.0,290.3187183070462,0.20379589890319388
GPT 5.5,1033.0,1346.0,291.67247305457965,0.20379589890319388
GPT 5.5,1034.0,1346.0,293.0325403538052,0.20379589890319388
GPT 5.5,1035.0,1346.0,294.39894964012,0.20379589890319388
GPT 5.5,1036.0,1346.0,295.77173048617857,0.20379589890319388
GPT 5.5,1037.0,1346.0,297.15091260253246,0.20379589890319388
GPT 5.5,1038.0,1346.0,298.5365258382734,0.20379589890319388
GPT 5.5,1039.0,1346.0,299.928600181679,0.20379589890319388
GPT 5.5,1040.0,1346.0,301.3271657608629,0.20379589890319388
GPT 5.5,1041.0,1346.0,302.73225284442515,0.20379589890319388
GPT 5.5,1042.0,1346.0,304.1438918421084,0.20379589890319388
GPT 5.5,1043.0,1346.0,305.56211330545585,0.20379589890319388
GPT 5.5,1044.0,1346.0,306.98694792847226,0.20379589890319388
GPT 5.5,1045.0,1346.0,308.4184265482885,0.20379589890319388
GPT 5.5,1046.0,1346.0,309.8565801458288,0.20379589890319388
GPT 5.5,1047.0,1346.0,311.3014398464812,0.20379589890319388
GPT 5.5,1048.0,1346.0,312.75303692077136,0.20379589890319388
GPT 5.5,1049.0,1346.0,314.2114027850393,0.20379589890319388
GPT 5.5,1050.0,1346.0,315.67656900211915,0.20379589890319388
GPT 5.5,1051.0,1346.0,317.1485672820225,0.20379589890319388
GPT 5.5,1052.0,1346.0,318.62742948262405,0.20379589890319388
GPT 5.5,1053.0,1346.0,320.11318761035284,0.20379589890319388
GPT 5.5,1054.0,1346.0,321.6058738208826,0.20379589890319388
GPT 5.5,1055.0,1346.0,323.10552041982913,0.20379589890319388
GPT 5.5,1056.0,1346.0,324.6121598634492,0.20379589890319388
GPT 5.5,1057.0,1346.0,326.125824759343,0.20379589890319388
GPT 5.5,1058.0,1346.0,327.64654786715965,0.20379589890319388
GPT 5.5,1059.0,1346.0,329.17436209930645,0.20379589890319388
GPT 5.5,1060.0,1346.0,330.70930052166113,0.20379589890319388
GPT 5.5,1061.0,1346.0,332.25139635428735,0.20379589890319388
GPT 5.5,1062.0,1346.0,333.8006829721538,0.20379589890319388
GPT 5.5,1063.0,1346.0,335.35719390585655,0.20379589890319388
GPT 5.5,1064.0,1346.0,336.9209628423445,0.20379589890319388
GPT 5.5,1065.0,1346.0,338.49202362564887,0.20379589890319388
GPT 5.5,1066.0,1346.0,340.07041025761487,0.20379589890319388
GPT 5.5,1067.0,1346.0,341.65615689863927,0.20379589890319388
GPT 5.5,1068.0,1346.0,343.24929786840755,0.20379589890319388
GPT 5.5,1069.0,1346.0,344.84986764663813,0.20379589890319388
GPT 5.5,1070.0,1346.0,346.4579008738281,0.20379589890319388
GPT 5.5,1071.0,1346.0,348.07343235200307,0.20379589890319388
GPT 5.5,1072.0,1346.0,349.6964970454702,0.20379589890319388
GPT 5.5,1073.0,1346.0,351.32713008157526,0.20379589890319388
GPT 5.5,1074.0,1346.0,352.96536675146245,0.20379589890319388
GPT 5.5,1075.0,1346.0,354.6112425108385,0.20379589890319388
GPT 5.5,1076.0,1346.0,356.2647929807399,0.20379589890319388
GPT 5.5,1077.0,1346.0,357.92605394830395,0.20379589890319388
GPT 5.5,1078.0,1346.0,359.59506136754305,0.20379589890319388
GPT 5.5,1079.0,1346.0,361.2718513601231,0.20379589890319388
GPT 5.5,1080.0,1346.0,362.95646021614465,0.20379589890319388
GPT 5.5,1081.0,1346.0,364.64892439493,0.20379589890319388
GPT 5.5,1082.0,1346.0,366.34928052581006,0.20379589890319388
GPT 5.5,1083.0,1346.0,368.0575654089183,0.20379589890319388
GPT 5.5,1084.0,1346.0,369.7738160159873,0.20379589890319388
GPT 5.5,1085.0,1346.0,371.49806949114827,0.20379589890319388
GPT 5.5,1086.0,1346.0,373.23036315173573,0.20379589890319388
GPT 5.5,1087.0,1346.0,374.9707344890945,0.20379589890319388
GPT 5.5,1088.0,1346.0,376.7192211693914,0.20379589890319388
GPT 5.5,1089.0,1346.0,378.4758610344304,0.20379589890319388
GPT 5.5,1090.0,1346.0,380.24069210247166,0.20379589890319388
GPT 5.5,1091.0,1346.0,382.0137525690542,0.20379589890319388
GPT 5.5,1092.0,1346.0,383.7950808078228,0.20379589890319388
GPT 5.5,1093.0,1346.0,385.5847153713582,0.20379589890319388
GPT 5.5,1094.0,1346.0,387.38269499201135,0.20379589890319388
GPT 5.5,1095.0,1346.0,389.1890585827431,0.20379589890319388
GPT 5.5,1096.0,1346.0,391.0038452379641,0.20379589890319388
GPT 5.5,1097.0,1346.0,392.8270942343823,0.20379589890319388
GPT 5.5,1098.0,1346.0,394.65884503185293,0.20379589890319388
GPT 5.5,1099.0,1346.0,396.4991372742322,0.20379589890319388
GPT 5.5,1100.0,1346.0,398.34801079023555,0.20379589890319388
GPT 5.5,1101.0,1346.0,400.2055055942994,0.20379589890319388
GPT 5.5,1102.0,1346.0,402.0716618874473,0.20379589890319388
GPT 5.5,1103.0,1346.0,403.94652005816,0.20379589890319388
GPT 5.5,1104.0,1346.0,405.8301206832496,0.20379589890319388
GPT 5.5,1105.0,1346.0,407.72250452873766,0.20379589890319388
GPT 5.5,1106.0,1346.0,409.62371255073737,0.20379589890319388
GPT 5.5,1107.0,1346.0,411.53378589633974,0.20379589890319388
GPT 5.5,1108.0,1346.0,413.4527659045058,0.20379589890319388
GPT 5.5,1109.0,1346.0,415.38069410695846,0.20379589890319388
GPT 5.5,1110.0,1346.0,417.3176122290836,0.20379589890319388
GPT 5.5,1111.0,1346.0,419.2635621908321,0.20379589890319388
GPT 5.5,1112.0,1346.0,421.2185861076274,0.20379589890319388
GPT 5.5,1113.0,1346.0,423.1827262912771,0.20379589890319388
GPT 5.5,1114.0,1346.0,425.15602525088843,0.20379589890319388
GPT 5.5,1115.0,1346.0,427.1385256937884,0.20379589890319388
GPT 5.5,1116.0,1346.0,429.130270526448,0.20379589890319388
GPT 5.5,1117.0,1346.0,431.13130285541104,0.20379589890319388
GPT 5.5,1118.0,1346.0,433.1416659882268,0.20379589890319388
GPT 5.5,1119.0,1346.0,435.1614034343875,0.20379589890319388
GPT 5.5,1120.0,1346.0,437.19055890627,0.20379589890319388
GPT 5.5,1121.0,1346.0,439.2291763200811,0.20379589890319388
GPT 5.5,1122.0,1346.0,441.2772997968101,0.20379589890319388
GPT 5.5,1123.0,1346.0,443.33497366318096,0.20379589890319388
GPT 5.5,1124.0,1346.0,445.40224245261334,0.20379589890319388
GPT 5.5,1125.0,1346.0,447.479150906186,0.20379589890319388
GPT 5.5,1126.0,1346.0,449.5657439736052,0.20379589890319388
GPT 5.5,1127.0,1346.0,451.66206681417736,0.20379589890319388
GPT 5.5,1128.0,1346.0,453.7681647977866,0.20379589890319388
GPT 5.5,1129.0,1346.0,455.8840835058765,0.20379589890319388
GPT 5.5,1130.0,1346.0,458.0098687324368,0.20379589890319388
GPT 5.5,1131.0,1346.0,460.1455664849943,0.20379589890319388
GPT 5.5,1132.0,1346.0,462.29122298560867,0.20379589890319388
GPT 5.5,1133.0,1346.0,464.4468846718729,0.20379589890319388
GPT 5.5,1134.0,1346.0,466.61259819791815,0.20379589890319388
GPT 5.5,1135.0,1346.0,468.78841043542315,0.20379589890319388
GPT 5.5,1136.0,1346.0,470.9743684746304,0.20379589890319388
GPT 5.5,1137.0,1346.0,473.1705196253626,0.20379589890319388
GPT 5.5,1138.0,1346.0,475.37691141804845,0.20379589890319388
GPT 5.5,1139.0,1346.0,477.5935916047506,0.20379589890319388
GPT 5.5,1140.0,1346.0,479.8206081601995,0.20379589890319388
GPT 5.5,1141.0,1346.0,482.05800928283156,0.20379589890319388
GPT 5.5,1142.0,1346.0,484.30584339583214,0.20379589890319388
GPT 5.5,1143.0,1346.0,486.5641591481837,0.20379589890319388
GPT 5.5,1144.0,1346.0,488.83300541571873,0.20379589890319388
GPT 5.5,1145.0,1346.0,491.11243130217747,0.20379589890319388
GPT 5.5,1146.0,1346.0,493.4024861402706,0.20379589890319388
GPT 5.5,1147.0,1346.0,495.70321949274694,0.20379589890319388
GPT 5.5,1148.0,1346.0,498.0146811534659,0.20379589890319388
GPT 5.5,1149.0,1346.0,500.3369211484767,0.20379589890319388
GPT 5.5,1150.0,1346.0,502.6699897370982,0.20379589890319388
GPT 5.5,1151.0,1346.0,505.01393741300905,0.20379589890319388
GPT 5.5,1152.0,1346.0,507.3688149053394,0.20379589890319388
GPT 5.5,1153.0,1346.0,509.73467317976906,0.20379589890319388
GPT 5.5,1154.0,1346.0,512.1115634396307,0.20379589890319388
GPT 5.5,1155.0,1346.0,514.4995371270179,0.20379589890319388
GPT 5.5,1156.0,1346.0,516.8986459238984,0.20379589890319388
GPT 5.5,1157.0,1346.0,519.3089417532325,0.20379589890319388
GPT 5.5,1158.0,1346.0,521.7304767800974,0.20379589890319388
GPT 5.5,1159.0,1346.0,524.1633034128156,0.20379589890319388
GPT 5.5,1160.0,1346.0,526.6074743040891,0.20379589890319388
GPT 5.5,1161.0,1346.0,529.0630423521397,0.20379589890319388
GPT 5.5,1162.0,1346.0,531.5300607018524,0.20379589890319388
GPT 5.5,1163.0,1346.0,534.0085827459285,0.20379589890319388
GPT 5.5,1164.0,1346.0,536.4986621260371,0.20379589890319388
GPT 5.5,1165.0,1346.0,539.0003527339791,0.20379589890319388
GPT 5.5,1166.0,1346.0,541.5137087128523,0.20379589890319388
GPT 5.5,1167.0,1346.0,544.038784458224,0.20379589890319388
GPT 5.5,1168.0,1346.0,546.5756346193072,0.20379589890319388
GPT 5.5,1169.0,1346.0,549.1243141001439,0.20379589890319388
GPT 5.5,1170.0,1346.0,551.6848780607941,0.20379589890319388
GPT 5.5,1171.0,1346.0,554.2573819185279,0.20379589890319388
GPT 5.5,1172.0,1346.0,556.8418813490267,0.20379589890319388
GPT 5.5,1173.0,1346.0,559.4384322875868,0.20379589890319388
GPT 5.5,1174.0,1346.0,562.0470909303308,0.20379589890319388
GPT 5.5,1175.0,1346.0,564.6679137354232,0.20379589890319388
GPT 5.5,1176.0,1346.0,567.3009574242926,0.20379589890319388
GPT 5.5,1177.0,1346.0,569.9462789828605,0.20379589890319388
GPT 5.5,1178.0,1346.0,572.6039356627721,0.20379589890319388
GPT 5.5,1179.0,1346.0,575.2739849826372,0.20379589890319388
GPT 5.5,1180.0,1346.0,577.9564847292746,0.20379589890319388
GPT 5.5,1181.0,1346.0,580.6514929589629,0.20379589890319388
GPT 5.5,1182.0,1346.0,583.3590679986964,0.20379589890319388
GPT 5.5,1183.0,1346.0,586.0792684474486,0.20379589890319388
GPT 5.5,1184.0,1346.0,588.8121531774389,0.20379589890319388
GPT 5.5,1185.0,1346.0,591.5577813354082,0.20379589890319388
GPT 5.5,1186.0,1346.0,594.3162123438981,0.20379589890319388
GPT 5.5,1187.0,1346.0,597.0875059025371,0.20379589890319388
GPT 5.5,1188.0,1346.0,599.8717219893332,0.20379589890319388
GPT 5.5,1189.0,1346.0,602.6689208619705,0.20379589890319388
GPT 5.5,1190.0,1346.0,605.4791630591164,0.20379589890319388
GPT 5.5,1191.0,1346.0,608.3025094017281,0.20379589890319388
GPT 5.5,1192.0,1346.0,611.1390209943709,0.20379589890319388
GPT 5.5,1193.0,1346.0,613.9887592265405,0.20379589890319388
GPT 5.5,1194.0,1346.0,616.851785773992,0.20379589890319388
GPT 5.5,1195.0,1346.0,619.7281626000733,0.20379589890319388
GPT 5.5,1196.0,1346.0,622.6179519570682,0.20379589890319388
GPT 5.5,1197.0,1346.0,625.5212163875415,0.20379589890319388
GPT 5.5,1198.0,1346.0,628.4380187256945,0.20379589890319388
GPT 5.5,1199.0,1346.0,631.3684220987236,0.20379589890319388
GPT 5.5,1200.0,1345.5,634.3124899281872,0.20448259418216386
GPT 5.5,1201.0,1221.0,637.2702859313781,0.37546971864568324
GPT 5.5,1202.0,1221.0,640.2418741227024,0.37546971864568324
GPT 5.5,1203.0,1221.0,643.2273188150646,0.37546971864568324
GPT 5.5,1204.0,1221.0,646.2266846212617,0.37546971864568324
GPT 5.5,1205.0,1221.0,649.2400364553781,0.37546971864568324
GPT 5.5,1206.0,1221.0,652.2674395341928,0.37546971864568324
GPT 5.5,1207.0,1221.0,655.3089593785903,0.37546971864568324
GPT 5.5,1208.0,1221.0,658.3646618149787,0.37546971864568324
GPT 5.5,1209.0,1221.0,661.4346129767143,0.37546971864568324
GPT 5.5,1210.0,1137.0,664.518879305533,0.49083452551263607
GPT 5.5,1211.0,1136.0,667.617527552988,0.49220791607057596
GPT 5.5,1212.0,1135.0,670.7306247818948,0.49358130662851585
GPT 5.5,1213.0,1135.0,673.8582383677824,0.49358130662851585
GPT 5.5,1214.0,1135.0,677.0004360003517,0.49358130662851585
GPT 5.5,1215.0,1135.0,680.1572856849401,0.49358130662851585
GPT 5.5,1216.0,1135.0,683.3288557439939,0.49358130662851585
GPT 5.5,1217.0,1135.0,686.5152148185455,0.49358130662851585
GPT 5.5,1218.0,1135.0,689.7164318697027,0.49358130662851585
GPT 5.5,1225.0,1135.0,712.5468352136968,0.49358130662851585
GPT 5.5,1226.0,1135.0,715.8694375820027,0.49358130662851585
GPT 5.5,1227.0,1135.0,719.2075332287181,0.49358130662851585
GPT 5.5,1228.0,1135.0,722.5611943989238,0.49358130662851585
GPT 5.5,1229.0,1135.0,725.9304936745788,0.49358130662851585
GPT 5.5,1230.0,1135.0,729.3155039760915,0.49358130662851585
GPT 5.5,1231.0,1135.0,732.7162985638969,0.49358130662851585
GPT 5.5,1232.0,1135.0,736.1329510400454,0.49358130662851585
GPT 5.5,1233.0,1135.0,739.5655353497913,0.49358130662851585
GPT 5.5,1234.0,1135.0,743.0141257831958,0.49358130662851585
GPT 5.5,1235.0,1135.0,746.4787969767343,0.49358130662851585
GPT 5.5,1236.0,1135.0,749.9596239149118,0.49358130662851585
GPT 5.5,1237.0,1135.0,753.4566819318858,0.49358130662851585
GPT 5.5,1238.0,1135.0,756.9700467130963,0.49358130662851585
GPT 5.5,1239.0,1135.0,760.4997942969042,0.49358130662851585
GPT 5.5,1240.0,1135.0,764.0460010762371,0.49358130662851585
GPT 5.5,1241.0,1135.0,767.6087438002422,0.49358130662851585
GPT 5.5,1242.0,1135.0,771.188099575948,0.49358130662851585
GPT 5.5,1243.0,1135.0,774.7841458699321,0.49358130662851585
GPT 5.5,1244.0,1135.0,778.396960509998,0.49358130662851585
GPT 5.5,1245.0,1135.0,782.0266216868622,0.49358130662851585
GPT 5.5,1246.0,1135.0,785.6732079558416,0.49358130662851585
GPT 5.5,1247.0,1135.0,789.336798238557,0.49358130662851585
GPT 5.5,1248.0,1135.0,793.0174718246404,0.49358130662851585
GPT 5.5,1249.0,1135.0,796.715308373451,0.49358130662851585
GPT 5.5,1250.0,1135.0,800.4303879157989,0.49358130662851585
GPT 5.5,1251.0,1135.0,804.1627908556777,0.49358130662851585
GPT 5.5,1252.0,1135.0,807.9125979720046,0.49358130662851585
GPT 5.5,1253.0,1135.0,811.6798904203682,0.49358130662851585
GPT 5.5,1254.0,1135.0,815.4647497347852,0.49358130662851585
GPT 5.5,1255.0,1135.0,819.2672578294653,0.49358130662851585
GPT 5.5,1256.0,1135.0,823.0874970005834,0.49358130662851585
GPT 5.5,1257.0,1135.0,826.9255499280614,0.49358130662851585
GPT 5.5,1258.0,1135.0,830.7814996773561,0.49358130662851585
GPT 5.5,1259.0,1135.0,834.6554297012608,0.49358130662851585
GPT 5.5,1260.0,1135.0,838.5474238417064,0.49358130662851585
GPT 5.5,1261.0,1135.0,842.4575663315788,0.49358130662851585
GPT 5.5,1262.0,1135.0,846.3859417965418,0.49358130662851585
GPT 5.5,1263.0,1135.0,850.332635256868,0.49358130662851585
GPT 5.5,1264.0,1135.0,854.297732129279,0.49358130662851585
GPT 5.5,1265.0,1135.0,858.2813182287946,0.49358130662851585
GPT 5.5,1266.0,1135.0,862.2834797705891,0.49358130662851585
GPT 5.5,1267.0,1135.0,866.304303371858,0.49358130662851585
GPT 5.5,1268.0,1135.0,870.3438760536926,0.49358130662851585
GPT 5.5,1269.0,1135.0,874.4022852429625,0.49358130662851585
GPT 5.5,1270.0,1135.0,878.4796187742089,0.49358130662851585
GPT 5.5,1271.0,1135.0,882.5759648915448,0.49358130662851585
GPT 5.5,1272.0,1135.0,886.6914122505642,0.49358130662851585
GPT 5.5,1273.0,1135.0,890.8260499202644,0.49358130662851585
GPT 5.5,1274.0,1135.0,894.9799673849682,0.49358130662851585
GPT 5.5,1275.0,1135.0,899.1532545462644,0.49358130662851585
GPT 5.5,1276.0,1135.0,903.3460017249525,0.49358130662851585
GPT 5.5,1277.0,1135.0,907.5582996629972,0.49358130662851585
GPT 5.5,1278.0,1135.0,911.7902395254928,0.49358130662851585
GPT 5.5,1279.0,1135.0,916.0419129026358,0.49358130662851585
GPT 5.5,1280.0,1135.0,920.3134118117074,0.49358130662851585
GPT 5.5,1281.0,1135.0,924.6048286990649,0.49358130662851585
GPT 5.5,1282.0,1135.0,928.9162564421426,0.49358130662851585
GPT 5.5,1283.0,1135.0,933.2477883514617,0.49358130662851585
GPT 5.5,1284.0,1135.0,937.5995181726499,0.49358130662851585
GPT 5.5,1285.0,1135.0,941.9715400884695,0.49358130662851585
GPT 5.5,1286.0,1135.0,946.3639487208593,0.49358130662851585
GPT 5.5,1287.0,1135.0,950.7768391329769,0.49358130662851585
GPT 5.5,1288.0,1135.0,955.2103068312597,0.49358130662851585
GPT 5.5,1289.0,1135.0,959.6644477674914,0.49358130662851585
GPT 5.5,1290.0,1135.0,964.1393583408784,0.49358130662851585
GPT 5.5,1291.0,1135.0,968.6351354001359,0.49358130662851585
GPT 5.5,1292.0,1135.0,973.1518762455844,0.49358130662851585
GPT 5.5,1293.0,1135.0,977.6896786312551,0.49358130662851585
GPT 5.5,1294.0,1135.0,982.2486407670061,0.49358130662851585
GPT 5.5,1295.0,1135.0,986.8288613206471,0.49358130662851585
GPT 5.5,1296.0,1135.0,991.4304394200758,0.49358130662851585
GPT 5.5,1297.0,1135.0,996.0534746554224,0.49358130662851585
GPT 5.5,1298.0,1135.0,1000.6980670812057,0.49358130662851585
GPT 5.5,1299.0,1135.0,1005.3643172184969,0.49358130662851585
GPT 5.5,1300.0,1135.0,1010.0523260570999,0.49358130662851585
GPT 5.5,1301.0,1135.0,1014.7621950577301,0.49358130662851585
GPT 5.5,1302.0,1135.0,1019.494026154215,0.49358130662851585
GPT 5.5,1303.0,1135.0,1024.2479217556988,0.49358130662851585
GPT 5.5,1304.0,1135.0,1029.0239847488594,0.49358130662851585
GPT 5.5,1305.0,1135.0,1033.8223185001345,0.49358130662851585
GPT 5.5,1306.0,1135.0,1038.6430268579588,0.49358130662851585
GPT 5.5,1307.0,1135.0,1043.4862141550122,0.49358130662851585
GPT 5.5,1308.0,1135.0,1048.3519852104773,0.49358130662851585
GPT 5.5,1309.0,1135.0,1053.2404453323074,0.49358130662851585
GPT 5.5,1310.0,1135.0,1058.1517003195072,0.49358130662851585
GPT 5.5,1311.0,1135.0,1063.0858564644209,0.49358130662851585
GPT 5.5,1312.0,1135.0,1068.0430205550338,0.49358130662851585
GPT 5.5,1313.0,1135.0,1073.0232998772815,0.49358130662851585
GPT 5.5,1314.0,1135.0,1078.0268022173773,0.49358130662851585
GPT 5.5,1315.0,1135.0,1083.0536358641375,0.49358130662851585
GPT 5.5,1316.0,1135.0,1088.1039096113295,0.49358130662851585
GPT 5.5,1317.0,1135.0,1093.1777327600257,0.49358130662851585
GPT 5.5,1318.0,1135.0,1098.2752151209688,0.49358130662851585
GPT 5.5,1319.0,1135.0,1103.3964670169485,0.49358130662851585
GPT 5.5,1320.0,1135.0,1108.5415992851892,0.49358130662851585
GPT 5.5,1321.0,1135.0,1113.7107232797487,0.49358130662851585
GPT 5.5,1322.0,1134.5,1118.9039508739281,0.4942680019074858
GPT 5.5,1323.0,1131.5,1124.1213944626932,0.49838817358130555
GPT 5.5,1324.0,1127.0,1129.3631669651068,0.5045684310920352
GPT 5.5,1325.0,1127.0,1134.629381826773,0.5045684310920352
GPT 5.5,1326.0,1130.5,1139.920153022291,0.4997615641392455
GPT 5.5,1327.0,1127.5,1145.2355950577266,0.5038817358130653
GPT 5.5,1328.0,1127.0,1150.575822973083,0.5045684310920352
GPT 5.5,1329.0,1127.0,1155.9409523447955,0.5045684310920352
GPT 5.5,1330.0,1127.0,1161.331099288232,0.5045684310920352
GPT 5.5,1331.0,1127.0,1166.746380460206,0.5045684310920352
GPT 5.5,1332.0,1127.0,1172.1869130615005,0.5045684310920352
GPT 5.5,1333.0,1127.0,1177.6528148394057,0.5045684310920352
GPT 5.5,1334.0,1127.0,1183.1442040902666,0.5045684310920352
GPT 5.5,1335.0,1127.0,1188.6611996620436,0.5045684310920352
GPT 5.5,1336.0,1127.0,1194.2039209568843,0.5045684310920352
GPT 5.5,1337.0,1127.0,1199.7724879337084,0.5045684310920352
GPT 5.5,1338.0,1127.0,1205.367021110803,0.5045684310920352
GPT 5.5,1339.0,1127.0,1210.9876415684314,0.5045684310920352
GPT 5.5,1340.0,1127.0,1216.6344709514526,0.5045684310920352
GPT 5.5,1341.0,1127.0,1222.3076314719588,0.5045684310920352
GPT 5.5,1342.0,1127.0,1228.0072459119122,0.5045684310920352
GPT 5.5,1343.0,1127.0,1233.7334376258084,0.5045684310920352
GPT 5.5,1344.0,1127.0,1239.4863305433444,0.5045684310920352
GPT 5.5,1345.0,1127.0,1245.2660491721008,0.5045684310920352
GPT 5.5,1346.0,1127.0,1251.0727186002364,0.5045684310920352
GPT 5.5,1347.0,1127.0,1256.9064644991952,0.5045684310920352
GPT 5.5,1348.0,1127.0,1262.7674131264268,0.5045684310920352
GPT 5.5,1349.0,1127.0,1268.6556913281186,0.5045684310920352
GPT 5.5,1350.0,1127.0,1274.5714265419413,0.5045684310920352
GPT 5.5,1351.0,1127.0,1280.5147467998063,0.5045684310920352
GPT 5.5,1352.0,1127.0,1286.4857807306378,0.5045684310920352
GPT 5.5,1353.0,1127.0,1292.4846575631557,0.5045684310920352
GPT 5.5,1354.0,1127.0,1298.5115071286716,0.5045684310920352
GPT 5.5,1355.0,1127.0,1304.5664598639037,0.5045684310920352
GPT 5.5,1356.0,1127.0,1310.649646813792,0.5045684310920352
GPT 5.5,1357.0,1127.0,1316.7611996343398,0.5045684310920352
GPT 5.5,1358.0,1127.0,1322.901250595462,0.5045684310920352
GPT 5.5,1359.0,1127.0,1329.0699325838466,0.5045684310920352
GPT 5.5,1360.0,1127.0,1335.2673791058326,0.5045684310920352
GPT 5.5,1361.0,1127.0,1341.4937242902975,0.5045684310920352
GPT 5.5,1362.0,1127.0,1347.749102891562,0.5045684310920352
GPT 5.5,1363.0,1127.0,1354.0336502923044,0.5045684310920352
GPT 5.5,1364.0,1127.0,1360.347502506493,0.5045684310920352
GPT 5.5,1365.0,1127.0,1366.6907961823276,0.5045684310920352
GPT 5.5,1366.0,1127.0,1373.0636686051985,0.5045684310920352
GPT 5.5,1367.0,1127.0,1379.466257700655,0.5045684310920352
GPT 5.5,1368.0,1127.0,1385.8987020373977,0.5045684310920352
GPT 5.5,1369.0,1127.0,1392.3611408302672,0.5045684310920352
GPT 5.5,1370.0,1127.0,1398.8537139432644,0.5045684310920352
GPT 5.5,1371.0,1127.0,1405.376561892575,0.5045684310920352
GPT 5.5,1372.0,1127.0,1411.9298258496106,0.5045684310920352
GPT 5.5,1373.0,1127.0,1418.5136476440653,0.5045684310920352
GPT 5.5,1374.0,808.0,1425.1281697669833,0.942680019074868
GPT 5.5,1375.0,807.0,1431.7735353738449,0.9440534096328078
GPT 5.5,1376.0,807.0,1438.449888287663,0.9440534096328078
GPT 5.5,1377.0,806.0,1445.1573730020966,0.9454268001907478
GPT 5.5,1378.0,807.0,1451.8961346845779,0.9440534096328078
GPT 5.5,1379.0,806.5,1458.6663191794544,0.9447401049117778
GPT 5.5,1380.0,806.5,1465.4680730111447,0.9447401049117778
GPT 5.5,1381.0,806.0,1472.301543387309,0.9454268001907478
GPT 5.5,1382.0,806.5,1479.1668782020402,0.9447401049117778
GPT 5.5,1383.0,806.0,1486.064226039056,0.9454268001907478
GPT 5.5,1384.0,806.5,1492.9937361749212,0.9447401049117778
GPT 5.5,1385.0,806.0,1499.9555585822761,0.9454268001907478
GPT 5.5,1386.0,806.5,1506.949843933083,0.9447401049117778
GPT 5.5,1387.0,806.0,1513.9767436018867,0.9454268001907478
GPT 5.5,1388.0,806.5,1521.0364096690905,0.9447401049117778
GPT 5.5,1389.0,806.0,1528.1289949242482,0.9454268001907478
GPT 5.5,1390.0,806.5,1535.2546528693704,0.9447401049117778
GPT 5.5,1391.0,806.0,1542.4135377222467,0.9454268001907478
GPT 5.5,1392.0,806.5,1549.605804419784,0.9447401049117778
GPT 5.5,1393.0,806.0,1556.8316086213583,0.9454268001907478
GPT 5.5,1394.0,806.5,1564.0911067121854,0.9447401049117778
GPT 5.5,1395.0,806.0,1571.3844558067026,0.9454268001907478
GPT 5.5,1396.0,806.5,1578.7118137519758,0.9447401049117778
GPT 5.5,1397.0,806.0,1586.0733391311062,0.9454268001907478
GPT 5.5,1398.0,806.5,1593.469191266669,0.9447401049117778
GPT 5.5,1399.0,806.0,1600.89953022416,0.9454268001907478
GPT 5.5,1400.0,806.5,1608.3645168154585,0.9447401049117778
GPT 5.5,1401.0,806.0,1615.86431260231,0.9454268001907478
GPT 5.5,1402.0,806.5,1623.3990798998213,0.9447401049117778
GPT 5.5,1403.0,806.0,1630.9689817799735,0.9454268001907478
GPT 5.5,1404.0,806.5,1638.5741820751518,0.9447401049117778
GPT 5.5,1405.0,806.0,1646.2148453816908,0.9454268001907478
GPT 5.5,1406.0,806.5,1653.8911370634369,0.9447401049117778
GPT 5.5,1407.0,806.0,1661.6032232553277,0.9454268001907478
GPT 5.5,1408.0,806.5,1669.3512708669869,0.9447401049117778
GPT 5.5,1409.0,806.0,1677.1354475863352,0.9454268001907478
GPT 5.5,1410.0,806.5,1684.9559218832267,0.9447401049117778
GPT 5.5,1411.0,806.0,1692.812863013084,0.9454268001907478
GPT 5.5,1412.0,806.5,1700.706441020569,0.9447401049117778
GPT 5.5,1413.0,806.0,1708.6368267432608,0.9454268001907478
GPT 5.5,1414.0,806.5,1716.6041918153535,0.9447401049117778
GPT 5.5,1415.0,806.0,1724.6087086713703,0.9454268001907478
GPT 5.5,1416.0,806.5,1732.6505505498958,0.9447401049117778
GPT 5.5,1417.0,806.0,1740.7298914973258,0.9454268001907478
GPT 5.5,1418.0,806.5,1748.8469063716325,0.9447401049117778
GPT 5.5,1419.0,806.0,1757.001770846151,0.9454268001907478
GPT 5.5,1420.0,806.5,1765.1946614133797,0.9447401049117778
GPT 5.5,1421.0,806.0,1773.425755388801,0.9454268001907478
GPT 5.5,1422.0,806.5,1781.6952309147164,0.9447401049117778
GPT 5.5,1423.0,806.0,1790.0032669641096,0.9454268001907478
GPT 5.5,1424.0,806.5,1798.3500433445092,0.9447401049117778
GPT 5.5,1425.0,806.0,1806.735740701887,0.9454268001907478
GPT 5.5,1426.0,806.5,1815.160540524566,0.9447401049117778
GPT 5.5,1427.0,806.0,1823.624625147149,0.9454268001907478
GPT 5.5,1428.0,806.5,1832.1281777544627,0.9447401049117778
GPT 5.5,1429.0,806.0,1840.6713823855257,0.9454268001907478
GPT 5.5,1430.0,806.5,1849.2544239375281,0.9447401049117778
GPT 5.5,1431.0,806.0,1857.8774881698353,0.9454268001907478
GPT 5.5,1432.0,806.5,1866.5407617080075,0.9447401049117778
GPT 5.5,1433.0,806.0,1875.2444320478394,0.9454268001907478
GPT 5.5,1434.0,806.5,1883.9886875594168,0.9447401049117778
GPT 5.5,1435.0,806.0,1892.7737174911954,0.9454268001907478
GPT 5.5,1436.0,806.5,1901.5997119740925,0.9447401049117778
GPT 5.5,1437.0,806.0,1910.4668620256116,0.9454268001907478
GPT 5.5,1438.0,806.5,1919.3753595539633,0.9447401049117778
GPT 5.5,1439.0,806.0,1928.325397362228,0.9454268001907478
GPT 5.5,1440.0,806.5,1937.3171691525251,0.9447401049117778
GPT 5.5,1441.0,806.0,1946.3508695302066,0.9454268001907478
GPT 5.5,1442.0,806.5,1955.4266940080681,0.9447401049117778
GPT 5.5,1443.0,806.0,1964.5448390105805,0.9454268001907478
GPT 5.5,1444.0,806.5,1973.7055018781407,0.9447401049117778
GPT 5.5,1445.0,806.0,1982.908880871343,0.9454268001907478
GPT 5.5,1446.0,806.5,1992.1551751752704,0.9447401049117778
GPT 5.5,1447.0,806.0,2001.444584903804,0.9454268001907478
GPT 5.5,1448.0,806.5,2010.7773111039562,0.9447401049117778
GPT 5.5,1449.0,806.0,2020.1535557602194,0.9454268001907478
GPT 5.5,1450.0,806.5,2029.5735217989372,0.9447401049117778
GPT 5.5,1451.0,806.0,2039.0374130927041,0.9454268001907478
GPT 5.5,1452.0,806.5,2048.5454344647646,0.9447401049117778
GPT 5.5,1453.0,806.0,2058.097791693456,0.9454268001907478
GPT 5.5,1454.0,806.5,2067.6946915166586,0.9447401049117778
GPT 5.5,1455.0,806.0,2077.33634163627,0.9454268001907478
GPT 5.5,1456.0,806.5,2087.0229507227004,0.9447401049117778
GPT 5.5,1457.0,806.0,2096.7547284193906,0.9454268001907478
GPT 5.5,1458.0,806.5,2106.531885347347,0.9447401049117778
GPT 5.5,1459.0,806.0,2116.3546331096995,0.9454268001907478
GPT 5.5,1460.0,806.5,2126.223184296284,0.9447401049117778
GPT 5.5,1461.0,806.0,2136.137752488242,0.9454268001907478
GPT 5.5,1462.0,806.5,2146.09855226264,0.9447401049117778
GPT 5.5,1463.0,806.0,2156.105799197118,0.9454268001907478
GPT 5.5,1464.0,806.5,2166.159709874557,0.9447401049117778
GPT 5.5,1465.0,806.0,2176.2605018877575,0.9454268001907478
GPT 5.5,1466.0,806.5,2186.4083938441568,0.9447401049117778
GPT 5.5,1467.0,806.0,2196.6036053705566,0.9454268001907478
GPT 5.5,1468.0,806.5,2206.8463571178777,0.9447401049117778
GPT 5.5,1469.0,806.0,2217.136870765936,0.9454268001907478
GPT 5.5,1470.0,806.5,2227.4753690282373,0.9447401049117778
GPT 5.5,1471.0,806.0,2237.8620756568007,0.9454268001907478
GPT 5.5,1472.0,806.5,2248.2972154470003,0.9447401049117778
GPT 5.5,1473.0,806.0,2258.7810142424287,0.9454268001907478
GPT 5.5,1474.0,806.5,2269.3136989397867,0.9447401049117778
GPT 5.5,1475.0,806.0,2279.8954974937933,0.9454268001907478
GPT 5.5,1476.0,806.5,2290.5266389221188,0.9447401049117778
GPT 5.5,1477.0,806.0,2301.2073533103403,0.9454268001907478
GPT 5.5,1478.0,806.5,2311.937871816929,0.9447401049117778
GPT 5.5,1479.0,806.0,2322.71842667824,0.9454268001907478
GPT 5.5,1480.0,806.5,2333.5492512135484,0.9447401049117778
GPT 5.5,1481.0,806.0,2344.430579830095,0.9454268001907478
GPT 5.5,1482.0,806.5,2355.362648028161,0.9447401049117778
GPT 5.5,1483.0,806.0,2366.345692406164,0.9454268001907478
GPT 5.5,1484.0,806.5,2377.3799506657783,0.9447401049117778
GPT 5.5,1485.0,806.0,2388.465661617082,0.9454268001907478
GPT 5.5,1486.0,805.5,2399.6030651837204,0.9461134954697177
GPT 5.5,1487.0,804.5,2410.792402408104,0.9474868860276576
GPT 5.5,1488.0,804.5,2422.0339154566223,0.9474868860276576
GPT 5.5,1489.0,804.0,2433.3278476248843,0.9481735813066275
GPT 5.5,1490.0,804.0,2444.6744433429863,0.9481735813066275
GPT 5.5,1491.0,802.5,2456.0739481807987,0.9502336671435375
GPT 5.5,1492.0,802.0,2467.5266088532894,0.9509203624225074
GPT 5.5,1493.0,802.0,2479.032673225851,0.9509203624225074
GPT 5.5,1494.0,802.0,2490.5923903196717,0.9509203624225074
GPT 5.5,1495.0,802.0,2502.206010317126,0.9509203624225074
GPT 5.5,1496.0,802.0,2513.873784567187,0.9509203624225074
GPT 5.5,1497.0,802.0,2525.595965590867,0.9509203624225074
GPT 5.5,1498.0,802.0,2537.3728070866814,0.9509203624225074
GPT 5.5,1499.0,802.0,2549.2045639361418,0.9509203624225074
GPT 5.5,1500.0,802.0,2561.091492209271,0.9509203624225074
GPT 5.5,1501.0,802.0,2573.033849170144,0.9509203624225074
GPT 5.5,1502.0,802.0,2585.0318932824584,0.9509203624225074
GPT 5.5,1503.0,802.0,2597.0858842151256,0.9509203624225074
GPT 5.5,1504.0,802.0,2609.196082847889,0.9509203624225074
GPT 5.5,1505.0,802.0,2621.362751276982,0.9509203624225074
GPT 5.5,1506.0,802.0,2633.5861528207834,0.9509203624225074
GPT 5.5,1507.0,802.0,2645.8665520255254,0.9509203624225074
GPT 5.5,1508.0,802.0,2658.2042146710196,0.9509203624225074
GPT 5.5,1509.0,802.0,2670.599407776407,0.9509203624225074
GPT 5.5,1510.0,802.0,2683.052399605938,0.9509203624225074
GPT 5.5,1511.0,802.0,2695.5634596747764,0.9509203624225074
GPT 5.5,1512.0,802.0,2708.1328587548355,0.9509203624225074
GPT 5.5,1513.0,802.0,2720.7608688806363,0.9509203624225074
GPT 5.5,1514.0,802.0,2733.4477633551946,0.9509203624225074
GPT 5.5,1515.0,802.0,2746.193816755938,0.9509203624225074
GPT 5.5,1516.0,802.0,2758.9993049406457,0.9509203624225074
GPT 5.5,1517.0,802.0,2771.864505053423,0.9509203624225074
GPT 5.5,1518.0,802.0,2784.7896955306906,0.9509203624225074
GPT 5.5,1519.0,802.0,2797.7751561072278,0.9509203624225074
GPT 5.5,1520.0,802.0,2810.821167822207,0.9509203624225074
GPT 5.5,1521.0,802.0,2823.928013025287,0.9509203624225074
GPT 5.5,1522.0,802.0,2837.0959753827215,0.9509203624225074
GPT 5.5,1523.0,802.0,2850.325339883499,0.9509203624225074
GPT 5.5,1524.0,802.0,2863.6163928455107,0.9509203624225074
GPT 5.5,1525.0,802.0,2876.9694219217463,0.9509203624225074
GPT 5.5,1526.0,802.0,2890.384716106519,0.9509203624225074
GPT 5.5,1527.0,802.0,2903.862565741723,0.9509203624225074
GPT 5.5,1528.0,802.0,2917.4032625231134,0.9509203624225074
GPT 5.5,1529.0,802.0,2931.0070995066226,0.9509203624225074
GPT 5.5,1530.0,802.0,2944.6743711147005,0.9509203624225074
GPT 5.5,1531.0,802.0,2958.405373142688,0.9509203624225074
GPT 5.5,1532.0,802.0,2972.2004027652147,0.9509203624225074
GPT 5.5,1533.0,802.0,2986.059758542643,0.9509203624225074
GPT 5.5,1534.0,802.0,2999.9837404275127,0.9509203624225074
GPT 5.5,1535.0,802.0,3013.972649771042,0.9509203624225074
GPT 5.5,1536.0,802.0,3028.026789329651,0.9509203624225074
GPT 5.5,1537.0,802.0,3042.146463271509,0.9509203624225074
GPT 5.5,1538.0,802.0,3056.3319771831216,0.9509203624225074
GPT 5.5,1539.0,802.0,3070.583638075941,0.9509203624225074
GPT 5.5,1540.0,802.0,3084.901754393015,0.9509203624225074
GPT 5.5,1541.0,802.0,3099.2866360156568,0.9509203624225074
GPT 5.5,1542.0,802.0,3113.738594270156,0.9509203624225074
GPT 5.5,1543.0,802.0,3128.2579419345166,0.9509203624225074
GPT 5.5,1544.0,802.0,3142.8449932452227,0.9509203624225074
GPT 5.5,1545.0,802.0,3157.500063904042,0.9509203624225074
GPT 5.5,1546.0,802.0,3172.223471084855,0.9509203624225074
GPT 5.5,1547.0,802.0,3187.015533440533,0.9509203624225074
GPT 5.5,1548.0,802.0,3201.876571109813,0.9509203624225074
GPT 5.5,1549.0,802.0,3216.8069057242415,0.9509203624225074
GPT 5.5,1550.0,802.0,3231.806860415131,0.9509203624225074
GPT 5.5,1551.0,802.0,3246.876759820553,0.9509203624225074
GPT 5.5,1552.0,802.0,3262.0169300923662,0.9509203624225074
GPT 5.5,1553.0,802.0,3277.2276989032725,0.9509203624225074
GPT 5.5,1560.0,802.0,3385.707686850267,0.9509203624225074
GPT 5.5,1561.0,802.0,3401.495225048154,0.9509203624225074
GPT 5.5,1562.0,802.0,3417.3563804585724,0.9509203624225074
GPT 5.5,1563.0,802.0,3433.2914963582193,0.9509203624225074
GPT 5.5,1564.0,802.0,3449.30091762449,0.9509203624225074
GPT 5.5,1565.0,802.0,3465.384990742942,0.9509203624225074
GPT 5.5,1566.0,802.0,3481.544063814793,0.9509203624225074
GPT 5.5,1567.0,802.0,3497.778486564454,0.9509203624225074
GPT 5.5,1568.0,802.0,3514.0886103471003,0.9509203624225074
GPT 5.5,1569.0,802.0,3530.4747881562744,0.9509203624225074
GPT 5.5,1570.0,802.0,3546.9373746315255,0.9509203624225074
GPT 5.5,1571.0,802.0,3563.476726066086,0.9509203624225074
GPT 5.5,1572.0,802.0,3580.0932004145816,0.9509203624225074
GPT 5.5,1573.0,802.0,3596.787157300774,0.9509203624225074
GPT 5.5,1574.0,802.0,3613.558958025362,0.9509203624225074
GPT 5.5,1575.0,802.0,3630.408965573774,0.9509203624225074
GPT 5.5,1576.0,802.0,3647.337544624043,0.9509203624225074
GPT 5.5,1577.0,802.0,3664.345061554694,0.9509203624225074
GPT 5.5,1578.0,802.0,3681.4318844526724,0.9509203624225074
GPT 5.5,1579.0,802.0,3698.5983831213116,0.9509203624225074
GPT 5.5,1580.0,802.0,3715.8449290883364,0.9509203624225074
GPT 5.5,1581.0,802.0,3733.171895613903,0.9509203624225074
GPT 5.5,1582.0,802.0,3750.5796576986786,0.9509203624225074
GPT 5.5,1583.0,802.0,3768.0685920919555,0.9509203624225074
GPT 5.5,1584.0,802.0,3785.6390772998066,0.9509203624225074
GPT 5.5,1585.0,802.0,3803.2914935932777,0.9509203624225074
GPT 5.5,1586.0,802.0,3821.0262230166154,0.9509203624225074
GPT 5.5,1587.0,802.0,3838.8436493955332,0.9509203624225074
GPT 5.5,1588.0,802.0,3856.7441583455343,0.9509203624225074
GPT 5.5,1589.0,802.0,3874.7281372802317,0.9509203624225074
GPT 5.5,1590.0,802.0,3892.7959754197523,0.9509203624225074
GPT 5.5,1591.0,802.0,3910.948063799153,0.9509203624225074
GPT 5.5,1592.0,802.0,3929.1847952768853,0.9509203624225074
GPT 5.5,1593.0,802.0,3947.5065645432983,0.9509203624225074
GPT 5.5,1594.0,802.0,3965.9137681291804,0.9509203624225074
GPT 5.5,1595.0,802.0,3984.4068044143405,0.9509203624225074
GPT 5.5,1596.0,802.0,4002.9860736362307,0.9509203624225074
GPT 5.5,1597.0,802.0,4021.651977898608,0.9509203624225074
GPT 5.5,1598.0,802.0,4040.404921180239,0.9509203624225074
GPT 5.5,1599.0,802.0,4059.2453093436384,0.9509203624225074
GPT 5.5,1600.0,802.0,4078.1735501438543,0.9509203624225074
GPT 5.5,1601.0,802.0,4097.190053237306,0.9509203624225074
GPT 5.5,1602.0,802.0,4116.295230190625,0.9509203624225074
GPT 5.5,1603.0,802.0,4135.489494489583,0.9509203624225074
GPT 5.5,1604.0,802.0,4154.773261548031,0.9509203624225074
GPT 5.5,1605.0,802.0,4174.146948716893,0.9509203624225074
GPT 5.5,1606.0,802.0,4193.610975293201,0.9509203624225074
GPT 5.5,1607.0,802.0,4213.165762529164,0.9509203624225074
GPT 5.5,1608.0,802.0,4232.811733641289,0.9509203624225074
GPT 5.5,1609.0,802.0,4252.54931381954,0.9509203624225074
GPT 5.5,1610.0,802.0,4272.378930236539,0.9509203624225074
GPT 5.5,1611.0,802.0,4292.301012056812,0.9509203624225074
GPT 5.5,1612.0,802.0,4312.315990446078,0.9509203624225074
GPT 5.5,1613.0,802.0,4332.424298580577,0.9509203624225074
GPT 5.5,1614.0,802.0,4352.626371656446,0.9509203624225074
GPT 5.5,1615.0,802.0,4372.922646899152,0.9509203624225074
GPT 5.5,1616.0,802.0,4393.313563572929,0.9509203624225074
GPT 5.5,1617.0,802.0,4413.7995629903,0.9509203624225074
GPT 5.5,1618.0,802.0,4434.38108852163,0.9509203624225074
GPT 5.5,1619.0,802.0,4455.058585604715,0.9509203624225074
GPT 5.5,1620.0,802.0,4475.832501754426,0.9509203624225074
GPT 5.5,1621.0,802.0,4496.703286572394,0.9509203624225074
GPT 5.5,1622.0,802.0,4517.671391756741,0.9509203624225074
GPT 5.5,1623.0,802.0,4538.737271111853,0.9509203624225074
GPT 5.5,1624.0,802.0,4559.901380558204,0.9509203624225074
GPT 5.5,1625.0,802.0,4581.164178142226,0.9509203624225074
GPT 5.5,1626.0,802.0,4602.526124046215,0.9509203624225074
GPT 5.5,1627.0,802.0,4623.987680598297,0.9509203624225074
GPT 5.5,1628.0,802.0,4645.5493122824255,0.9509203624225074
GPT 5.5,1629.0,802.0,4667.211485748458,0.9509203624225074
GPT 5.5,1630.0,802.0,4688.974669822219,0.9509203624225074
GPT 5.5,1631.0,802.0,4710.839335515675,0.9509203624225074
GPT 5.5,1632.0,802.0,4732.805956037116,0.9509203624225074
GPT 5.5,1633.0,802.0,4754.8750068014,0.9509203624225074
GPT 5.5,1634.0,802.0,4777.046965440243,0.9509203624225074
GPT 5.5,1635.0,802.0,4799.322311812555,0.9509203624225074
GPT 5.5,1636.0,802.0,4821.701528014826,0.9509203624225074
GPT 5.5,1637.0,802.0,4844.18509839156,0.9509203624225074
GPT 5.5,1638.0,802.0,4866.773509545756,0.9509203624225074
GPT 5.5,1639.0,802.0,4889.467250349439,0.9509203624225074
GPT 5.5,1640.0,802.0,4912.266811954246,0.9509203624225074
GPT 5.5,1641.0,802.0,4935.172687802044,0.9509203624225074
GPT 5.5,1642.0,802.0,4958.185373635631,0.9509203624225074
GPT 5.5,1643.0,802.0,4981.305367509437,0.9509203624225074
GPT 5.5,1644.0,802.0,5004.533169800326,0.9509203624225074
GPT 5.5,1645.0,802.0,5027.86928321841,0.9509203624225074
GPT 5.5,1646.0,802.0,5051.314212817941,0.9509203624225074
GPT 5.5,1647.0,802.0,5074.8684660082345,0.9509203624225074
GPT 5.5,1648.0,802.0,5098.532552564653,0.9509203624225074
GPT 5.5,1649.0,802.0,5122.306984639642,0.9509203624225074
GPT 5.5,1650.0,802.0,5146.192276773806,0.9509203624225074
GPT 5.5,1651.0,802.0,5170.1889459070535,0.9509203624225074
GPT 5.5,1652.0,802.0,5194.297511389781,0.9509203624225074
GPT 5.5,1653.0,802.0,5218.518494994112,0.9509203624225074
GPT 5.5,1654.0,802.0,5242.852420925192,0.9509203624225074
GPT 5.5,1655.0,802.0,5267.299815832525,0.9509203624225074
GPT 5.5,1656.0,802.0,5291.8612088213995,0.9509203624225074
GPT 5.5,1657.0,802.0,5316.537131464299,0.9509203624225074
GPT 5.5,1658.0,802.0,5341.328117812433,0.9509203624225074
GPT 5.5,1663.0,801.5,5467.027871895265,0.9516070577014774
GPT 5.5,1664.0,801.5,5492.520595821694,0.9516070577014774
GPT 5.5,1665.0,801.5,5518.132192193703,0.9516070577014774
GPT 5.5,1666.0,797.0,5543.863215312919,0.957787315212207
GPT 5.5,1667.0,797.0,5569.714222065672,0.957787315212207
GPT 5.5,1668.0,796.0,5595.685771935054,0.9591607057701469
GPT 5.5,1669.0,796.0,5621.778427013013,0.9591607057701469
GPT 5.5,1670.0,796.0,5647.992752012551,0.9591607057701469
GPT 5.5,1671.0,801.5,5674.329314279905,0.9516070577014774
Opus 4.5,800.0,1314.0,98.65993438771224,0.24774439675727117
Opus 4.5,801.0,1314.0,99.11998517378471,0.24774439675727117
Opus 4.5,802.0,1314.0,99.58218117439719,0.24774439675727117
Opus 4.5,803.0,1314.0,100.0465323926745,0.24774439675727117
Opus 4.5,804.0,1314.0,100.51304887838592,0.24774439675727117
Opus 4.5,805.0,1314.0,100.98174072816279,0.24774439675727117
Opus 4.5,806.0,1314.0,101.4526180857169,0.24774439675727117
Opus 4.5,807.0,1314.0,101.9256911420604,0.24774439675727117
Opus 4.5,808.0,1314.0,102.40097013572579,0.24774439675727117
Opus 4.5,809.0,1314.0,102.87846535298787,0.24774439675727117
Opus 4.5,810.0,1314.0,103.35818712808634,0.24774439675727117
Opus 4.5,811.0,1314.0,103.84014584344936,0.24774439675727117
Opus 4.5,812.0,1314.0,104.32435192991832,0.24774439675727117
Opus 4.5,813.0,1314.0,104.81081586697358,0.24774439675727117
Opus 4.5,814.0,1314.0,105.29954818296126,0.24774439675727117
Opus 4.5,815.0,1314.0,105.79055945532109,0.24774439675727117
Opus 4.5,816.0,1314.0,106.28386031081536,0.24774439675727117
Opus 4.5,817.0,1314.0,106.7794614257589,0.24774439675727117
Opus 4.5,818.0,1314.0,107.27737352625016,0.24774439675727117
Opus 4.5,819.0,1314.0,107.7776073884033,0.24774439675727117
Opus 4.5,820.0,1314.0,108.28017383858138,0.24774439675727117
Opus 4.5,821.0,1314.0,108.78508375363101,0.24774439675727117
Opus 4.5,822.0,1314.0,109.29234806111722,0.24774439675727117
Opus 4.5,823.0,1314.0,109.80197773956029,0.24774439675727117
Opus 4.5,824.0,1314.0,110.31398381867326,0.24774439675727117
Opus 4.5,825.0,1314.0,110.82837737960074,0.24774439675727117
Opus 4.5,826.0,1314.0,111.3451695551586,0.24774439675727117
Opus 4.5,827.0,1314.0,111.86437153007502,0.24774439675727117
Opus 4.5,828.0,1314.0,112.38599454123245,0.24774439675727117
Opus 4.5,829.0,1314.0,112.91004987791095,0.24774439675727117
Opus 4.5,830.0,1314.0,113.43654888203235,0.24774439675727117
Opus 4.5,831.0,1314.0,113.9655029484059,0.24774439675727117
Opus 4.5,832.0,1314.0,114.4969235249747,0.24774439675727117
Opus 4.5,833.0,1314.0,115.03082211306351,0.24774439675727117
Opus 4.5,834.0,1314.0,115.56721026762798,0.24774439675727117
Opus 4.5,835.0,1314.0,116.10609959750418,0.24774439675727117
Opus 4.5,836.0,1314.0,116.64750176566024,0.24774439675727117
Opus 4.5,837.0,1314.0,117.19142848944858,0.24774439675727117
Opus 4.5,838.0,1314.0,117.73789154085966,0.24774439675727117
Opus 4.5,839.0,1314.0,118.28690274677665,0.24774439675727117
Opus 4.5,840.0,1314.0,118.83847398923137,0.24774439675727117
Opus 4.5,841.0,1314.0,119.39261720566157,0.24774439675727117
Opus 4.5,842.0,1314.0,119.94934438916916,0.24774439675727117
Opus 4.5,843.0,1314.0,120.50866758877983,0.24774439675727117
Opus 4.5,844.0,1314.0,121.07059890970385,0.24774439675727117
Opus 4.5,845.0,1314.0,121.63515051359799,0.24774439675727117
Opus 4.5,846.0,1314.0,122.2023346188288,0.24774439675727117
Opus 4.5,847.0,1314.0,122.77216350073684,0.24774439675727117
Opus 4.5,848.0,1314.0,123.34464949190294,0.24774439675727117
Opus 4.5,849.0,1314.0,123.9198049824143,0.24774439675727117
Opus 4.5,850.0,1314.0,124.49764242013316,0.24774439675727117
Opus 4.5,851.0,1314.0,125.0781743109661,0.24774439675727117
Opus 4.5,852.0,1314.0,125.66141321913464,0.24774439675727117
Opus 4.5,853.0,1314.0,126.24737176744725,0.24774439675727117
Opus 4.5,854.0,1314.0,126.83606263757244,0.24774439675727117
Opus 4.5,855.0,1314.0,127.42749857031335,0.24774439675727117
Opus 4.5,856.0,1314.0,128.02169236588333,0.24774439675727117
Opus 4.5,857.0,1314.0,128.61865688418317,0.24774439675727117
Opus 4.5,858.0,1314.0,129.2184050450792,0.24774439675727117
Opus 4.5,859.0,1314.0,129.8209498286831,0.24774439675727117
Opus 4.5,860.0,1314.0,130.42630427563273,0.24774439675727117
Opus 4.5,861.0,1314.0,131.03448148737425,0.24774439675727117
Opus 4.5,862.0,1314.0,131.64549462644615,0.24774439675727117
Opus 4.5,863.0,1314.0,132.25935691676347,0.24774439675727117
Opus 4.5,864.0,1314.0,132.8760816439043,0.24774439675727117
Opus 4.5,865.0,1314.0,133.49568215539747,0.24774439675727117
Opus 4.5,866.0,1314.0,134.11817186101115,0.24774439675727117
Opus 4.5,867.0,1314.0,134.74356423304323,0.24774439675727117
Opus 4.5,868.0,1314.0,135.37187280661286,0.24774439675727117
Opus 4.5,869.0,1314.0,136.0031111799534,0.24774439675727117
Opus 4.5,870.0,1314.0,136.6372930147067,0.24774439675727117
Opus 4.5,871.0,1314.0,137.27443203621877,0.24774439675727117
Opus 4.5,872.0,1314.0,137.9145420338368,0.24774439675727117
Opus 4.5,873.0,1314.0,138.55763686120773,0.24774439675727117
Opus 4.5,874.0,1314.0,139.20373043657773,0.24774439675727117
Opus 4.5,875.0,1314.0,139.85283674309423,0.24774439675727117
Opus 4.5,876.0,1314.0,140.5049698291075,0.24774439675727117
Opus 4.5,877.0,1314.0,141.16014380847537,0.24774439675727117
Opus 4.5,878.0,1314.0,141.8183728608685,0.24774439675727117
Opus 4.5,879.0,1314.0,142.4796712320773,0.24774439675727117
Opus 4.5,880.0,1314.0,143.14405323432024,0.24774439675727117
Opus 4.5,881.0,1314.0,143.81153324655355,0.24774439675727117
Opus 4.5,882.0,1314.0,144.4821257147825,0.24774439675727117
Opus 4.5,883.0,1314.0,145.15584515237404,0.24774439675727117
Opus 4.5,884.0,1314.0,145.83270614037082,0.24774439675727117
Opus 4.5,885.0,1314.0,146.51272332780684,0.24774439675727117
Opus 4.5,886.0,1314.0,147.19591143202445,0.24774439675727117
Opus 4.5,887.0,1314.0,147.88228523899295,0.24774439675727117
Opus 4.5,888.0,1314.0,148.57185960362835,0.24774439675727117
Opus 4.5,889.0,1314.0,149.26464945011554,0.24774439675727117
Opus 4.5,890.0,1314.0,149.96066977223032,0.24774439675727117
Opus 4.5,891.0,1314.0,150.65993563366453,0.24774439675727117
Opus 4.5,892.0,1314.0,151.36246216835204,0.24774439675727117
Opus 4.5,893.0,1314.0,152.06826458079604,0.24774439675727117
Opus 4.5,894.0,1314.0,152.77735814639834,0.24774439675727117
Opus 4.5,895.0,1314.0,153.48975821178982,0.24774439675727117
Opus 4.5,896.0,1314.0,154.20548019516266,0.24774439675727117
Opus 4.5,897.0,1314.0,154.92453958660397,0.24774439675727117
Opus 4.5,898.0,1314.0,155.64695194843105,0.24774439675727117
Opus 4.5,899.0,1314.0,156.37273291552825,0.24774439675727117
Opus 4.5,900.0,1314.0,157.10189819568527,0.24774439675727117
Opus 4.5,901.0,1314.0,157.83446356993718,0.24774439675727117
Opus 4.5,902.0,1314.0,158.57044489290575,0.24774439675727117
Opus 4.5,903.0,1314.0,159.30985809314328,0.24774439675727117
Opus 4.5,904.0,1314.0,160.05271917347633,0.24774439675727117
Opus 4.5,905.0,1314.0,160.79904421135274,0.24774439675727117
Opus 4.5,906.0,1314.0,161.5488493591894,0.24774439675727117
Opus 4.5,907.0,1314.0,162.30215084472187,0.24774439675727117
Opus 4.5,908.0,1314.0,163.0589649713555,0.24774439675727117
Opus 4.5,909.0,1314.0,163.81930811851836,0.24774439675727117
Opus 4.5,910.0,1314.0,164.58319674201576,0.24774439675727117
Opus 4.5,911.0,1314.0,165.35064737438628,0.24774439675727117
Opus 4.5,912.0,1314.0,166.1216766252597,0.24774439675727117
Opus 4.5,913.0,1314.0,166.89630118171638,0.24774439675727117
Opus 4.5,914.0,1314.0,167.6745378086485,0.24774439675727117
Opus 4.5,915.0,1314.0,168.4564033491228,0.24774439675727117
Opus 4.5,916.0,1314.0,169.241914724745,0.24774439675727117
Opus 4.5,917.0,1314.0,170.03108893602672,0.24774439675727117
Opus 4.5,918.0,1314.0,170.82394306275233,0.24774439675727117
Opus 4.5,919.0,1314.0,171.6204942643494,0.24774439675727117
Opus 4.5,920.0,1314.0,172.42075978025971,0.24774439675727117
Opus 4.5,921.0,1314.0,173.22475693031254,0.24774439675727117
Opus 4.5,922.0,1314.0,174.03250311509947,0.24774439675727117
Opus 4.5,923.0,1314.0,174.84401581635092,0.24774439675727117
Opus 4.5,924.0,1314.0,175.65931259731448,0.24774439675727117
Opus 4.5,925.0,1314.0,176.4784111031352,0.24774439675727117
Opus 4.5,926.0,1314.0,177.30132906123725,0.24774439675727117
Opus 4.5,927.0,1314.0,178.12808428170771,0.24774439675727117
Opus 4.5,928.0,1314.0,178.9586946576821,0.24774439675727117
Opus 4.5,929.0,1314.0,179.79317816573118,0.24774439675727117
Opus 4.5,930.0,1314.0,180.6315528662511,0.24774439675727117
Opus 4.5,931.0,1314.0,181.47383690385288,0.24774439675727117
Opus 4.5,932.0,1314.0,182.320048507756,0.24774439675727117
Opus 4.5,933.0,1314.0,183.17020599218276,0.24774439675727117
Opus 4.5,934.0,1314.0,184.02432775675445,0.24774439675727117
Opus 4.5,935.0,1314.0,184.8824322868898,0.24774439675727117
Opus 4.5,936.0,1314.0,185.74453815420495,0.24774439675727117
Opus 4.5,937.0,1314.0,186.61066401691536,0.24774439675727117
Opus 4.5,938.0,1314.0,187.4808286202397,0.24774439675727117
Opus 4.5,939.0,1314.0,188.35505079680544,0.24774439675727117
Opus 4.5,940.0,1314.0,189.23334946705654,0.24774439675727117
Opus 4.5,941.0,1314.0,190.11574363966295,0.24774439675727117
Opus 4.5,942.0,1314.0,191.00225241193183,0.24774439675727117
Opus 4.5,943.0,1314.0,191.89289497022088,0.24774439675727117
Opus 4.5,944.0,1314.0,192.78769059035426,0.24774439675727117
Opus 4.5,945.0,1314.0,193.68665863803864,0.24774439675727117
Opus 4.5,946.0,1314.0,194.58981856928298,0.24774439675727117
Opus 4.5,947.0,1314.0,195.49718993081967,0.24774439675727117
Opus 4.5,948.0,1314.0,196.4087923605273,0.24774439675727117
Opus 4.5,949.0,1314.0,197.3246455878558,0.24774439675727117
Opus 4.5,950.0,1314.0,198.2447694342535,0.24774439675727117
Opus 4.5,951.0,1314.0,199.16918381359594,0.24774439675727117
Opus 4.5,952.0,1314.0,200.09790873261707,0.24774439675727117
Opus 4.5,953.0,1314.0,201.03096429134206,0.24774439675727117
Opus 4.5,954.0,1314.0,201.96837068352244,0.24774439675727117
Opus 4.5,955.0,1314.0,202.91014819707308,0.24774439675727117
Opus 4.5,956.0,1314.0,203.85631721451136,0.24774439675727117
Opus 4.5,957.0,1314.0,204.80689821339791,0.24774439675727117
Opus 4.5,958.0,1314.0,205.76191176678088,0.24774439675727117
Opus 4.5,959.0,1314.0,206.7213785436397,0.24774439675727117
Opus 4.5,960.0,1314.0,207.68531930933347,0.24774439675727117
Opus 4.5,961.0,1314.0,208.65375492604994,0.24774439675727117
Opus 4.5,962.0,1314.0,209.62670635325722,0.24774439675727117
Opus 4.5,963.0,1314.0,210.6041946481573,0.24774439675727117
Opus 4.5,964.0,1314.0,211.5862409661418,0.24774439675727117
Opus 4.5,965.0,1314.0,212.57286656124978,0.24774439675727117
Opus 4.5,966.0,1314.0,213.56409278662787,0.24774439675727117
Opus 4.5,967.0,1314.0,214.55994109499224,0.24774439675727117
Opus 4.5,968.0,1314.0,215.560433039093,0.24774439675727117
Opus 4.5,969.0,1314.0,216.56559027218057,0.24774439675727117
Opus 4.5,970.0,1314.0,217.57543454847428,0.24774439675727117
Opus 4.5,971.0,1314.0,218.5899877236338,0.24774439675727117
Opus 4.5,972.0,1314.0,219.6092717552311,0.24774439675727117
Opus 4.5,973.0,1314.0,220.63330870322628,0.24774439675727117
Opus 4.5,974.0,1314.0,221.662120730445,0.24774439675727117
Opus 4.5,975.0,1314.0,222.69573010305808,0.24774439675727117
Opus 4.5,976.0,1314.0,223.73415919106338,0.24774439675727117
Opus 4.5,977.0,1314.0,224.77743046876992,0.24774439675727117
Opus 4.5,978.0,1314.0,225.82556651528435,0.24774439675727117
Opus 4.5,979.0,1314.0,226.8785900149995,0.24774439675727117
Opus 4.5,980.0,1314.0,227.93652375808554,0.24774439675727117
Opus 4.5,981.0,1314.0,228.99939064098297,0.24774439675727117
Opus 4.5,982.0,1314.0,230.06721366689837,0.24774439675727117
Opus 4.5,983.0,1314.0,231.1400159463021,0.24774439675727117
Opus 4.5,984.0,1314.0,232.2178206974283,0.24774439675727117
Opus 4.5,985.0,1314.0,233.3006512467784,0.24774439675727117
Opus 4.5,986.0,1314.0,234.38853102962432,0.24774439675727117
Opus 4.5,987.0,1314.0,235.48148359051697,0.24774439675727117
Opus 4.5,988.0,1314.0,236.57953258379524,0.24774439675727117
Opus 4.5,989.0,1314.0,237.68270177409818,0.24774439675727117
Opus 4.5,990.0,1314.0,238.79101503687914,0.24774439675727117
Opus 4.5,991.0,1314.0,239.9044963589227,0.24774439675727117
Opus 4.5,992.0,1314.0,241.0231698388636,0.24774439675727117
Opus 4.5,993.0,1314.0,242.14705968770843,0.24774439675727117
Opus 4.5,994.0,1314.0,243.27619022935963,0.24774439675727117
Opus 4.5,995.0,1314.0,244.4105859011418,0.24774439675727117
Opus 4.5,996.0,1314.0,245.55027125433068,0.24774439675727117
Opus 4.5,997.0,1314.0,246.69527095468456,0.24774439675727117
Opus 4.5,998.0,1314.0,247.8456097829777,0.24774439675727117
Opus 4.5,999.0,1314.0,249.00131263553777,0.24774439675727117
Opus 4.5,1000.0,1314.0,250.1624045247832,0.24774439675727117
Opus 4.5,1001.0,1314.0,251.3289105797653,0.24774439675727117
Opus 4.5,1002.0,1314.0,252.50085604671222,0.24774439675727117
Opus 4.5,1003.0,1314.0,253.678266289575,0.24774439675727117
Opus 4.5,1004.0,1314.0,254.8611667905767,0.24774439675727117
Opus 4.5,1005.0,1314.0,256.0495831507639,0.24774439675727117
Opus 4.5,1006.0,1314.0,257.24354109056065,0.24774439675727117
Opus 4.5,1007.0,1314.0,258.4430664503253,0.24774439675727117
Opus 4.5,1008.0,1314.0,259.64818519090966,0.24774439675727117
Opus 4.5,1009.0,1314.0,260.85892339422077,0.24774439675727117
Opus 4.5,1010.0,1314.0,262.0753072637855,0.24774439675727117
Opus 4.5,1011.0,1314.0,263.2973631253175,0.24774439675727117
Opus 4.5,1012.0,1314.0,264.5251174272876,0.24774439675727117
Opus 4.5,1013.0,1314.0,265.7585967414954,0.24774439675727117
Opus 4.5,1014.0,1314.0,266.9978277636444,0.24774439675727117
Opus 4.5,1015.0,1314.0,268.24283731392046,0.24774439675727117
Opus 4.5,1016.0,1314.0,269.4936523375715,0.24774439675727117
Opus 4.5,1017.0,1314.0,270.75029990549126,0.24774439675727117
Opus 4.5,1018.0,1314.0,272.0128072148048,0.24774439675727117
Opus 4.5,1019.0,1314.0,273.28120158945717,0.24774439675727117
Opus 4.5,1020.0,1314.0,274.5555104808051,0.24774439675727117
Opus 4.5,1021.0,1314.0,275.8357614682105,0.24774439675727117
Opus 4.5,1022.0,1314.0,277.121982259638,0.24774439675727117
Opus 4.5,1023.0,1314.0,278.4142006922542,0.24774439675727117
Opus 4.5,1024.0,1314.0,279.71244473303034,0.24774439675727117
Opus 4.5,1025.0,1314.0,281.0167424793471,0.24774439675727117
Opus 4.5,1026.0,1314.0,282.32712215960413,0.24774439675727117
Opus 4.5,1027.0,1314.0,283.643612133829,0.24774439675727117
Opus 4.5,1028.0,1314.0,284.9662408942922,0.24774439675727117
Opus 4.5,1029.0,1314.0,286.29503706612365,0.24774439675727117
Opus 4.5,1030.0,1314.0,287.6300294079321,0.24774439675727117
Opus 4.5,1031.0,1314.0,288.9712468124274,0.24774439675727117
Opus 4.5,1032.0,1314.0,290.3187183070462,0.24774439675727117
Opus 4.5,1033.0,1314.0,291.67247305457965,0.24774439675727117
Opus 4.5,1034.0,1314.0,293.0325403538052,0.24774439675727117
Opus 4.5,1035.0,1314.0,294.39894964012,0.24774439675727117
Opus 4.5,1036.0,1314.0,295.77173048617857,0.24774439675727117
Opus 4.5,1037.0,1314.0,297.15091260253246,0.24774439675727117
Opus 4.5,1038.0,1314.0,298.5365258382734,0.24774439675727117
Opus 4.5,1039.0,1314.0,299.928600181679,0.24774439675727117
Opus 4.5,1040.0,1314.0,301.3271657608629,0.24774439675727117
Opus 4.5,1041.0,1314.0,302.73225284442515,0.24774439675727117
Opus 4.5,1042.0,1314.0,304.1438918421084,0.24774439675727117
Opus 4.5,1043.0,1314.0,305.56211330545585,0.24774439675727117
Opus 4.5,1044.0,1314.0,306.98694792847226,0.24774439675727117
Opus 4.5,1045.0,1314.0,308.4184265482885,0.24774439675727117
Opus 4.5,1046.0,1314.0,309.8565801458288,0.24774439675727117
Opus 4.5,1047.0,1314.0,311.3014398464812,0.24774439675727117
Opus 4.5,1048.0,1314.0,312.75303692077136,0.24774439675727117
Opus 4.5,1049.0,1314.0,314.2114027850393,0.24774439675727117
Opus 4.5,1050.0,1314.0,315.67656900211915,0.24774439675727117
Opus 4.5,1051.0,1314.0,317.1485672820225,0.24774439675727117
Opus 4.5,1052.0,1314.0,318.62742948262405,0.24774439675727117
Opus 4.5,1053.0,1314.0,320.11318761035284,0.24774439675727117
Opus 4.5,1054.0,1314.0,321.6058738208826,0.24774439675727117
Opus 4.5,1055.0,1314.0,323.10552041982913,0.24774439675727117
Opus 4.5,1056.0,1314.0,324.6121598634492,0.24774439675727117
Opus 4.5,1057.0,1314.0,326.125824759343,0.24774439675727117
Opus 4.5,1058.0,1314.0,327.64654786715965,0.24774439675727117
Opus 4.5,1059.0,1314.0,329.17436209930645,0.24774439675727117
Opus 4.5,1060.0,1314.0,330.70930052166113,0.24774439675727117
Opus 4.5,1061.0,1314.0,332.25139635428735,0.24774439675727117
Opus 4.5,1062.0,1314.0,333.8006829721538,0.24774439675727117
Opus 4.5,1063.0,1314.0,335.35719390585655,0.24774439675727117
Opus 4.5,1064.0,1314.0,336.9209628423445,0.24774439675727117
Opus 4.5,1065.0,1314.0,338.49202362564887,0.24774439675727117
Opus 4.5,1066.0,1314.0,340.07041025761487,0.24774439675727117
Opus 4.5,1067.0,1314.0,341.65615689863927,0.24774439675727117
Opus 4.5,1068.0,1314.0,343.24929786840755,0.24774439675727117
Opus 4.5,1069.0,1314.0,344.84986764663813,0.24774439675727117
Opus 4.5,1070.0,1314.0,346.4579008738281,0.24774439675727117
Opus 4.5,1071.0,1314.0,348.07343235200307,0.24774439675727117
Opus 4.5,1072.0,1314.0,349.6964970454702,0.24774439675727117
Opus 4.5,1073.0,1314.0,351.32713008157526,0.24774439675727117
Opus 4.5,1074.0,1314.0,352.96536675146245,0.24774439675727117
Opus 4.5,1075.0,1314.0,354.6112425108385,0.24774439675727117
Opus 4.5,1076.0,1314.0,356.2647929807399,0.24774439675727117
Opus 4.5,1077.0,1314.0,357.92605394830395,0.24774439675727117
Opus 4.5,1078.0,1314.0,359.59506136754305,0.24774439675727117
Opus 4.5,1079.0,1314.0,361.2718513601231,0.24774439675727117
Opus 4.5,1080.0,1314.0,362.95646021614465,0.24774439675727117
Opus 4.5,1081.0,1314.0,364.64892439493,0.24774439675727117
Opus 4.5,1082.0,1314.0,366.34928052581006,0.24774439675727117
Opus 4.5,1083.0,1314.0,368.0575654089183,0.24774439675727117
Opus 4.5,1084.0,1314.0,369.7738160159873,0.24774439675727117
Opus 4.5,1085.0,1314.0,371.49806949114827,0.24774439675727117
Opus 4.5,1086.0,1314.0,373.23036315173573,0.24774439675727117
Opus 4.5,1087.0,1314.0,374.9707344890945,0.24774439675727117
Opus 4.5,1088.0,1314.0,376.7192211693914,0.24774439675727117
Opus 4.5,1089.0,1314.0,378.4758610344304,0.24774439675727117
Opus 4.5,1090.0,1314.0,380.24069210247166,0.24774439675727117
Opus 4.5,1091.0,1314.0,382.0137525690542,0.24774439675727117
Opus 4.5,1092.0,1314.0,383.7950808078228,0.24774439675727117
Opus 4.5,1093.0,1314.0,385.5847153713582,0.24774439675727117
Opus 4.5,1094.0,1314.0,387.38269499201135,0.24774439675727117
Opus 4.5,1095.0,1314.0,389.1890585827431,0.24774439675727117
Opus 4.5,1096.0,1314.0,391.0038452379641,0.24774439675727117
Opus 4.5,1097.0,1314.0,392.8270942343823,0.24774439675727117
Opus 4.5,1098.0,1314.0,394.65884503185293,0.24774439675727117
Opus 4.5,1099.0,1314.0,396.4991372742322,0.24774439675727117
Opus 4.5,1100.0,1314.0,398.34801079023555,0.24774439675727117
Opus 4.5,1101.0,1314.0,400.2055055942994,0.24774439675727117
Opus 4.5,1102.0,1314.0,402.0716618874473,0.24774439675727117
Opus 4.5,1103.0,1314.0,403.94652005816,0.24774439675727117
Opus 4.5,1104.0,1314.0,405.8301206832496,0.24774439675727117
Opus 4.5,1105.0,1314.0,407.72250452873766,0.24774439675727117
Opus 4.5,1106.0,1314.0,409.62371255073737,0.24774439675727117
Opus 4.5,1107.0,1314.0,411.53378589633974,0.24774439675727117
Opus 4.5,1108.0,1314.0,413.4527659045058,0.24774439675727117
Opus 4.5,1109.0,1314.0,415.38069410695846,0.24774439675727117
Opus 4.5,1110.0,1314.0,417.3176122290836,0.24774439675727117
Opus 4.5,1111.0,1314.0,419.2635621908321,0.24774439675727117
Opus 4.5,1112.0,1314.0,421.2185861076274,0.24774439675727117
Opus 4.5,1113.0,1314.0,423.1827262912771,0.24774439675727117
Opus 4.5,1114.0,1314.0,425.15602525088843,0.24774439675727117
Opus 4.5,1115.0,1314.0,427.1385256937884,0.24774439675727117
Opus 4.5,1116.0,1314.0,429.130270526448,0.24774439675727117
Opus 4.5,1117.0,1314.0,431.13130285541104,0.24774439675727117
Opus 4.5,1118.0,1314.0,433.1416659882268,0.24774439675727117
Opus 4.5,1119.0,1314.0,435.1614034343875,0.24774439675727117
Opus 4.5,1120.0,1314.0,437.19055890627,0.24774439675727117
Opus 4.5,1121.0,1314.0,439.2291763200811,0.24774439675727117
Opus 4.5,1122.0,1314.0,441.2772997968101,0.24774439675727117
Opus 4.5,1123.0,1314.0,443.33497366318096,0.24774439675727117
Opus 4.5,1124.0,1314.0,445.40224245261334,0.24774439675727117
Opus 4.5,1125.0,1314.0,447.479150906186,0.24774439675727117
Opus 4.5,1126.0,1314.0,449.5657439736052,0.24774439675727117
Opus 4.5,1127.0,1314.0,451.66206681417736,0.24774439675727117
Opus 4.5,1128.0,1314.0,453.7681647977866,0.24774439675727117
Opus 4.5,1129.0,1314.0,455.8840835058765,0.24774439675727117
Opus 4.5,1130.0,1314.0,458.0098687324368,0.24774439675727117
Opus 4.5,1131.0,1314.0,460.1455664849943,0.24774439675727117
Opus 4.5,1132.0,1314.0,462.29122298560867,0.24774439675727117
Opus 4.5,1133.0,1314.0,464.4468846718729,0.24774439675727117
Opus 4.5,1134.0,1314.0,466.61259819791815,0.24774439675727117
Opus 4.5,1135.0,1314.0,468.78841043542315,0.24774439675727117
Opus 4.5,1136.0,1314.0,470.9743684746304,0.24774439675727117
Opus 4.5,1137.0,1314.0,473.1705196253626,0.24774439675727117
Opus 4.5,1138.0,1314.0,475.37691141804845,0.24774439675727117
Opus 4.5,1139.0,1314.0,477.5935916047506,0.24774439675727117
Opus 4.5,1140.0,1314.0,479.8206081601995,0.24774439675727117
Opus 4.5,1141.0,1314.0,482.05800928283156,0.24774439675727117
Opus 4.5,1142.0,1314.0,484.30584339583214,0.24774439675727117
Opus 4.5,1143.0,1314.0,486.5641591481837,0.24774439675727117
Opus 4.5,1144.0,1314.0,488.83300541571873,0.24774439675727117
Opus 4.5,1145.0,1314.0,491.11243130217747,0.24774439675727117
Opus 4.5,1146.0,1314.0,493.4024861402706,0.24774439675727117
Opus 4.5,1147.0,1314.0,495.70321949274694,0.24774439675727117
Opus 4.5,1148.0,1314.0,498.0146811534659,0.24774439675727117
Opus 4.5,1149.0,1314.0,500.3369211484767,0.24774439675727117
Opus 4.5,1150.0,1314.0,502.6699897370982,0.24774439675727117
Opus 4.5,1151.0,1314.0,505.01393741300905,0.24774439675727117
Opus 4.5,1152.0,1314.0,507.3688149053394,0.24774439675727117
Opus 4.5,1153.0,1314.0,509.73467317976906,0.24774439675727117
Opus 4.5,1154.0,1314.0,512.1115634396307,0.24774439675727117
Opus 4.5,1155.0,1314.0,514.4995371270179,0.24774439675727117
Opus 4.5,1156.0,1314.0,516.8986459238984,0.24774439675727117
Opus 4.5,1157.0,1314.0,519.3089417532325,0.24774439675727117
Opus 4.5,1158.0,1314.0,521.7304767800974,0.24774439675727117
Opus 4.5,1159.0,1314.0,524.1633034128156,0.24774439675727117
Opus 4.5,1160.0,1314.0,526.6074743040891,0.24774439675727117
Opus 4.5,1161.0,1314.0,529.0630423521397,0.24774439675727117
Opus 4.5,1162.0,1314.0,531.5300607018524,0.24774439675727117
Opus 4.5,1163.0,1314.0,534.0085827459285,0.24774439675727117
Opus 4.5,1164.0,1314.0,536.4986621260371,0.24774439675727117
Opus 4.5,1165.0,1314.0,539.0003527339791,0.24774439675727117
Opus 4.5,1166.0,1314.0,541.5137087128523,0.24774439675727117
Opus 4.5,1167.0,1314.0,544.038784458224,0.24774439675727117
Opus 4.5,1168.0,1314.0,546.5756346193072,0.24774439675727117
Opus 4.5,1169.0,1314.0,549.1243141001439,0.24774439675727117
Opus 4.5,1170.0,1314.0,551.6848780607941,0.24774439675727117
Opus 4.5,1171.0,1314.0,554.2573819185279,0.24774439675727117
Opus 4.5,1172.0,1314.0,556.8418813490267,0.24774439675727117
Opus 4.5,1173.0,1314.0,559.4384322875868,0.24774439675727117
Opus 4.5,1174.0,1314.0,562.0470909303308,0.24774439675727117
Opus 4.5,1175.0,1314.0,564.6679137354232,0.24774439675727117
Opus 4.5,1176.0,1314.0,567.3009574242926,0.24774439675727117
Opus 4.5,1177.0,1314.0,569.9462789828605,0.24774439675727117
Opus 4.5,1178.0,1314.0,572.6039356627721,0.24774439675727117
Opus 4.5,1179.0,1314.0,575.2739849826372,0.24774439675727117
Opus 4.5,1180.0,1314.0,577.9564847292746,0.24774439675727117
Opus 4.5,1181.0,1314.0,580.6514929589629,0.24774439675727117
Opus 4.5,1182.0,1314.0,583.3590679986964,0.24774439675727117
Opus 4.5,1183.0,1314.0,586.0792684474486,0.24774439675727117
Opus 4.5,1184.0,1314.0,588.8121531774389,0.24774439675727117
Opus 4.5,1185.0,1314.0,591.5577813354082,0.24774439675727117
Opus 4.5,1186.0,1314.0,594.3162123438981,0.24774439675727117
Opus 4.5,1187.0,1314.0,597.0875059025371,0.24774439675727117
Opus 4.5,1188.0,1314.0,599.8717219893332,0.24774439675727117
Opus 4.5,1189.0,1314.0,602.6689208619705,0.24774439675727117
Opus 4.5,1190.0,1314.0,605.4791630591164,0.24774439675727117
Opus 4.5,1191.0,1314.0,608.3025094017281,0.24774439675727117
Opus 4.5,1192.0,1314.0,611.1390209943709,0.24774439675727117
Opus 4.5,1193.0,1314.0,613.9887592265405,0.24774439675727117
Opus 4.5,1194.0,1314.0,616.851785773992,0.24774439675727117
Opus 4.5,1195.0,1314.0,619.7281626000733,0.24774439675727117
Opus 4.5,1196.0,1314.0,622.6179519570682,0.24774439675727117
Opus 4.5,1197.0,1314.0,625.5212163875415,0.24774439675727117
Opus 4.5,1198.0,1314.0,628.4380187256945,0.24774439675727117
Opus 4.5,1199.0,1314.0,631.3684220987236,0.24774439675727117
Opus 4.5,1200.0,1314.5,634.3124899281872,0.2470577014783012
Opus 4.5,1201.0,1314.0,637.2702859313781,0.24774439675727117
Opus 4.5,1202.0,1314.0,640.2418741227024,0.24774439675727117
Opus 4.5,1203.0,1314.0,643.2273188150646,0.24774439675727117
Opus 4.5,1204.0,1314.0,646.2266846212617,0.24774439675727117
Opus 4.5,1205.0,1314.0,649.2400364553781,0.24774439675727117
Opus 4.5,1206.0,1314.0,652.2674395341928,0.24774439675727117
Opus 4.5,1207.0,1314.0,655.3089593785903,0.24774439675727117
Opus 4.5,1208.0,1314.0,658.3646618149787,0.24774439675727117
Opus 4.5,1209.0,1314.0,661.4346129767143,0.24774439675727117
Opus 4.5,1210.0,1314.0,664.518879305533,0.24774439675727117
Opus 4.5,1211.0,1314.0,667.617527552988,0.24774439675727117
Opus 4.5,1212.0,1314.0,670.7306247818948,0.24774439675727117
Opus 4.5,1213.0,1314.0,673.8582383677824,0.24774439675727117
Opus 4.5,1214.0,1314.0,677.0004360003517,0.24774439675727117
Opus 4.5,1215.0,1314.0,680.1572856849401,0.24774439675727117
Opus 4.5,1216.0,1314.0,683.3288557439939,0.24774439675727117
Opus 4.5,1217.0,1314.0,686.5152148185455,0.24774439675727117
Opus 4.5,1218.0,1314.0,689.7164318697027,0.24774439675727117
Opus 4.5,1225.0,1313.0,712.5468352136968,0.24911778731521106
Opus 4.5,1226.0,1314.0,715.8694375820027,0.24774439675727117
Opus 4.5,1227.0,1314.0,719.2075332287181,0.24774439675727117
Opus 4.5,1228.0,1314.0,722.5611943989238,0.24774439675727117
Opus 4.5,1229.0,1314.0,725.9304936745788,0.24774439675727117
Opus 4.5,1230.0,1314.0,729.3155039760915,0.24774439675727117
Opus 4.5,1231.0,1314.0,732.7162985638969,0.24774439675727117
Opus 4.5,1232.0,1314.0,736.1329510400454,0.24774439675727117
Opus 4.5,1233.0,1314.0,739.5655353497913,0.24774439675727117
Opus 4.5,1234.0,1314.0,743.0141257831958,0.24774439675727117
Opus 4.5,1235.0,1314.0,746.4787969767343,0.24774439675727117
Opus 4.5,1236.0,1314.0,749.9596239149118,0.24774439675727117
Opus 4.5,1237.0,1314.0,753.4566819318858,0.24774439675727117
Opus 4.5,1238.0,1314.0,756.9700467130963,0.24774439675727117
Opus 4.5,1239.0,1314.0,760.4997942969042,0.24774439675727117
Opus 4.5,1240.0,1314.0,764.0460010762371,0.24774439675727117
Opus 4.5,1241.0,1314.0,767.6087438002422,0.24774439675727117
Opus 4.5,1242.0,1314.0,771.188099575948,0.24774439675727117
Opus 4.5,1243.0,1314.0,774.7841458699321,0.24774439675727117
Opus 4.5,1244.0,1314.0,778.396960509998,0.24774439675727117
Opus 4.5,1245.0,1314.0,782.0266216868622,0.24774439675727117
Opus 4.5,1246.0,1314.0,785.6732079558416,0.24774439675727117
Opus 4.5,1247.0,1314.0,789.336798238557,0.24774439675727117
Opus 4.5,1248.0,1314.0,793.0174718246404,0.24774439675727117
Opus 4.5,1249.0,1314.0,796.715308373451,0.24774439675727117
Opus 4.5,1250.0,1314.0,800.4303879157989,0.24774439675727117
Opus 4.5,1251.0,1314.0,804.1627908556777,0.24774439675727117
Opus 4.5,1252.0,1314.0,807.9125979720046,0.24774439675727117
Opus 4.5,1253.0,1314.0,811.6798904203682,0.24774439675727117
Opus 4.5,1254.0,1314.0,815.4647497347852,0.24774439675727117
Opus 4.5,1255.0,1314.0,819.2672578294653,0.24774439675727117
Opus 4.5,1256.0,1314.0,823.0874970005834,0.24774439675727117
Opus 4.5,1257.0,1314.0,826.9255499280614,0.24774439675727117
Opus 4.5,1258.0,1314.0,830.7814996773561,0.24774439675727117
Opus 4.5,1259.0,1314.0,834.6554297012608,0.24774439675727117
Opus 4.5,1260.0,1314.0,838.5474238417064,0.24774439675727117
Opus 4.5,1261.0,1314.0,842.4575663315788,0.24774439675727117
Opus 4.5,1262.0,1314.0,846.3859417965418,0.24774439675727117
Opus 4.5,1263.0,1314.0,850.332635256868,0.24774439675727117
Opus 4.5,1264.0,1314.0,854.297732129279,0.24774439675727117
Opus 4.5,1265.0,1314.0,858.2813182287946,0.24774439675727117
Opus 4.5,1266.0,1314.0,862.2834797705891,0.24774439675727117
Opus 4.5,1267.0,1314.0,866.304303371858,0.24774439675727117
Opus 4.5,1268.0,1314.0,870.3438760536926,0.24774439675727117
Opus 4.5,1269.0,1314.0,874.4022852429625,0.24774439675727117
Opus 4.5,1270.0,1314.0,878.4796187742089,0.24774439675727117
Opus 4.5,1271.0,1314.0,882.5759648915448,0.24774439675727117
Opus 4.5,1272.0,1314.0,886.6914122505642,0.24774439675727117
Opus 4.5,1273.0,1314.0,890.8260499202644,0.24774439675727117
Opus 4.5,1274.0,1314.0,894.9799673849682,0.24774439675727117
Opus 4.5,1275.0,1314.0,899.1532545462644,0.24774439675727117
Opus 4.5,1276.0,1314.0,903.3460017249525,0.24774439675727117
Opus 4.5,1277.0,1314.0,907.5582996629972,0.24774439675727117
Opus 4.5,1278.0,1314.0,911.7902395254928,0.24774439675727117
Opus 4.5,1279.0,1314.0,916.0419129026358,0.24774439675727117
Opus 4.5,1280.0,1314.0,920.3134118117074,0.24774439675727117
Opus 4.5,1281.0,1314.0,924.6048286990649,0.24774439675727117
Opus 4.5,1282.0,1314.0,928.9162564421426,0.24774439675727117
Opus 4.5,1283.0,1314.0,933.2477883514617,0.24774439675727117
Opus 4.5,1284.0,1314.0,937.5995181726499,0.24774439675727117
Opus 4.5,1285.0,1314.0,941.9715400884695,0.24774439675727117
Opus 4.5,1286.0,1314.0,946.3639487208593,0.24774439675727117
Opus 4.5,1287.0,1314.0,950.7768391329769,0.24774439675727117
Opus 4.5,1288.0,1314.0,955.2103068312597,0.24774439675727117
Opus 4.5,1289.0,1314.0,959.6644477674914,0.24774439675727117
Opus 4.5,1290.0,1314.0,964.1393583408784,0.24774439675727117
Opus 4.5,1291.0,1314.0,968.6351354001359,0.24774439675727117
Opus 4.5,1292.0,1314.0,973.1518762455844,0.24774439675727117
Opus 4.5,1293.0,1314.0,977.6896786312551,0.24774439675727117
Opus 4.5,1294.0,1314.0,982.2486407670061,0.24774439675727117
Opus 4.5,1295.0,1314.0,986.8288613206471,0.24774439675727117
Opus 4.5,1296.0,1314.0,991.4304394200758,0.24774439675727117
Opus 4.5,1297.0,1314.0,996.0534746554224,0.24774439675727117
Opus 4.5,1298.0,1314.0,1000.6980670812057,0.24774439675727117
Opus 4.5,1299.0,1314.0,1005.3643172184969,0.24774439675727117
Opus 4.5,1300.0,1314.0,1010.0523260570999,0.24774439675727117
Opus 4.5,1301.0,1314.0,1014.7621950577301,0.24774439675727117
Opus 4.5,1302.0,1314.0,1019.494026154215,0.24774439675727117
Opus 4.5,1303.0,1314.0,1024.2479217556988,0.24774439675727117
Opus 4.5,1304.0,1314.0,1029.0239847488594,0.24774439675727117
Opus 4.5,1305.0,1314.0,1033.8223185001345,0.24774439675727117
Opus 4.5,1306.0,1314.0,1038.6430268579588,0.24774439675727117
Opus 4.5,1307.0,1314.0,1043.4862141550122,0.24774439675727117
Opus 4.5,1308.0,1314.0,1048.3519852104773,0.24774439675727117
Opus 4.5,1309.0,1314.0,1053.2404453323074,0.24774439675727117
Opus 4.5,1310.0,1314.0,1058.1517003195072,0.24774439675727117
Opus 4.5,1311.0,1314.0,1063.0858564644209,0.24774439675727117
Opus 4.5,1312.0,1314.0,1068.0430205550338,0.24774439675727117
Opus 4.5,1313.0,1314.0,1073.0232998772815,0.24774439675727117
Opus 4.5,1314.0,1314.0,1078.0268022173773,0.24774439675727117
Opus 4.5,1315.0,1314.0,1083.0536358641375,0.24774439675727117
Opus 4.5,1316.0,1314.0,1088.1039096113295,0.24774439675727117
Opus 4.5,1317.0,1314.0,1093.1777327600257,0.24774439675727117
Opus 4.5,1318.0,1314.0,1098.2752151209688,0.24774439675727117
Opus 4.5,1319.0,1314.0,1103.3964670169485,0.24774439675727117
Opus 4.5,1320.0,1314.0,1108.5415992851892,0.24774439675727117
Opus 4.5,1321.0,1314.0,1113.7107232797487,0.24774439675727117
Opus 4.5,1322.0,1314.0,1118.9039508739281,0.24774439675727117
Opus 4.5,1323.0,1314.0,1124.1213944626932,0.24774439675727117
Opus 4.5,1324.0,1301.0,1129.3631669651068,0.26559847401049
Opus 4.5,1325.0,1299.0,1134.629381826773,0.26834525512636986
Opus 4.5,1326.0,1299.0,1139.920153022291,0.26834525512636986
Opus 4.5,1327.0,1299.0,1145.2355950577266,0.26834525512636986
Opus 4.5,1328.0,1299.0,1150.575822973083,0.26834525512636986
Opus 4.5,1329.0,1299.0,1155.9409523447955,0.26834525512636986
Opus 4.5,1330.0,1299.0,1161.331099288232,0.26834525512636986
Opus 4.5,1331.0,1299.0,1166.746380460206,0.26834525512636986
Opus 4.5,1332.0,1299.0,1172.1869130615005,0.26834525512636986
Opus 4.5,1333.0,1299.0,1177.6528148394057,0.26834525512636986
Opus 4.5,1334.0,1299.0,1183.1442040902666,0.26834525512636986
Opus 4.5,1335.0,1299.0,1188.6611996620436,0.26834525512636986
Opus 4.5,1336.0,1299.0,1194.2039209568843,0.26834525512636986
Opus 4.5,1337.0,1299.0,1199.7724879337084,0.26834525512636986
Opus 4.5,1338.0,1299.0,1205.367021110803,0.26834525512636986
Opus 4.5,1339.0,1299.0,1210.9876415684314,0.26834525512636986
Opus 4.5,1340.0,1299.0,1216.6344709514526,0.26834525512636986
Opus 4.5,1341.0,1299.0,1222.3076314719588,0.26834525512636986
Opus 4.5,1342.0,1299.0,1228.0072459119122,0.26834525512636986
Opus 4.5,1343.0,1299.0,1233.7334376258084,0.26834525512636986
Opus 4.5,1344.0,1299.0,1239.4863305433444,0.26834525512636986
Opus 4.5,1345.0,1299.0,1245.2660491721008,0.26834525512636986
Opus 4.5,1346.0,1299.0,1251.0727186002364,0.26834525512636986
Opus 4.5,1347.0,1299.0,1256.9064644991952,0.26834525512636986
Opus 4.5,1348.0,1299.0,1262.7674131264268,0.26834525512636986
Opus 4.5,1349.0,1299.0,1268.6556913281186,0.26834525512636986
Opus 4.5,1350.0,1299.0,1274.5714265419413,0.26834525512636986
Opus 4.5,1351.0,1299.0,1280.5147467998063,0.26834525512636986
Opus 4.5,1352.0,1298.0,1286.4857807306378,0.2697186456843098
Opus 4.5,1353.0,1249.0,1292.4846575631557,0.3370147830233656
Opus 4.5,1354.0,1248.0,1298.5115071286716,0.3383881735813055
Opus 4.5,1355.0,1248.0,1304.5664598639037,0.3383881735813055
Opus 4.5,1356.0,1248.0,1310.649646813792,0.3383881735813055
Opus 4.5,1357.0,1248.0,1316.7611996343398,0.3383881735813055
Opus 4.5,1358.0,1248.0,1322.901250595462,0.3383881735813055
Opus 4.5,1359.0,1248.0,1329.0699325838466,0.3383881735813055
Opus 4.5,1360.0,1248.0,1335.2673791058326,0.3383881735813055
Opus 4.5,1361.0,1248.0,1341.4937242902975,0.3383881735813055
Opus 4.5,1362.0,1248.0,1347.749102891562,0.3383881735813055
Opus 4.5,1363.0,1248.0,1354.0336502923044,0.3383881735813055
Opus 4.5,1364.0,1248.0,1360.347502506493,0.3383881735813055
Opus 4.5,1365.0,1248.0,1366.6907961823276,0.3383881735813055
Opus 4.5,1366.0,1248.0,1373.0636686051985,0.3383881735813055
Opus 4.5,1367.0,1248.0,1379.466257700655,0.3383881735813055
Opus 4.5,1368.0,1248.0,1385.8987020373977,0.3383881735813055
Opus 4.5,1369.0,1248.0,1392.3611408302672,0.3383881735813055
Opus 4.5,1370.0,1248.0,1398.8537139432644,0.3383881735813055
Opus 4.5,1371.0,1248.0,1405.376561892575,0.3383881735813055
Opus 4.5,1372.0,1248.0,1411.9298258496106,0.3383881735813055
Opus 4.5,1373.0,1248.0,1418.5136476440653,0.3383881735813055
Opus 4.5,1374.0,1248.0,1425.1281697669833,0.3383881735813055
Opus 4.5,1375.0,1248.0,1431.7735353738449,0.3383881735813055
Opus 4.5,1376.0,1248.0,1438.449888287663,0.3383881735813055
Opus 4.5,1377.0,1248.0,1445.1573730020966,0.3383881735813055
Opus 4.5,1378.0,1248.0,1451.8961346845779,0.3383881735813055
Opus 4.5,1379.0,1248.0,1458.6663191794544,0.3383881735813055
Opus 4.5,1380.0,1248.0,1465.4680730111447,0.3383881735813055
Opus 4.5,1381.0,1248.0,1472.301543387309,0.3383881735813055
Opus 4.5,1382.0,1248.0,1479.1668782020402,0.3383881735813055
Opus 4.5,1383.0,1248.0,1486.064226039056,0.3383881735813055
Opus 4.5,1384.0,1248.0,1492.9937361749212,0.3383881735813055
Opus 4.5,1385.0,1248.0,1499.9555585822761,0.3383881735813055
Opus 4.5,1386.0,1248.0,1506.949843933083,0.3383881735813055
Opus 4.5,1387.0,1248.0,1513.9767436018867,0.3383881735813055
Opus 4.5,1388.0,1248.0,1521.0364096690905,0.3383881735813055
Opus 4.5,1389.0,1248.0,1528.1289949242482,0.3383881735813055
Opus 4.5,1390.0,1248.0,1535.2546528693704,0.3383881735813055
Opus 4.5,1391.0,1248.0,1542.4135377222467,0.3383881735813055
Opus 4.5,1392.0,1248.0,1549.605804419784,0.3383881735813055
Opus 4.5,1393.0,1248.0,1556.8316086213583,0.3383881735813055
Opus 4.5,1394.0,1248.0,1564.0911067121854,0.3383881735813055
Opus 4.5,1395.0,1248.0,1571.3844558067026,0.3383881735813055
Opus 4.5,1396.0,1248.0,1578.7118137519758,0.3383881735813055
Opus 4.5,1397.0,1248.0,1586.0733391311062,0.3383881735813055
Opus 4.5,1398.0,1248.0,1593.469191266669,0.3383881735813055
Opus 4.5,1399.0,1248.0,1600.89953022416,0.3383881735813055
Opus 4.5,1400.0,1248.0,1608.3645168154585,0.3383881735813055
Opus 4.5,1401.0,1248.0,1615.86431260231,0.3383881735813055
Opus 4.5,1402.0,1248.0,1623.3990798998213,0.3383881735813055
Opus 4.5,1403.0,1248.0,1630.9689817799735,0.3383881735813055
Opus 4.5,1404.0,1248.0,1638.5741820751518,0.3383881735813055
Opus 4.5,1405.0,1248.0,1646.2148453816908,0.3383881735813055
Opus 4.5,1406.0,1248.0,1653.8911370634369,0.3383881735813055
Opus 4.5,1407.0,1248.0,1661.6032232553277,0.3383881735813055
Opus 4.5,1408.0,1248.0,1669.3512708669869,0.3383881735813055
Opus 4.5,1409.0,1248.0,1677.1354475863352,0.3383881735813055
Opus 4.5,1410.0,1248.0,1684.9559218832267,0.3383881735813055
Opus 4.5,1411.0,1248.0,1692.812863013084,0.3383881735813055
Opus 4.5,1412.0,1248.0,1700.706441020569,0.3383881735813055
Opus 4.5,1413.0,1248.0,1708.6368267432608,0.3383881735813055
Opus 4.5,1414.0,1248.0,1716.6041918153535,0.3383881735813055
Opus 4.5,1415.0,1248.0,1724.6087086713703,0.3383881735813055
Opus 4.5,1416.0,1248.0,1732.6505505498958,0.3383881735813055
Opus 4.5,1417.0,1248.0,1740.7298914973258,0.3383881735813055
Opus 4.5,1418.0,1248.0,1748.8469063716325,0.3383881735813055
Opus 4.5,1419.0,1248.0,1757.001770846151,0.3383881735813055
Opus 4.5,1420.0,1248.0,1765.1946614133797,0.3383881735813055
Opus 4.5,1421.0,1248.0,1773.425755388801,0.3383881735813055
Opus 4.5,1422.0,1248.0,1781.6952309147164,0.3383881735813055
Opus 4.5,1423.0,1248.0,1790.0032669641096,0.3383881735813055
Opus 4.5,1424.0,1248.0,1798.3500433445092,0.3383881735813055
Opus 4.5,1425.0,1248.0,1806.735740701887,0.3383881735813055
Opus 4.5,1426.0,1248.0,1815.160540524566,0.3383881735813055
Opus 4.5,1427.0,1248.0,1823.624625147149,0.3383881735813055
Opus 4.5,1428.0,1248.0,1832.1281777544627,0.3383881735813055
Opus 4.5,1429.0,1248.0,1840.6713823855257,0.3383881735813055
Opus 4.5,1430.0,1248.0,1849.2544239375281,0.3383881735813055
Opus 4.5,1431.0,1248.0,1857.8774881698353,0.3383881735813055
Opus 4.5,1432.0,1248.0,1866.5407617080075,0.3383881735813055
Opus 4.5,1433.0,1248.0,1875.2444320478394,0.3383881735813055
Opus 4.5,1434.0,1248.0,1883.9886875594168,0.3383881735813055
Opus 4.5,1435.0,1248.0,1892.7737174911954,0.3383881735813055
Opus 4.5,1436.0,1248.0,1901.5997119740925,0.3383881735813055
Opus 4.5,1437.0,1248.0,1910.4668620256116,0.3383881735813055
Opus 4.5,1438.0,1248.0,1919.3753595539633,0.3383881735813055
Opus 4.5,1439.0,1248.0,1928.325397362228,0.3383881735813055
Opus 4.5,1440.0,1248.0,1937.3171691525251,0.3383881735813055
Opus 4.5,1441.0,1248.0,1946.3508695302066,0.3383881735813055
Opus 4.5,1442.0,1248.0,1955.4266940080681,0.3383881735813055
Opus 4.5,1443.0,1248.0,1964.5448390105805,0.3383881735813055
Opus 4.5,1444.0,1248.0,1973.7055018781407,0.3383881735813055
Opus 4.5,1445.0,1248.5,1982.908880871343,0.33770147830233554
Opus 4.5,1446.0,1249.0,1992.1551751752704,0.3370147830233656
Opus 4.5,1447.0,1239.5,2001.444584903804,0.3500619933237948
Opus 4.5,1448.0,1239.5,2010.7773111039562,0.3500619933237948
Opus 4.5,1449.0,1239.5,2020.1535557602194,0.3500619933237948
Opus 4.5,1450.0,1235.0,2029.5735217989372,0.35624225083452443
Opus 4.5,1451.0,1234.0,2039.0374130927041,0.3576156413924643
Opus 4.5,1452.0,1234.0,2048.5454344647646,0.3576156413924643
Opus 4.5,1453.0,1234.0,2058.097791693456,0.3576156413924643
Opus 4.5,1454.0,1239.5,2067.6946915166586,0.3500619933237948
GPT 5.2,800.0,1265.0,98.65993438771224,0.315040534096327
GPT 5.2,801.0,1265.0,99.11998517378471,0.315040534096327
GPT 5.2,802.0,1265.0,99.58218117439719,0.315040534096327
GPT 5.2,803.0,1265.0,100.0465323926745,0.315040534096327
GPT 5.2,804.0,1265.0,100.51304887838592,0.315040534096327
GPT 5.2,805.0,1265.0,100.98174072816279,0.315040534096327
GPT 5.2,806.0,1265.0,101.4526180857169,0.315040534096327
GPT 5.2,807.0,1265.0,101.9256911420604,0.315040534096327
GPT 5.2,808.0,1265.0,102.40097013572579,0.315040534096327
GPT 5.2,809.0,1265.0,102.87846535298787,0.315040534096327
GPT 5.2,810.0,1265.0,103.35818712808634,0.315040534096327
GPT 5.2,811.0,1265.0,103.84014584344936,0.315040534096327
GPT 5.2,812.0,1265.0,104.32435192991832,0.315040534096327
GPT 5.2,813.0,1265.0,104.81081586697358,0.315040534096327
GPT 5.2,814.0,1265.0,105.29954818296126,0.315040534096327
GPT 5.2,815.0,1265.0,105.79055945532109,0.315040534096327
GPT 5.2,816.0,1265.0,106.28386031081536,0.315040534096327
GPT 5.2,817.0,1265.0,106.7794614257589,0.315040534096327
GPT 5.2,818.0,1265.0,107.27737352625016,0.315040534096327
GPT 5.2,819.0,1265.0,107.7776073884033,0.315040534096327
GPT 5.2,820.0,1265.0,108.28017383858138,0.315040534096327
GPT 5.2,821.0,1265.0,108.78508375363101,0.315040534096327
GPT 5.2,822.0,1265.0,109.29234806111722,0.315040534096327
GPT 5.2,823.0,1265.0,109.80197773956029,0.315040534096327
GPT 5.2,824.0,1265.0,110.31398381867326,0.315040534096327
GPT 5.2,825.0,1265.0,110.82837737960074,0.315040534096327
GPT 5.2,826.0,1265.0,111.3451695551586,0.315040534096327
GPT 5.2,827.0,1265.0,111.86437153007502,0.315040534096327
GPT 5.2,828.0,1265.0,112.38599454123245,0.315040534096327
GPT 5.2,829.0,1265.0,112.91004987791095,0.315040534096327
GPT 5.2,830.0,1265.0,113.43654888203235,0.315040534096327
GPT 5.2,831.0,1265.0,113.9655029484059,0.315040534096327
GPT 5.2,832.0,1265.0,114.4969235249747,0.315040534096327
GPT 5.2,833.0,1265.0,115.03082211306351,0.315040534096327
GPT 5.2,834.0,1265.0,115.56721026762798,0.315040534096327
GPT 5.2,835.0,1265.0,116.10609959750418,0.315040534096327
GPT 5.2,836.0,1265.0,116.64750176566024,0.315040534096327
GPT 5.2,837.0,1265.0,117.19142848944858,0.315040534096327
GPT 5.2,838.0,1265.0,117.73789154085966,0.315040534096327
GPT 5.2,839.0,1265.0,118.28690274677665,0.315040534096327
GPT 5.2,840.0,1265.0,118.83847398923137,0.315040534096327
GPT 5.2,841.0,1265.0,119.39261720566157,0.315040534096327
GPT 5.2,842.0,1265.0,119.94934438916916,0.315040534096327
GPT 5.2,843.0,1265.0,120.50866758877983,0.315040534096327
GPT 5.2,844.0,1265.0,121.07059890970385,0.315040534096327
GPT 5.2,845.0,1265.0,121.63515051359799,0.315040534096327
GPT 5.2,846.0,1265.0,122.2023346188288,0.315040534096327
GPT 5.2,847.0,1265.0,122.77216350073684,0.315040534096327
GPT 5.2,848.0,1265.0,123.34464949190294,0.315040534096327
GPT 5.2,849.0,1265.0,123.9198049824143,0.315040534096327
GPT 5.2,850.0,1265.0,124.49764242013316,0.315040534096327
GPT 5.2,851.0,1265.0,125.0781743109661,0.315040534096327
GPT 5.2,852.0,1265.0,125.66141321913464,0.315040534096327
GPT 5.2,853.0,1265.0,126.24737176744725,0.315040534096327
GPT 5.2,854.0,1265.0,126.83606263757244,0.315040534096327
GPT 5.2,855.0,1265.0,127.42749857031335,0.315040534096327
GPT 5.2,856.0,1265.0,128.02169236588333,0.315040534096327
GPT 5.2,857.0,1265.0,128.61865688418317,0.315040534096327
GPT 5.2,858.0,1265.0,129.2184050450792,0.315040534096327
GPT 5.2,859.0,1265.0,129.8209498286831,0.315040534096327
GPT 5.2,860.0,1265.0,130.42630427563273,0.315040534096327
GPT 5.2,861.0,1265.0,131.03448148737425,0.315040534096327
GPT 5.2,862.0,1265.0,131.64549462644615,0.315040534096327
GPT 5.2,863.0,1265.0,132.25935691676347,0.315040534096327
GPT 5.2,864.0,1265.0,132.8760816439043,0.315040534096327
GPT 5.2,865.0,1265.0,133.49568215539747,0.315040534096327
GPT 5.2,866.0,1265.0,134.11817186101115,0.315040534096327
GPT 5.2,867.0,1265.0,134.74356423304323,0.315040534096327
GPT 5.2,868.0,1265.0,135.37187280661286,0.315040534096327
GPT 5.2,869.0,1265.0,136.0031111799534,0.315040534096327
GPT 5.2,870.0,1265.0,136.6372930147067,0.315040534096327
GPT 5.2,871.0,1265.0,137.27443203621877,0.315040534096327
GPT 5.2,872.0,1265.0,137.9145420338368,0.315040534096327
GPT 5.2,873.0,1265.0,138.55763686120773,0.315040534096327
GPT 5.2,874.0,1265.0,139.20373043657773,0.315040534096327
GPT 5.2,875.0,1265.0,139.85283674309423,0.315040534096327
GPT 5.2,876.0,1265.0,140.5049698291075,0.315040534096327
GPT 5.2,877.0,1265.0,141.16014380847537,0.315040534096327
GPT 5.2,878.0,1265.0,141.8183728608685,0.315040534096327
GPT 5.2,879.0,1265.0,142.4796712320773,0.315040534096327
GPT 5.2,880.0,1265.0,143.14405323432024,0.315040534096327
GPT 5.2,881.0,1265.0,143.81153324655355,0.315040534096327
GPT 5.2,882.0,1265.0,144.4821257147825,0.315040534096327
GPT 5.2,883.0,1265.0,145.15584515237404,0.315040534096327
GPT 5.2,884.0,1265.0,145.83270614037082,0.315040534096327
GPT 5.2,885.0,1265.0,146.51272332780684,0.315040534096327
GPT 5.2,886.0,1265.0,147.19591143202445,0.315040534096327
GPT 5.2,887.0,1265.0,147.88228523899295,0.315040534096327
GPT 5.2,888.0,1265.0,148.57185960362835,0.315040534096327
GPT 5.2,889.0,1265.0,149.26464945011554,0.315040534096327
GPT 5.2,890.0,1265.0,149.96066977223032,0.315040534096327
GPT 5.2,891.0,1265.0,150.65993563366453,0.315040534096327
GPT 5.2,892.0,1265.0,151.36246216835204,0.315040534096327
GPT 5.2,893.0,1265.0,152.06826458079604,0.315040534096327
GPT 5.2,894.0,1265.0,152.77735814639834,0.315040534096327
GPT 5.2,895.0,1265.0,153.48975821178982,0.315040534096327
GPT 5.2,896.0,1265.0,154.20548019516266,0.315040534096327
GPT 5.2,897.0,1265.0,154.92453958660397,0.315040534096327
GPT 5.2,898.0,1265.0,155.64695194843105,0.315040534096327
GPT 5.2,899.0,1265.0,156.37273291552825,0.315040534096327
GPT 5.2,900.0,1265.0,157.10189819568527,0.315040534096327
GPT 5.2,901.0,1265.0,157.83446356993718,0.315040534096327
GPT 5.2,902.0,1265.0,158.57044489290575,0.315040534096327
GPT 5.2,903.0,1265.0,159.30985809314328,0.315040534096327
GPT 5.2,904.0,1265.0,160.05271917347633,0.315040534096327
GPT 5.2,905.0,1265.0,160.79904421135274,0.315040534096327
GPT 5.2,906.0,1265.0,161.5488493591894,0.315040534096327
GPT 5.2,907.0,1265.0,162.30215084472187,0.315040534096327
GPT 5.2,908.0,1265.0,163.0589649713555,0.315040534096327
GPT 5.2,909.0,1265.0,163.81930811851836,0.315040534096327
GPT 5.2,910.0,1265.0,164.58319674201576,0.315040534096327
GPT 5.2,911.0,1265.0,165.35064737438628,0.315040534096327
GPT 5.2,912.0,1265.0,166.1216766252597,0.315040534096327
GPT 5.2,913.0,1265.0,166.89630118171638,0.315040534096327
GPT 5.2,914.0,1265.0,167.6745378086485,0.315040534096327
GPT 5.2,915.0,1265.0,168.4564033491228,0.315040534096327
GPT 5.2,916.0,1265.0,169.241914724745,0.315040534096327
GPT 5.2,917.0,1265.0,170.03108893602672,0.315040534096327
GPT 5.2,918.0,1265.0,170.82394306275233,0.315040534096327
GPT 5.2,919.0,1265.0,171.6204942643494,0.315040534096327
GPT 5.2,920.0,1265.0,172.42075978025971,0.315040534096327
GPT 5.2,921.0,1265.0,173.22475693031254,0.315040534096327
GPT 5.2,922.0,1265.0,174.03250311509947,0.315040534096327
GPT 5.2,923.0,1265.0,174.84401581635092,0.315040534096327
GPT 5.2,924.0,1265.0,175.65931259731448,0.315040534096327
GPT 5.2,925.0,1265.0,176.4784111031352,0.315040534096327
GPT 5.2,926.0,1265.0,177.30132906123725,0.315040534096327
GPT 5.2,927.0,1265.0,178.12808428170771,0.315040534096327
GPT 5.2,928.0,1265.0,178.9586946576821,0.315040534096327
GPT 5.2,929.0,1265.0,179.79317816573118,0.315040534096327
GPT 5.2,930.0,1265.0,180.6315528662511,0.315040534096327
GPT 5.2,931.0,1265.0,181.47383690385288,0.315040534096327
GPT 5.2,932.0,1265.0,182.320048507756,0.315040534096327
GPT 5.2,933.0,1265.0,183.17020599218276,0.315040534096327
GPT 5.2,934.0,1265.0,184.02432775675445,0.315040534096327
GPT 5.2,935.0,1265.0,184.8824322868898,0.315040534096327
GPT 5.2,936.0,1265.0,185.74453815420495,0.315040534096327
GPT 5.2,937.0,1265.0,186.61066401691536,0.315040534096327
GPT 5.2,938.0,1265.0,187.4808286202397,0.315040534096327
GPT 5.2,939.0,1265.0,188.35505079680544,0.315040534096327
GPT 5.2,940.0,1265.0,189.23334946705654,0.315040534096327
GPT 5.2,941.0,1265.0,190.11574363966295,0.315040534096327
GPT 5.2,942.0,1265.0,191.00225241193183,0.315040534096327
GPT 5.2,943.0,1265.0,191.89289497022088,0.315040534096327
GPT 5.2,944.0,1265.0,192.78769059035426,0.315040534096327
GPT 5.2,945.0,1265.0,193.68665863803864,0.315040534096327
GPT 5.2,946.0,1265.0,194.58981856928298,0.315040534096327
GPT 5.2,947.0,1265.0,195.49718993081967,0.315040534096327
GPT 5.2,948.0,1265.0,196.4087923605273,0.315040534096327
GPT 5.2,949.0,1265.0,197.3246455878558,0.315040534096327
GPT 5.2,950.0,1265.0,198.2447694342535,0.315040534096327
GPT 5.2,951.0,1265.0,199.16918381359594,0.315040534096327
GPT 5.2,952.0,1265.0,200.09790873261707,0.315040534096327
GPT 5.2,953.0,1265.0,201.03096429134206,0.315040534096327
GPT 5.2,954.0,1265.0,201.96837068352244,0.315040534096327
GPT 5.2,955.0,1265.0,202.91014819707308,0.315040534096327
GPT 5.2,956.0,1265.0,203.85631721451136,0.315040534096327
GPT 5.2,957.0,1265.0,204.80689821339791,0.315040534096327
GPT 5.2,958.0,1265.0,205.76191176678088,0.315040534096327
GPT 5.2,959.0,1265.0,206.7213785436397,0.315040534096327
GPT 5.2,960.0,1265.0,207.68531930933347,0.315040534096327
GPT 5.2,961.0,1265.0,208.65375492604994,0.315040534096327
GPT 5.2,962.0,1265.0,209.62670635325722,0.315040534096327
GPT 5.2,963.0,1265.0,210.6041946481573,0.315040534096327
GPT 5.2,964.0,1265.0,211.5862409661418,0.315040534096327
GPT 5.2,965.0,1265.0,212.57286656124978,0.315040534096327
GPT 5.2,966.0,1265.0,213.56409278662787,0.315040534096327
GPT 5.2,967.0,1265.0,214.55994109499224,0.315040534096327
GPT 5.2,968.0,1265.0,215.560433039093,0.315040534096327
GPT 5.2,969.0,1265.0,216.56559027218057,0.315040534096327
GPT 5.2,970.0,1265.0,217.57543454847428,0.315040534096327
GPT 5.2,971.0,1265.0,218.5899877236338,0.315040534096327
GPT 5.2,972.0,1265.0,219.6092717552311,0.315040534096327
GPT 5.2,973.0,1265.0,220.63330870322628,0.315040534096327
GPT 5.2,974.0,1265.0,221.662120730445,0.315040534096327
GPT 5.2,975.0,1265.0,222.69573010305808,0.315040534096327
GPT 5.2,976.0,1265.0,223.73415919106338,0.315040534096327
GPT 5.2,977.0,1265.0,224.77743046876992,0.315040534096327
GPT 5.2,978.0,1265.0,225.82556651528435,0.315040534096327
GPT 5.2,979.0,1265.0,226.8785900149995,0.315040534096327
GPT 5.2,980.0,1265.0,227.93652375808554,0.315040534096327
GPT 5.2,981.0,1265.0,228.99939064098297,0.315040534096327
GPT 5.2,982.0,1265.0,230.06721366689837,0.315040534096327
GPT 5.2,983.0,1265.0,231.1400159463021,0.315040534096327
GPT 5.2,984.0,1265.0,232.2178206974283,0.315040534096327
GPT 5.2,985.0,1265.0,233.3006512467784,0.315040534096327
GPT 5.2,986.0,1265.0,234.38853102962432,0.315040534096327
GPT 5.2,987.0,1265.0,235.48148359051697,0.315040534096327
GPT 5.2,988.0,1265.0,236.57953258379524,0.315040534096327
GPT 5.2,989.0,1265.0,237.68270177409818,0.315040534096327
GPT 5.2,990.0,1265.0,238.79101503687914,0.315040534096327
GPT 5.2,991.0,1265.0,239.9044963589227,0.315040534096327
GPT 5.2,992.0,1265.0,241.0231698388636,0.315040534096327
GPT 5.2,993.0,1265.0,242.14705968770843,0.315040534096327
GPT 5.2,994.0,1265.0,243.27619022935963,0.315040534096327
GPT 5.2,995.0,1265.0,244.4105859011418,0.315040534096327
GPT 5.2,996.0,1265.0,245.55027125433068,0.315040534096327
GPT 5.2,997.0,1265.0,246.69527095468456,0.315040534096327
GPT 5.2,998.0,1265.0,247.8456097829777,0.315040534096327
GPT 5.2,999.0,1265.0,249.00131263553777,0.315040534096327
GPT 5.2,1000.0,1265.0,250.1624045247832,0.315040534096327
GPT 5.2,1001.0,1265.0,251.3289105797653,0.315040534096327
GPT 5.2,1002.0,1265.0,252.50085604671222,0.315040534096327
GPT 5.2,1003.0,1265.0,253.678266289575,0.315040534096327
GPT 5.2,1004.0,1265.0,254.8611667905767,0.315040534096327
GPT 5.2,1005.0,1265.0,256.0495831507639,0.315040534096327
GPT 5.2,1006.0,1265.0,257.24354109056065,0.315040534096327
GPT 5.2,1007.0,1265.0,258.4430664503253,0.315040534096327
GPT 5.2,1008.0,1265.0,259.64818519090966,0.315040534096327
GPT 5.2,1009.0,1265.0,260.85892339422077,0.315040534096327
GPT 5.2,1010.0,1265.0,262.0753072637855,0.315040534096327
GPT 5.2,1011.0,1265.0,263.2973631253175,0.315040534096327
GPT 5.2,1012.0,1265.0,264.5251174272876,0.315040534096327
GPT 5.2,1013.0,1265.0,265.7585967414954,0.315040534096327
GPT 5.2,1014.0,1265.0,266.9978277636444,0.315040534096327
GPT 5.2,1015.0,1265.0,268.24283731392046,0.315040534096327
GPT 5.2,1016.0,1265.0,269.4936523375715,0.315040534096327
GPT 5.2,1017.0,1265.0,270.75029990549126,0.315040534096327
GPT 5.2,1018.0,1265.0,272.0128072148048,0.315040534096327
GPT 5.2,1019.0,1265.0,273.28120158945717,0.315040534096327
GPT 5.2,1020.0,1265.0,274.5555104808051,0.315040534096327
GPT 5.2,1021.0,1265.0,275.8357614682105,0.315040534096327
GPT 5.2,1022.0,1265.0,277.121982259638,0.315040534096327
GPT 5.2,1023.0,1265.0,278.4142006922542,0.315040534096327
GPT 5.2,1024.0,1265.0,279.71244473303034,0.315040534096327
GPT 5.2,1025.0,1265.0,281.0167424793471,0.315040534096327
GPT 5.2,1026.0,1265.0,282.32712215960413,0.315040534096327
GPT 5.2,1027.0,1265.0,283.643612133829,0.315040534096327
GPT 5.2,1028.0,1265.0,284.9662408942922,0.315040534096327
GPT 5.2,1029.0,1265.0,286.29503706612365,0.315040534096327
GPT 5.2,1030.0,1265.0,287.6300294079321,0.315040534096327
GPT 5.2,1031.0,1265.0,288.9712468124274,0.315040534096327
GPT 5.2,1032.0,1265.0,290.3187183070462,0.315040534096327
GPT 5.2,1033.0,1265.0,291.67247305457965,0.315040534096327
GPT 5.2,1034.0,1265.0,293.0325403538052,0.315040534096327
GPT 5.2,1035.0,1265.0,294.39894964012,0.315040534096327
GPT 5.2,1036.0,1265.0,295.77173048617857,0.315040534096327
GPT 5.2,1037.0,1265.0,297.15091260253246,0.315040534096327
GPT 5.2,1038.0,1265.0,298.5365258382734,0.315040534096327
GPT 5.2,1039.0,1265.0,299.928600181679,0.315040534096327
GPT 5.2,1040.0,1265.0,301.3271657608629,0.315040534096327
GPT 5.2,1041.0,1265.0,302.73225284442515,0.315040534096327
GPT 5.2,1042.0,1265.0,304.1438918421084,0.315040534096327
GPT 5.2,1043.0,1265.0,305.56211330545585,0.315040534096327
GPT 5.2,1044.0,1265.0,306.98694792847226,0.315040534096327
GPT 5.2,1045.0,1265.0,308.4184265482885,0.315040534096327
GPT 5.2,1046.0,1265.0,309.8565801458288,0.315040534096327
GPT 5.2,1047.0,1265.0,311.3014398464812,0.315040534096327
GPT 5.2,1048.0,1265.0,312.75303692077136,0.315040534096327
GPT 5.2,1049.0,1265.0,314.2114027850393,0.315040534096327
GPT 5.2,1050.0,1265.0,315.67656900211915,0.315040534096327
GPT 5.2,1051.0,1265.0,317.1485672820225,0.315040534096327
GPT 5.2,1052.0,1265.0,318.62742948262405,0.315040534096327
GPT 5.2,1053.0,1265.0,320.11318761035284,0.315040534096327
GPT 5.2,1054.0,1265.0,321.6058738208826,0.315040534096327
GPT 5.2,1055.0,1265.0,323.10552041982913,0.315040534096327
GPT 5.2,1056.0,1265.0,324.6121598634492,0.315040534096327
GPT 5.2,1057.0,1265.0,326.125824759343,0.315040534096327
GPT 5.2,1058.0,1265.0,327.64654786715965,0.315040534096327
GPT 5.2,1059.0,1265.0,329.17436209930645,0.315040534096327
GPT 5.2,1060.0,1265.0,330.70930052166113,0.315040534096327
GPT 5.2,1061.0,1265.0,332.25139635428735,0.315040534096327
GPT 5.2,1062.0,1265.0,333.8006829721538,0.315040534096327
GPT 5.2,1063.0,1265.0,335.35719390585655,0.315040534096327
GPT 5.2,1064.0,1265.0,336.9209628423445,0.315040534096327
GPT 5.2,1065.0,1265.0,338.49202362564887,0.315040534096327
GPT 5.2,1066.0,1265.0,340.07041025761487,0.315040534096327
GPT 5.2,1067.0,1265.0,341.65615689863927,0.315040534096327
GPT 5.2,1068.0,1265.0,343.24929786840755,0.315040534096327
GPT 5.2,1069.0,1265.0,344.84986764663813,0.315040534096327
GPT 5.2,1070.0,1265.0,346.4579008738281,0.315040534096327
GPT 5.2,1071.0,1265.0,348.07343235200307,0.315040534096327
GPT 5.2,1072.0,1265.0,349.6964970454702,0.315040534096327
GPT 5.2,1073.0,1265.0,351.32713008157526,0.315040534096327
GPT 5.2,1074.0,1265.0,352.96536675146245,0.315040534096327
GPT 5.2,1075.0,1265.0,354.6112425108385,0.315040534096327
GPT 5.2,1076.0,1265.0,356.2647929807399,0.315040534096327
GPT 5.2,1077.0,1265.0,357.92605394830395,0.315040534096327
GPT 5.2,1078.0,1265.0,359.59506136754305,0.315040534096327
GPT 5.2,1079.0,1265.0,361.2718513601231,0.315040534096327
GPT 5.2,1080.0,1265.0,362.95646021614465,0.315040534096327
GPT 5.2,1081.0,1265.0,364.64892439493,0.315040534096327
GPT 5.2,1082.0,1265.0,366.34928052581006,0.315040534096327
GPT 5.2,1083.0,1265.0,368.0575654089183,0.315040534096327
GPT 5.2,1084.0,1265.0,369.7738160159873,0.315040534096327
GPT 5.2,1085.0,1265.0,371.49806949114827,0.315040534096327
GPT 5.2,1086.0,1265.0,373.23036315173573,0.315040534096327
GPT 5.2,1087.0,1265.0,374.9707344890945,0.315040534096327
GPT 5.2,1088.0,1265.0,376.7192211693914,0.315040534096327
GPT 5.2,1089.0,1265.0,378.4758610344304,0.315040534096327
GPT 5.2,1090.0,1265.0,380.24069210247166,0.315040534096327
GPT 5.2,1091.0,1265.0,382.0137525690542,0.315040534096327
GPT 5.2,1092.0,1265.0,383.7950808078228,0.315040534096327
GPT 5.2,1093.0,1265.0,385.5847153713582,0.315040534096327
GPT 5.2,1094.0,1265.0,387.38269499201135,0.315040534096327
GPT 5.2,1095.0,1265.0,389.1890585827431,0.315040534096327
GPT 5.2,1096.0,1265.0,391.0038452379641,0.315040534096327
GPT 5.2,1097.0,1265.0,392.8270942343823,0.315040534096327
GPT 5.2,1098.0,1265.0,394.65884503185293,0.315040534096327
GPT 5.2,1099.0,1265.0,396.4991372742322,0.315040534096327
GPT 5.2,1100.0,1265.0,398.34801079023555,0.315040534096327
GPT 5.2,1101.0,1265.0,400.2055055942994,0.315040534096327
GPT 5.2,1102.0,1265.0,402.0716618874473,0.315040534096327
GPT 5.2,1103.0,1265.0,403.94652005816,0.315040534096327
GPT 5.2,1104.0,1265.0,405.8301206832496,0.315040534096327
GPT 5.2,1105.0,1265.0,407.72250452873766,0.315040534096327
GPT 5.2,1106.0,1265.0,409.62371255073737,0.315040534096327
GPT 5.2,1107.0,1265.0,411.53378589633974,0.315040534096327
GPT 5.2,1108.0,1265.0,413.4527659045058,0.315040534096327
GPT 5.2,1109.0,1265.0,415.38069410695846,0.315040534096327
GPT 5.2,1110.0,1265.0,417.3176122290836,0.315040534096327
GPT 5.2,1111.0,1265.0,419.2635621908321,0.315040534096327
GPT 5.2,1112.0,1265.0,421.2185861076274,0.315040534096327
GPT 5.2,1113.0,1265.0,423.1827262912771,0.315040534096327
GPT 5.2,1114.0,1265.0,425.15602525088843,0.315040534096327
GPT 5.2,1115.0,1265.0,427.1385256937884,0.315040534096327
GPT 5.2,1116.0,1265.0,429.130270526448,0.315040534096327
GPT 5.2,1117.0,1265.0,431.13130285541104,0.315040534096327
GPT 5.2,1118.0,1265.0,433.1416659882268,0.315040534096327
GPT 5.2,1119.0,1265.0,435.1614034343875,0.315040534096327
GPT 5.2,1120.0,1265.0,437.19055890627,0.315040534096327
GPT 5.2,1121.0,1265.0,439.2291763200811,0.315040534096327
GPT 5.2,1122.0,1265.0,441.2772997968101,0.315040534096327
GPT 5.2,1123.0,1265.0,443.33497366318096,0.315040534096327
GPT 5.2,1124.0,1265.0,445.40224245261334,0.315040534096327
GPT 5.2,1125.0,1265.0,447.479150906186,0.315040534096327
GPT 5.2,1126.0,1265.0,449.5657439736052,0.315040534096327
GPT 5.2,1127.0,1265.0,451.66206681417736,0.315040534096327
GPT 5.2,1128.0,1265.0,453.7681647977866,0.315040534096327
GPT 5.2,1129.0,1265.0,455.8840835058765,0.315040534096327
GPT 5.2,1130.0,1265.0,458.0098687324368,0.315040534096327
GPT 5.2,1131.0,1265.0,460.1455664849943,0.315040534096327
GPT 5.2,1132.0,1265.0,462.29122298560867,0.315040534096327
GPT 5.2,1133.0,1265.0,464.4468846718729,0.315040534096327
GPT 5.2,1134.0,1265.0,466.61259819791815,0.315040534096327
GPT 5.2,1135.0,1265.0,468.78841043542315,0.315040534096327
GPT 5.2,1136.0,1265.0,470.9743684746304,0.315040534096327
GPT 5.2,1137.0,1265.0,473.1705196253626,0.315040534096327
GPT 5.2,1138.0,1265.0,475.37691141804845,0.315040534096327
GPT 5.2,1139.0,1265.0,477.5935916047506,0.315040534096327
GPT 5.2,1140.0,1265.0,479.8206081601995,0.315040534096327
GPT 5.2,1141.0,1265.0,482.05800928283156,0.315040534096327
GPT 5.2,1142.0,1265.0,484.30584339583214,0.315040534096327
GPT 5.2,1143.0,1265.0,486.5641591481837,0.315040534096327
GPT 5.2,1144.0,1265.0,488.83300541571873,0.315040534096327
GPT 5.2,1145.0,1265.0,491.11243130217747,0.315040534096327
GPT 5.2,1146.0,1265.0,493.4024861402706,0.315040534096327
GPT 5.2,1147.0,1265.0,495.70321949274694,0.315040534096327
GPT 5.2,1148.0,1265.0,498.0146811534659,0.315040534096327
GPT 5.2,1149.0,1265.0,500.3369211484767,0.315040534096327
GPT 5.2,1150.0,1265.0,502.6699897370982,0.315040534096327
GPT 5.2,1151.0,1265.0,505.01393741300905,0.315040534096327
GPT 5.2,1152.0,1265.0,507.3688149053394,0.315040534096327
GPT 5.2,1153.0,1264.5,509.73467317976906,0.3157272293752969
GPT 5.2,1154.0,1264.5,512.1115634396307,0.3157272293752969
GPT 5.2,1155.0,1264.0,514.4995371270179,0.3164139246542669
GPT 5.2,1156.0,1264.0,516.8986459238984,0.3164139246542669
GPT 5.2,1157.0,1263.5,519.3089417532325,0.31710061993323685
GPT 5.2,1158.0,1263.0,521.7304767800974,0.3177873152122068
GPT 5.2,1159.0,1263.5,524.1633034128156,0.31710061993323685
GPT 5.2,1160.0,1263.0,526.6074743040891,0.3177873152122068
GPT 5.2,1161.0,1263.5,529.0630423521397,0.31710061993323685
GPT 5.2,1162.0,1263.0,531.5300607018524,0.3177873152122068
GPT 5.2,1163.0,1263.5,534.0085827459285,0.31710061993323685
GPT 5.2,1164.0,1263.0,536.4986621260371,0.3177873152122068
GPT 5.2,1165.0,1263.5,539.0003527339791,0.31710061993323685
GPT 5.2,1166.0,1263.0,541.5137087128523,0.3177873152122068
GPT 5.2,1167.0,1263.5,544.038784458224,0.31710061993323685
GPT 5.2,1168.0,1263.0,546.5756346193072,0.3177873152122068
GPT 5.2,1169.0,1263.5,549.1243141001439,0.31710061993323685
GPT 5.2,1170.0,1263.0,551.6848780607941,0.3177873152122068
GPT 5.2,1171.0,1263.5,554.2573819185279,0.31710061993323685
GPT 5.2,1172.0,1263.0,556.8418813490267,0.3177873152122068
GPT 5.2,1173.0,1263.5,559.4384322875868,0.31710061993323685
GPT 5.2,1174.0,1263.0,562.0470909303308,0.3177873152122068
GPT 5.2,1175.0,1263.5,564.6679137354232,0.31710061993323685
GPT 5.2,1176.0,1263.0,567.3009574242926,0.3177873152122068
GPT 5.2,1177.0,1263.5,569.9462789828605,0.31710061993323685
GPT 5.2,1178.0,1263.0,572.6039356627721,0.3177873152122068
GPT 5.2,1179.0,1263.5,575.2739849826372,0.31710061993323685
GPT 5.2,1180.0,1263.0,577.9564847292746,0.3177873152122068
GPT 5.2,1181.0,1263.5,580.6514929589629,0.31710061993323685
GPT 5.2,1182.0,1263.0,583.3590679986964,0.3177873152122068
GPT 5.2,1183.0,1263.5,586.0792684474486,0.31710061993323685
GPT 5.2,1184.0,1263.0,588.8121531774389,0.3177873152122068
GPT 5.2,1185.0,1263.5,591.5577813354082,0.31710061993323685
GPT 5.2,1186.0,1263.0,594.3162123438981,0.3177873152122068
GPT 5.2,1187.0,1263.5,597.0875059025371,0.31710061993323685
GPT 5.2,1188.0,1263.0,599.8717219893332,0.3177873152122068
GPT 5.2,1189.0,1263.5,602.6689208619705,0.31710061993323685
GPT 5.2,1190.0,1263.0,605.4791630591164,0.3177873152122068
GPT 5.2,1191.0,1263.5,608.3025094017281,0.31710061993323685
GPT 5.2,1192.0,1263.0,611.1390209943709,0.3177873152122068
GPT 5.2,1193.0,1263.5,613.9887592265405,0.31710061993323685
GPT 5.2,1194.0,1263.0,616.851785773992,0.3177873152122068
GPT 5.2,1195.0,1263.5,619.7281626000733,0.31710061993323685
GPT 5.2,1196.0,1263.0,622.6179519570682,0.3177873152122068
GPT 5.2,1197.0,1215.0,625.5212163875415,0.3837100619933227
GPT 5.2,1198.0,1214.0,628.4380187256945,0.38508345255126264
GPT 5.2,1199.0,1214.0,631.3684220987236,0.38508345255126264
GPT 5.2,1200.0,1215.5,634.3124899281872,0.3830233667143527
GPT 5.2,1201.0,1215.0,637.2702859313781,0.3837100619933227
GPT 5.2,1202.0,1214.0,640.2418741227024,0.38508345255126264
GPT 5.2,1203.0,1214.0,643.2273188150646,0.38508345255126264
GPT 5.2,1204.0,1214.0,646.2266846212617,0.38508345255126264
GPT 5.2,1205.0,1214.0,649.2400364553781,0.38508345255126264
GPT 5.2,1206.0,1214.0,652.2674395341928,0.38508345255126264
GPT 5.2,1207.0,1214.0,655.3089593785903,0.38508345255126264
GPT 5.2,1208.0,1214.0,658.3646618149787,0.38508345255126264
GPT 5.2,1209.0,1214.0,661.4346129767143,0.38508345255126264
GPT 5.2,1216.0,1214.0,683.3288557439939,0.38508345255126264
GPT 5.2,1217.0,1214.0,686.5152148185455,0.38508345255126264
GPT 5.2,1218.0,1213.5,689.7164318697027,0.38577014783023256
GPT 5.2,1225.0,1214.0,712.5468352136968,0.38508345255126264
GPT 5.2,1226.0,1214.0,715.8694375820027,0.38508345255126264
GPT 5.2,1227.0,1214.0,719.2075332287181,0.38508345255126264
GPT 5.2,1228.0,1214.0,722.5611943989238,0.38508345255126264
GPT 5.2,1229.0,1214.0,725.9304936745788,0.38508345255126264
GPT 5.2,1230.0,1214.0,729.3155039760915,0.38508345255126264
GPT 5.2,1231.0,1214.0,732.7162985638969,0.38508345255126264
GPT 5.2,1232.0,1214.0,736.1329510400454,0.38508345255126264
GPT 5.2,1233.0,1214.0,739.5655353497913,0.38508345255126264
GPT 5.2,1234.0,1214.0,743.0141257831958,0.38508345255126264
GPT 5.2,1235.0,1214.0,746.4787969767343,0.38508345255126264
GPT 5.2,1236.0,1214.0,749.9596239149118,0.38508345255126264
GPT 5.2,1237.0,1214.0,753.4566819318858,0.38508345255126264
GPT 5.2,1238.0,1214.0,756.9700467130963,0.38508345255126264
GPT 5.2,1239.0,1214.0,760.4997942969042,0.38508345255126264
GPT 5.2,1240.0,1214.0,764.0460010762371,0.38508345255126264
GPT 5.2,1241.0,1214.0,767.6087438002422,0.38508345255126264
GPT 5.2,1242.0,1214.0,771.188099575948,0.38508345255126264
GPT 5.2,1243.0,1214.0,774.7841458699321,0.38508345255126264
GPT 5.2,1244.0,1214.0,778.396960509998,0.38508345255126264
GPT 5.2,1245.0,1214.0,782.0266216868622,0.38508345255126264
GPT 5.2,1246.0,1214.0,785.6732079558416,0.38508345255126264
GPT 5.2,1247.0,1214.0,789.336798238557,0.38508345255126264
GPT 5.2,1248.0,1214.0,793.0174718246404,0.38508345255126264
GPT 5.2,1249.0,1214.0,796.715308373451,0.38508345255126264
GPT 5.2,1250.0,1214.0,800.4303879157989,0.38508345255126264
GPT 5.2,1251.0,1214.0,804.1627908556777,0.38508345255126264
GPT 5.2,1252.0,1214.0,807.9125979720046,0.38508345255126264
GPT 5.2,1253.0,1214.0,811.6798904203682,0.38508345255126264
GPT 5.2,1254.0,1214.0,815.4647497347852,0.38508345255126264
GPT 5.2,1255.0,1214.0,819.2672578294653,0.38508345255126264
GPT 5.2,1256.0,1214.0,823.0874970005834,0.38508345255126264
GPT 5.2,1257.0,1214.0,826.9255499280614,0.38508345255126264
GPT 5.2,1258.0,1214.0,830.7814996773561,0.38508345255126264
GPT 5.2,1259.0,1214.0,834.6554297012608,0.38508345255126264
GPT 5.2,1260.0,1214.0,838.5474238417064,0.38508345255126264
GPT 5.2,1261.0,1214.0,842.4575663315788,0.38508345255126264
GPT 5.2,1262.0,1214.0,846.3859417965418,0.38508345255126264
GPT 5.2,1263.0,1214.0,850.332635256868,0.38508345255126264
GPT 5.2,1264.0,1214.0,854.297732129279,0.38508345255126264
GPT 5.2,1265.0,1214.0,858.2813182287946,0.38508345255126264
GPT 5.2,1266.0,1214.0,862.2834797705891,0.38508345255126264
GPT 5.2,1267.0,1214.0,866.304303371858,0.38508345255126264
GPT 5.2,1268.0,1214.0,870.3438760536926,0.38508345255126264
GPT 5.2,1269.0,1214.0,874.4022852429625,0.38508345255126264
GPT 5.2,1270.0,1214.0,878.4796187742089,0.38508345255126264
GPT 5.2,1271.0,1214.0,882.5759648915448,0.38508345255126264
GPT 5.2,1272.0,1214.0,886.6914122505642,0.38508345255126264
GPT 5.2,1273.0,1214.0,890.8260499202644,0.38508345255126264
GPT 5.2,1274.0,1214.0,894.9799673849682,0.38508345255126264
GPT 5.2,1275.0,1214.0,899.1532545462644,0.38508345255126264
GPT 5.2,1276.0,1214.0,903.3460017249525,0.38508345255126264
GPT 5.2,1277.0,1214.0,907.5582996629972,0.38508345255126264
GPT 5.2,1278.0,1214.0,911.7902395254928,0.38508345255126264
GPT 5.2,1279.0,1214.0,916.0419129026358,0.38508345255126264
GPT 5.2,1280.0,1214.0,920.3134118117074,0.38508345255126264
GPT 5.2,1281.0,1214.0,924.6048286990649,0.38508345255126264
GPT 5.2,1282.0,1214.0,928.9162564421426,0.38508345255126264
GPT 5.2,1283.0,1214.0,933.2477883514617,0.38508345255126264
GPT 5.2,1284.0,1214.0,937.5995181726499,0.38508345255126264
GPT 5.2,1285.0,1214.0,941.9715400884695,0.38508345255126264
GPT 5.2,1286.0,1214.0,946.3639487208593,0.38508345255126264
GPT 5.2,1287.0,1214.0,950.7768391329769,0.38508345255126264
GPT 5.2,1288.0,1214.0,955.2103068312597,0.38508345255126264
GPT 5.2,1289.0,1214.0,959.6644477674914,0.38508345255126264
GPT 5.2,1290.0,1214.0,964.1393583408784,0.38508345255126264
GPT 5.2,1291.0,1214.0,968.6351354001359,0.38508345255126264
GPT 5.2,1292.0,1214.0,973.1518762455844,0.38508345255126264
GPT 5.2,1293.0,1214.0,977.6896786312551,0.38508345255126264
GPT 5.2,1294.0,1214.0,982.2486407670061,0.38508345255126264
GPT 5.2,1295.0,1214.0,986.8288613206471,0.38508345255126264
GPT 5.2,1296.0,1214.0,991.4304394200758,0.38508345255126264
GPT 5.2,1297.0,1214.0,996.0534746554224,0.38508345255126264
GPT 5.2,1298.0,1214.0,1000.6980670812057,0.38508345255126264
GPT 5.2,1299.0,1214.0,1005.3643172184969,0.38508345255126264
GPT 5.2,1300.0,1214.0,1010.0523260570999,0.38508345255126264
GPT 5.2,1301.0,1214.0,1014.7621950577301,0.38508345255126264
GPT 5.2,1302.0,1214.0,1019.494026154215,0.38508345255126264
GPT 5.2,1303.0,1214.0,1024.2479217556988,0.38508345255126264
GPT 5.2,1304.0,1214.0,1029.0239847488594,0.38508345255126264
GPT 5.2,1305.0,1214.0,1033.8223185001345,0.38508345255126264
GPT 5.2,1306.0,1214.0,1038.6430268579588,0.38508345255126264
GPT 5.2,1307.0,1214.0,1043.4862141550122,0.38508345255126264
GPT 5.2,1308.0,1214.0,1048.3519852104773,0.38508345255126264
GPT 5.2,1309.0,1214.0,1053.2404453323074,0.38508345255126264
GPT 5.2,1310.0,1214.0,1058.1517003195072,0.38508345255126264
GPT 5.2,1311.0,1214.0,1063.0858564644209,0.38508345255126264
GPT 5.2,1312.0,1214.0,1068.0430205550338,0.38508345255126264
GPT 5.2,1313.0,1214.0,1073.0232998772815,0.38508345255126264
GPT 5.2,1314.0,1214.0,1078.0268022173773,0.38508345255126264
GPT 5.2,1315.0,1214.0,1083.0536358641375,0.38508345255126264
GPT 5.2,1316.0,1214.0,1088.1039096113295,0.38508345255126264
GPT 5.2,1317.0,1214.0,1093.1777327600257,0.38508345255126264
GPT 5.2,1318.0,1214.0,1098.2752151209688,0.38508345255126264
GPT 5.2,1319.0,1214.0,1103.3964670169485,0.38508345255126264
GPT 5.2,1320.0,1214.0,1108.5415992851892,0.38508345255126264
GPT 5.2,1321.0,1214.0,1113.7107232797487,0.38508345255126264
GPT 5.2,1322.0,1214.0,1118.9039508739281,0.38508345255126264
GPT 5.2,1323.0,1214.0,1124.1213944626932,0.38508345255126264
GPT 5.2,1324.0,1214.0,1129.3631669651068,0.38508345255126264
GPT 5.2,1325.0,1214.0,1134.629381826773,0.38508345255126264
GPT 5.2,1326.0,1214.0,1139.920153022291,0.38508345255126264
GPT 5.2,1327.0,1214.0,1145.2355950577266,0.38508345255126264
GPT 5.2,1328.0,1214.0,1150.575822973083,0.38508345255126264
GPT 5.2,1329.0,1214.0,1155.9409523447955,0.38508345255126264
GPT 5.2,1330.0,1214.0,1161.331099288232,0.38508345255126264
GPT 5.2,1331.0,1214.0,1166.746380460206,0.38508345255126264
GPT 5.2,1332.0,1214.0,1172.1869130615005,0.38508345255126264
GPT 5.2,1333.0,1214.0,1177.6528148394057,0.38508345255126264
GPT 5.2,1334.0,1214.0,1183.1442040902666,0.38508345255126264
GPT 5.2,1335.0,1214.0,1188.6611996620436,0.38508345255126264
GPT 5.2,1336.0,1214.0,1194.2039209568843,0.38508345255126264
GPT 5.2,1337.0,1214.0,1199.7724879337084,0.38508345255126264
GPT 5.2,1338.0,1214.0,1205.367021110803,0.38508345255126264
GPT 5.2,1339.0,1214.0,1210.9876415684314,0.38508345255126264
GPT 5.2,1340.0,1214.0,1216.6344709514526,0.38508345255126264
GPT 5.2,1341.0,1214.0,1222.3076314719588,0.38508345255126264
GPT 5.2,1342.0,1214.0,1228.0072459119122,0.38508345255126264
GPT 5.2,1343.0,1214.0,1233.7334376258084,0.38508345255126264
GPT 5.2,1344.0,1214.0,1239.4863305433444,0.38508345255126264
GPT 5.2,1345.0,1214.0,1245.2660491721008,0.38508345255126264
GPT 5.2,1346.0,1214.0,1251.0727186002364,0.38508345255126264
GPT 5.2,1347.0,1214.0,1256.9064644991952,0.38508345255126264
GPT 5.2,1348.0,1214.0,1262.7674131264268,0.38508345255126264
GPT 5.2,1349.0,1214.0,1268.6556913281186,0.38508345255126264
GPT 5.2,1350.0,1214.0,1274.5714265419413,0.38508345255126264
GPT 5.2,1351.0,1214.0,1280.5147467998063,0.38508345255126264
GPT 5.2,1352.0,1214.0,1286.4857807306378,0.38508345255126264
GPT 5.2,1353.0,1214.0,1292.4846575631557,0.38508345255126264
GPT 5.2,1354.0,1214.0,1298.5115071286716,0.38508345255126264
GPT 5.2,1355.0,1214.0,1304.5664598639037,0.38508345255126264
GPT 5.2,1356.0,1214.0,1310.649646813792,0.38508345255126264
GPT 5.2,1357.0,1214.0,1316.7611996343398,0.38508345255126264
GPT 5.2,1358.0,1214.0,1322.901250595462,0.38508345255126264
GPT 5.2,1359.0,1214.0,1329.0699325838466,0.38508345255126264
GPT 5.2,1360.0,1214.0,1335.2673791058326,0.38508345255126264
GPT 5.2,1361.0,1214.0,1341.4937242902975,0.38508345255126264
GPT 5.2,1362.0,1214.0,1347.749102891562,0.38508345255126264
GPT 5.2,1363.0,1214.0,1354.0336502923044,0.38508345255126264
GPT 5.2,1364.0,1214.0,1360.347502506493,0.38508345255126264
GPT 5.2,1365.0,1214.0,1366.6907961823276,0.38508345255126264
GPT 5.2,1366.0,1214.0,1373.0636686051985,0.38508345255126264
GPT 5.2,1367.0,1214.0,1379.466257700655,0.38508345255126264
GPT 5.2,1368.0,1214.0,1385.8987020373977,0.38508345255126264
GPT 5.2,1369.0,1214.0,1392.3611408302672,0.38508345255126264
GPT 5.2,1370.0,1214.0,1398.8537139432644,0.38508345255126264
GPT 5.2,1371.0,1214.0,1405.376561892575,0.38508345255126264
GPT 5.2,1372.0,1214.0,1411.9298258496106,0.38508345255126264
GPT 5.2,1373.0,1214.0,1418.5136476440653,0.38508345255126264
GPT 5.2,1374.0,1214.0,1425.1281697669833,0.38508345255126264
GPT 5.2,1375.0,1214.0,1431.7735353738449,0.38508345255126264
GPT 5.2,1376.0,1214.0,1438.449888287663,0.38508345255126264
GPT 5.2,1377.0,1214.0,1445.1573730020966,0.38508345255126264
GPT 5.2,1378.0,1214.0,1451.8961346845779,0.38508345255126264
GPT 5.2,1379.0,1214.0,1458.6663191794544,0.38508345255126264
GPT 5.2,1380.0,1214.0,1465.4680730111447,0.38508345255126264
GPT 5.2,1381.0,1214.0,1472.301543387309,0.38508345255126264
GPT 5.2,1382.0,1214.0,1479.1668782020402,0.38508345255126264
GPT 5.2,1383.0,1214.0,1486.064226039056,0.38508345255126264
GPT 5.2,1384.0,1214.0,1492.9937361749212,0.38508345255126264
GPT 5.2,1385.0,1214.0,1499.9555585822761,0.38508345255126264
GPT 5.2,1386.0,1214.0,1506.949843933083,0.38508345255126264
GPT 5.2,1387.0,1214.0,1513.9767436018867,0.38508345255126264
GPT 5.2,1388.0,1214.0,1521.0364096690905,0.38508345255126264
GPT 5.2,1389.0,1214.0,1528.1289949242482,0.38508345255126264
GPT 5.2,1390.0,1214.0,1535.2546528693704,0.38508345255126264
GPT 5.2,1391.0,1214.0,1542.4135377222467,0.38508345255126264
GPT 5.2,1392.0,1214.0,1549.605804419784,0.38508345255126264
GPT 5.2,1393.0,1214.0,1556.8316086213583,0.38508345255126264
GPT 5.2,1394.0,1214.0,1564.0911067121854,0.38508345255126264
GPT 5.2,1395.0,1214.0,1571.3844558067026,0.38508345255126264
GPT 5.2,1396.0,1214.0,1578.7118137519758,0.38508345255126264
GPT 5.2,1397.0,1214.0,1586.0733391311062,0.38508345255126264
GPT 5.2,1398.0,1214.0,1593.469191266669,0.38508345255126264
GPT 5.2,1399.0,1214.0,1600.89953022416,0.38508345255126264
GPT 5.2,1400.0,1214.0,1608.3645168154585,0.38508345255126264
GPT 5.2,1401.0,1214.0,1615.86431260231,0.38508345255126264
GPT 5.2,1402.0,1214.0,1623.3990798998213,0.38508345255126264
GPT 5.2,1403.0,1214.0,1630.9689817799735,0.38508345255126264
GPT 5.2,1404.0,1214.0,1638.5741820751518,0.38508345255126264
GPT 5.2,1405.0,1214.0,1646.2148453816908,0.38508345255126264
GPT 5.2,1406.0,1214.0,1653.8911370634369,0.38508345255126264
GPT 5.2,1407.0,1214.0,1661.6032232553277,0.38508345255126264
GPT 5.2,1408.0,1214.0,1669.3512708669869,0.38508345255126264
GPT 5.2,1409.0,1214.0,1677.1354475863352,0.38508345255126264
GPT 5.2,1410.0,1214.0,1684.9559218832267,0.38508345255126264
GPT 5.2,1411.0,1214.0,1692.812863013084,0.38508345255126264
GPT 5.2,1412.0,1214.0,1700.706441020569,0.38508345255126264
GPT 5.2,1413.0,1214.0,1708.6368267432608,0.38508345255126264
GPT 5.2,1414.0,1214.0,1716.6041918153535,0.38508345255126264
GPT 5.2,1415.0,1214.0,1724.6087086713703,0.38508345255126264
GPT 5.2,1416.0,1214.0,1732.6505505498958,0.38508345255126264
GPT 5.2,1417.0,1214.0,1740.7298914973258,0.38508345255126264
GPT 5.2,1418.0,1214.0,1748.8469063716325,0.38508345255126264
GPT 5.2,1419.0,1214.0,1757.001770846151,0.38508345255126264
GPT 5.2,1420.0,1127.0,1765.1946614133797,0.5045684310920352
GPT 5.2,1421.0,1126.0,1773.425755388801,0.5059418216499751
GPT 5.2,1422.0,1125.0,1781.6952309147164,0.507315212207915
GPT 5.2,1423.0,1125.0,1790.0032669641096,0.507315212207915
GPT 5.2,1424.0,1125.0,1798.3500433445092,0.507315212207915
GPT 5.2,1425.0,1125.5,1806.735740701887,0.5066285169289451
GPT 5.2,1426.0,1125.0,1815.160540524566,0.507315212207915
GPT 5.2,1427.0,1125.0,1823.624625147149,0.507315212207915
GPT 5.2,1428.0,1125.0,1832.1281777544627,0.507315212207915
GPT 5.2,1429.0,1125.0,1840.6713823855257,0.507315212207915
GPT 5.2,1430.0,1125.0,1849.2544239375281,0.507315212207915
GPT 5.2,1431.0,1125.0,1857.8774881698353,0.507315212207915
GPT 5.2,1432.0,1125.0,1866.5407617080075,0.507315212207915
GPT 5.2,1433.0,1125.0,1875.2444320478394,0.507315212207915
GPT 5.2,1434.0,1125.0,1883.9886875594168,0.507315212207915
GPT 5.2,1435.0,1125.0,1892.7737174911954,0.507315212207915
GPT 5.2,1436.0,1125.0,1901.5997119740925,0.507315212207915
GPT 5.2,1437.0,1125.0,1910.4668620256116,0.507315212207915
GPT 5.2,1438.0,1125.0,1919.3753595539633,0.507315212207915
GPT 5.2,1439.0,1125.0,1928.325397362228,0.507315212207915
GPT 5.2,1440.0,1125.0,1937.3171691525251,0.507315212207915
GPT 5.2,1441.0,1125.0,1946.3508695302066,0.507315212207915
GPT 5.2,1442.0,1125.0,1955.4266940080681,0.507315212207915
GPT 5.2,1443.0,1125.0,1964.5448390105805,0.507315212207915
GPT 5.2,1444.0,1125.0,1973.7055018781407,0.507315212207915
GPT 5.2,1445.0,1125.0,1982.908880871343,0.507315212207915
GPT 5.2,1446.0,1125.0,1992.1551751752704,0.507315212207915
GPT 5.2,1447.0,1125.0,2001.444584903804,0.507315212207915
GPT 5.2,1448.0,1125.0,2010.7773111039562,0.507315212207915
GPT 5.2,1449.0,1125.0,2020.1535557602194,0.507315212207915
GPT 5.2,1450.0,1125.0,2029.5735217989372,0.507315212207915
GPT 5.2,1451.0,1125.0,2039.0374130927041,0.507315212207915
GPT 5.2,1452.0,1125.0,2048.5454344647646,0.507315212207915
GPT 5.2,1453.0,1125.0,2058.097791693456,0.507315212207915
GPT 5.2,1454.0,1125.0,2067.6946915166586,0.507315212207915
GPT 5.2,1455.0,1125.0,2077.33634163627,0.507315212207915
GPT 5.2,1456.0,1125.0,2087.0229507227004,0.507315212207915
GPT 5.2,1457.0,1125.0,2096.7547284193906,0.507315212207915
GPT 5.2,1458.0,1125.0,2106.531885347347,0.507315212207915
GPT 5.2,1459.0,1125.0,2116.3546331096995,0.507315212207915
GPT 5.2,1460.0,1125.0,2126.223184296284,0.507315212207915
GPT 5.2,1461.0,1125.0,2136.137752488242,0.507315212207915
GPT 5.2,1462.0,1125.0,2146.09855226264,0.507315212207915
GPT 5.2,1463.0,1125.0,2156.105799197118,0.507315212207915
GPT 5.2,1464.0,1125.0,2166.159709874557,0.507315212207915
GPT 5.2,1465.0,1125.0,2176.2605018877575,0.507315212207915
GPT 5.2,1466.0,1125.0,2186.4083938441568,0.507315212207915
GPT 5.2,1467.0,1125.0,2196.6036053705566,0.507315212207915
GPT 5.2,1468.0,1125.0,2206.8463571178777,0.507315212207915
GPT 5.2,1469.0,1125.0,2217.136870765936,0.507315212207915
GPT 5.2,1470.0,1125.0,2227.4753690282373,0.507315212207915
GPT 5.2,1471.0,1125.0,2237.8620756568007,0.507315212207915
GPT 5.2,1472.0,1125.0,2248.2972154470003,0.507315212207915
GPT 5.2,1473.0,1125.0,2258.7810142424287,0.507315212207915
GPT 5.2,1474.0,1125.0,2269.3136989397867,0.507315212207915
GPT 5.2,1475.0,1125.0,2279.8954974937933,0.507315212207915
GPT 5.2,1476.0,1125.0,2290.5266389221188,0.507315212207915
GPT 5.2,1477.0,1125.0,2301.2073533103403,0.507315212207915
GPT 5.2,1478.0,1125.0,2311.937871816929,0.507315212207915
GPT 5.2,1479.0,1125.0,2322.71842667824,0.507315212207915
GPT 5.2,1480.0,1125.0,2333.5492512135484,0.507315212207915
GPT 5.2,1481.0,1125.0,2344.430579830095,0.507315212207915
GPT 5.2,1482.0,1125.0,2355.362648028161,0.507315212207915
GPT 5.2,1483.0,1125.0,2366.345692406164,0.507315212207915
GPT 5.2,1484.0,1125.0,2377.3799506657783,0.507315212207915
GPT 5.2,1485.0,1125.0,2388.465661617082,0.507315212207915
GPT 5.2,1486.0,1125.0,2399.6030651837204,0.507315212207915
GPT 5.2,1487.0,1125.0,2410.792402408104,0.507315212207915
GPT 5.2,1488.0,1125.0,2422.0339154566223,0.507315212207915
GPT 5.2,1489.0,1125.0,2433.3278476248843,0.507315212207915
GPT 5.2,1490.0,1125.0,2444.6744433429863,0.507315212207915
GPT 5.2,1491.0,1125.0,2456.0739481807987,0.507315212207915
GPT 5.2,1492.0,1125.0,2467.5266088532894,0.507315212207915
GPT 5.2,1493.0,1125.0,2479.032673225851,0.507315212207915
GPT 5.2,1494.0,1125.0,2490.5923903196717,0.507315212207915
GPT 5.2,1495.0,1125.0,2502.206010317126,0.507315212207915
GPT 5.2,1496.0,1125.0,2513.873784567187,0.507315212207915
GPT 5.2,1497.0,1125.0,2525.595965590867,0.507315212207915
GPT 5.2,1498.0,1125.0,2537.3728070866814,0.507315212207915
GPT 5.2,1499.0,1125.0,2549.2045639361418,0.507315212207915
GPT 5.2,1500.0,1125.0,2561.091492209271,0.507315212207915
GPT 5.2,1501.0,1125.0,2573.033849170144,0.507315212207915
GPT 5.2,1502.0,1125.0,2585.0318932824584,0.507315212207915
GPT 5.2,1503.0,1125.0,2597.0858842151256,0.507315212207915
GPT 5.2,1504.0,1125.0,2609.196082847889,0.507315212207915
GPT 5.2,1505.0,1125.0,2621.362751276982,0.507315212207915
GPT 5.2,1506.0,1125.0,2633.5861528207834,0.507315212207915
GPT 5.2,1507.0,1125.0,2645.8665520255254,0.507315212207915
GPT 5.2,1508.0,1125.0,2658.2042146710196,0.507315212207915
GPT 5.2,1509.0,1125.0,2670.599407776407,0.507315212207915
GPT 5.2,1510.0,1125.0,2683.052399605938,0.507315212207915
GPT 5.2,1511.0,1125.0,2695.5634596747764,0.507315212207915
GPT 5.2,1512.0,1125.0,2708.1328587548355,0.507315212207915
GPT 5.2,1513.0,1125.0,2720.7608688806363,0.507315212207915
GPT 5.2,1514.0,1125.0,2733.4477633551946,0.507315212207915
GPT 5.2,1515.0,1125.0,2746.193816755938,0.507315212207915
GPT 5.2,1516.0,1125.0,2758.9993049406457,0.507315212207915
GPT 5.2,1517.0,1125.0,2771.864505053423,0.507315212207915
GPT 5.2,1518.0,1125.0,2784.7896955306906,0.507315212207915
GPT 5.2,1519.0,1125.0,2797.7751561072278,0.507315212207915
GPT 5.2,1520.0,1125.0,2810.821167822207,0.507315212207915
GPT 5.2,1521.0,1125.0,2823.928013025287,0.507315212207915
GPT 5.2,1522.0,1125.0,2837.0959753827215,0.507315212207915
GPT 5.2,1523.0,1125.0,2850.325339883499,0.507315212207915
GPT 5.2,1524.0,1125.0,2863.6163928455107,0.507315212207915
GPT 5.2,1525.0,1125.0,2876.9694219217463,0.507315212207915
GPT 5.2,1526.0,1125.0,2890.384716106519,0.507315212207915
GPT 5.2,1527.0,1125.0,2903.862565741723,0.507315212207915
GPT 5.2,1528.0,1125.0,2917.4032625231134,0.507315212207915
GPT 5.2,1529.0,1125.0,2931.0070995066226,0.507315212207915
GPT 5.2,1530.0,1125.0,2944.6743711147005,0.507315212207915
GPT 5.2,1531.0,1125.0,2958.405373142688,0.507315212207915
GPT 5.2,1532.0,1125.0,2972.2004027652147,0.507315212207915
GPT 5.2,1533.0,1125.0,2986.059758542643,0.507315212207915
GPT 5.2,1534.0,1125.0,2999.9837404275127,0.507315212207915
GPT 5.2,1535.0,1125.0,3013.972649771042,0.507315212207915
GPT 5.2,1536.0,1125.0,3028.026789329651,0.507315212207915
GPT 5.2,1537.0,1125.0,3042.146463271509,0.507315212207915
GPT 5.2,1538.0,1125.0,3056.3319771831216,0.507315212207915
GPT 5.2,1539.0,1125.0,3070.583638075941,0.507315212207915
GPT 5.2,1540.0,1125.0,3084.901754393015,0.507315212207915
GPT 5.2,1541.0,1125.0,3099.2866360156568,0.507315212207915
GPT 5.2,1542.0,1125.0,3113.738594270156,0.507315212207915
GPT 5.2,1543.0,1125.0,3128.2579419345166,0.507315212207915
GPT 5.2,1544.0,1125.0,3142.8449932452227,0.507315212207915
GPT 5.2,1545.0,1125.0,3157.500063904042,0.507315212207915
GPT 5.2,1546.0,1125.0,3172.223471084855,0.507315212207915
GPT 5.2,1547.0,1125.0,3187.015533440533,0.507315212207915
GPT 5.2,1548.0,1125.0,3201.876571109813,0.507315212207915
GPT 5.2,1549.0,1125.0,3216.8069057242415,0.507315212207915
GPT 5.2,1550.0,1125.0,3231.806860415131,0.507315212207915
GPT 5.2,1551.0,1125.0,3246.876759820553,0.507315212207915
GPT 5.2,1552.0,1125.0,3262.0169300923662,0.507315212207915
GPT 5.2,1553.0,1125.0,3277.2276989032725,0.507315212207915
GPT 5.2,1554.0,1125.0,3292.509395453911,0.507315212207915
GPT 5.2,1555.0,1125.0,3307.862350479981,0.507315212207915
GPT 5.2,1556.0,1125.0,3323.2868962594016,0.507315212207915
GPT 5.2,1557.0,1125.0,3338.7833666195,0.507315212207915
GPT 5.2,1558.0,1125.0,3354.352096944242,0.507315212207915
GPT 5.2,1559.0,1125.0,3369.9934241814803,0.507315212207915
GPT 5.2,1560.0,1125.0,3385.707686850267,0.507315212207915
GPT 5.2,1561.0,1125.0,3401.495225048154,0.507315212207915
GPT 5.2,1562.0,1125.0,3417.3563804585724,0.507315212207915
GPT 5.2,1563.0,1125.0,3433.2914963582193,0.507315212207915
GPT 5.2,1568.0,1125.5,3514.0886103471003,0.5066285169289451
GPT 5.2,1569.0,1125.5,3530.4747881562744,0.5066285169289451
GPT 5.2,1570.0,1125.5,3546.9373746315255,0.5066285169289451
GPT 5.2,1571.0,1121.0,3563.476726066086,0.5128087744396747
GPT 5.2,1572.0,1120.0,3580.0932004145816,0.5141821649976146
GPT 5.2,1573.0,1120.0,3596.787157300774,0.5141821649976146
GPT 5.2,1574.0,1120.0,3613.558958025362,0.5141821649976146
GPT 5.2,1575.0,1125.5,3630.408965573774,0.5066285169289451
Opus 4.1,800.0,1494.0,98.65993438771224,0.0005340963280865301
Opus 4.1,801.0,1494.0,99.11998517378471,0.0005340963280865301
Opus 4.1,802.0,1494.5,99.58218117439719,0.0
Opus 4.1,803.0,1494.0,100.0465323926745,0.0005340963280865301
Opus 4.1,804.0,1494.5,100.51304887838592,0.0
Opus 4.1,805.0,1494.0,100.98174072816279,0.0005340963280865301
Opus 4.1,806.0,1494.0,101.4526180857169,0.0005340963280865301
Opus 4.1,807.0,1494.0,101.9256911420604,0.0005340963280865301
Opus 4.1,808.0,1494.0,102.40097013572579,0.0005340963280865301
Opus 4.1,809.0,1494.0,102.87846535298787,0.0005340963280865301
Opus 4.1,810.0,1494.0,103.35818712808634,0.0005340963280865301
Opus 4.1,811.0,1494.0,103.84014584344936,0.0005340963280865301
Opus 4.1,812.0,1494.0,104.32435192991832,0.0005340963280865301
Opus 4.1,813.0,1494.0,104.81081586697358,0.0005340963280865301
Opus 4.1,814.0,1494.0,105.29954818296126,0.0005340963280865301
Opus 4.1,815.0,1494.0,105.79055945532109,0.0005340963280865301
Opus 4.1,816.0,1494.0,106.28386031081536,0.0005340963280865301
Opus 4.1,817.0,1494.0,106.7794614257589,0.0005340963280865301
Opus 4.1,818.0,1494.0,107.27737352625016,0.0005340963280865301
Opus 4.1,819.0,1494.0,107.7776073884033,0.0005340963280865301
Opus 4.1,820.0,1494.0,108.28017383858138,0.0005340963280865301
Opus 4.1,821.0,1494.0,108.78508375363101,0.0005340963280865301
Opus 4.1,822.0,1494.0,109.29234806111722,0.0005340963280865301
Opus 4.1,823.0,1494.0,109.80197773956029,0.0005340963280865301
Opus 4.1,824.0,1494.0,110.31398381867326,0.0005340963280865301
Opus 4.1,825.0,1494.0,110.82837737960074,0.0005340963280865301
Opus 4.1,826.0,1494.0,111.3451695551586,0.0005340963280865301
Opus 4.1,827.0,1494.0,111.86437153007502,0.0005340963280865301
Opus 4.1,828.0,1494.0,112.38599454123245,0.0005340963280865301
Opus 4.1,829.0,1494.0,112.91004987791095,0.0005340963280865301
Opus 4.1,830.0,1494.0,113.43654888203235,0.0005340963280865301
Opus 4.1,831.0,1494.0,113.9655029484059,0.0005340963280865301
Opus 4.1,832.0,1494.0,114.4969235249747,0.0005340963280865301
Opus 4.1,833.0,1494.0,115.03082211306351,0.0005340963280865301
Opus 4.1,834.0,1494.0,115.56721026762798,0.0005340963280865301
Opus 4.1,835.0,1494.0,116.10609959750418,0.0005340963280865301
Opus 4.1,836.0,1494.0,116.64750176566024,0.0005340963280865301
Opus 4.1,837.0,1494.0,117.19142848944858,0.0005340963280865301
Opus 4.1,838.0,1494.0,117.73789154085966,0.0005340963280865301
Opus 4.1,839.0,1494.0,118.28690274677665,0.0005340963280865301
Opus 4.1,840.0,1494.0,118.83847398923137,0.0005340963280865301
Opus 4.1,841.0,1494.0,119.39261720566157,0.0005340963280865301
Opus 4.1,842.0,1494.0,119.94934438916916,0.0005340963280865301
Opus 4.1,843.0,1494.0,120.50866758877983,0.0005340963280865301
Opus 4.1,844.0,1494.0,121.07059890970385,0.0005340963280865301
Opus 4.1,845.0,1494.0,121.63515051359799,0.0005340963280865301
Opus 4.1,846.0,1494.0,122.2023346188288,0.0005340963280865301
Opus 4.1,847.0,1494.0,122.77216350073684,0.0005340963280865301
Opus 4.1,848.0,1494.0,123.34464949190294,0.0005340963280865301
Opus 4.1,849.0,1494.0,123.9198049824143,0.0005340963280865301
Opus 4.1,850.0,1494.0,124.49764242013316,0.0005340963280865301
Opus 4.1,851.0,1494.0,125.0781743109661,0.0005340963280865301
Opus 4.1,852.0,1494.0,125.66141321913464,0.0005340963280865301
Opus 4.1,853.0,1494.0,126.24737176744725,0.0005340963280865301
Opus 4.1,854.0,1494.0,126.83606263757244,0.0005340963280865301
Opus 4.1,855.0,1494.0,127.42749857031335,0.0005340963280865301
Opus 4.1,856.0,1494.0,128.02169236588333,0.0005340963280865301
Opus 4.1,857.0,1494.0,128.61865688418317,0.0005340963280865301
Opus 4.1,858.0,1494.0,129.2184050450792,0.0005340963280865301
Opus 4.1,859.0,1494.0,129.8209498286831,0.0005340963280865301
Opus 4.1,860.0,1494.0,130.42630427563273,0.0005340963280865301
Opus 4.1,861.0,1494.0,131.03448148737425,0.0005340963280865301
Opus 4.1,862.0,1494.0,131.64549462644615,0.0005340963280865301
Opus 4.1,863.0,1494.0,132.25935691676347,0.0005340963280865301
Opus 4.1,864.0,1494.0,132.8760816439043,0.0005340963280865301
Opus 4.1,865.0,1494.0,133.49568215539747,0.0005340963280865301
Opus 4.1,866.0,1494.0,134.11817186101115,0.0005340963280865301
Opus 4.1,867.0,1494.0,134.74356423304323,0.0005340963280865301
Opus 4.1,868.0,1494.0,135.37187280661286,0.0005340963280865301
Opus 4.1,869.0,1494.0,136.0031111799534,0.0005340963280865301
Opus 4.1,870.0,1494.0,136.6372930147067,0.0005340963280865301
Opus 4.1,871.0,1494.0,137.27443203621877,0.0005340963280865301
Opus 4.1,872.0,1494.0,137.9145420338368,0.0005340963280865301
Opus 4.1,873.0,1494.0,138.55763686120773,0.0005340963280865301
Opus 4.1,874.0,1494.0,139.20373043657773,0.0005340963280865301
Opus 4.1,875.0,1494.0,139.85283674309423,0.0005340963280865301
Opus 4.1,876.0,1494.0,140.5049698291075,0.0005340963280865301
Opus 4.1,877.0,1494.0,141.16014380847537,0.0005340963280865301
Opus 4.1,878.0,1494.0,141.8183728608685,0.0005340963280865301
Opus 4.1,879.0,1494.0,142.4796712320773,0.0005340963280865301
Opus 4.1,880.0,1494.0,143.14405323432024,0.0005340963280865301
Opus 4.1,881.0,1494.0,143.81153324655355,0.0005340963280865301
Opus 4.1,882.0,1494.0,144.4821257147825,0.0005340963280865301
Opus 4.1,883.0,1494.0,145.15584515237404,0.0005340963280865301
Opus 4.1,884.0,1494.0,145.83270614037082,0.0005340963280865301
Opus 4.1,885.0,1494.0,146.51272332780684,0.0005340963280865301
Opus 4.1,886.0,1494.0,147.19591143202445,0.0005340963280865301
Opus 4.1,887.0,1494.0,147.88228523899295,0.0005340963280865301
Opus 4.1,888.0,1494.0,148.57185960362835,0.0005340963280865301
Opus 4.1,889.0,1494.0,149.26464945011554,0.0005340963280865301
Opus 4.1,890.0,1494.0,149.96066977223032,0.0005340963280865301
Opus 4.1,891.0,1494.0,150.65993563366453,0.0005340963280865301
Opus 4.1,892.0,1494.0,151.36246216835204,0.0005340963280865301
Opus 4.1,893.0,1494.0,152.06826458079604,0.0005340963280865301
Opus 4.1,894.0,1494.0,152.77735814639834,0.0005340963280865301
Opus 4.1,895.0,1494.0,153.48975821178982,0.0005340963280865301
Opus 4.1,896.0,1494.0,154.20548019516266,0.0005340963280865301
Opus 4.1,897.0,1494.0,154.92453958660397,0.0005340963280865301
Opus 4.1,898.0,1494.0,155.64695194843105,0.0005340963280865301
Opus 4.1,899.0,1494.0,156.37273291552825,0.0005340963280865301
Opus 4.1,900.0,1494.0,157.10189819568527,0.0005340963280865301
Opus 4.1,901.0,1494.0,157.83446356993718,0.0005340963280865301
Opus 4.1,902.0,1494.0,158.57044489290575,0.0005340963280865301
Opus 4.1,903.0,1494.0,159.30985809314328,0.0005340963280865301
Opus 4.1,904.0,1494.0,160.05271917347633,0.0005340963280865301
Opus 4.1,905.0,1494.0,160.79904421135274,0.0005340963280865301
Opus 4.1,906.0,1494.0,161.5488493591894,0.0005340963280865301
Opus 4.1,907.0,1494.0,162.30215084472187,0.0005340963280865301
Opus 4.1,908.0,1494.0,163.0589649713555,0.0005340963280865301
Opus 4.1,909.0,1494.0,163.81930811851836,0.0005340963280865301
Opus 4.1,910.0,1494.0,164.58319674201576,0.0005340963280865301
Opus 4.1,911.0,1494.0,165.35064737438628,0.0005340963280865301
Opus 4.1,912.0,1494.0,166.1216766252597,0.0005340963280865301
Opus 4.1,913.0,1494.0,166.89630118171638,0.0005340963280865301
Opus 4.1,914.0,1494.0,167.6745378086485,0.0005340963280865301
Opus 4.1,915.0,1494.0,168.4564033491228,0.0005340963280865301
Opus 4.1,916.0,1494.0,169.241914724745,0.0005340963280865301
Opus 4.1,917.0,1494.0,170.03108893602672,0.0005340963280865301
Opus 4.1,918.0,1494.0,170.82394306275233,0.0005340963280865301
Opus 4.1,919.0,1494.0,171.6204942643494,0.0005340963280865301
Opus 4.1,920.0,1494.0,172.42075978025971,0.0005340963280865301
Opus 4.1,921.0,1494.0,173.22475693031254,0.0005340963280865301
Opus 4.1,922.0,1494.0,174.03250311509947,0.0005340963280865301
Opus 4.1,923.0,1494.0,174.84401581635092,0.0005340963280865301
Opus 4.1,924.0,1494.0,175.65931259731448,0.0005340963280865301
Opus 4.1,925.0,1494.0,176.4784111031352,0.0005340963280865301
Opus 4.1,926.0,1494.0,177.30132906123725,0.0005340963280865301
Opus 4.1,927.0,1494.0,178.12808428170771,0.0005340963280865301
Opus 4.1,928.0,1494.0,178.9586946576821,0.0005340963280865301
Opus 4.1,929.0,1494.0,179.79317816573118,0.0005340963280865301
Opus 4.1,930.0,1494.0,180.6315528662511,0.0005340963280865301
Opus 4.1,931.0,1494.0,181.47383690385288,0.0005340963280865301
Opus 4.1,932.0,1494.0,182.320048507756,0.0005340963280865301
Opus 4.1,933.0,1494.0,183.17020599218276,0.0005340963280865301
Opus 4.1,934.0,1494.0,184.02432775675445,0.0005340963280865301
Opus 4.1,935.0,1494.0,184.8824322868898,0.0005340963280865301
Opus 4.1,936.0,1494.0,185.74453815420495,0.0005340963280865301
Opus 4.1,937.0,1494.0,186.61066401691536,0.0005340963280865301
Opus 4.1,938.0,1494.0,187.4808286202397,0.0005340963280865301
Opus 4.1,939.0,1494.0,188.35505079680544,0.0005340963280865301
Opus 4.1,940.0,1494.0,189.23334946705654,0.0005340963280865301
Opus 4.1,941.0,1494.0,190.11574363966295,0.0005340963280865301
Opus 4.1,942.0,1494.0,191.00225241193183,0.0005340963280865301
Opus 4.1,943.0,1494.0,191.89289497022088,0.0005340963280865301
Opus 4.1,944.0,1494.0,192.78769059035426,0.0005340963280865301
Opus 4.1,945.0,1494.0,193.68665863803864,0.0005340963280865301
Opus 4.1,946.0,1494.0,194.58981856928298,0.0005340963280865301
Opus 4.1,947.0,1494.0,195.49718993081967,0.0005340963280865301
Opus 4.1,948.0,1494.0,196.4087923605273,0.0005340963280865301
Opus 4.1,949.0,1494.0,197.3246455878558,0.0005340963280865301
Opus 4.1,950.0,1494.0,198.2447694342535,0.0005340963280865301
Opus 4.1,951.0,1494.0,199.16918381359594,0.0005340963280865301
Opus 4.1,952.0,1494.0,200.09790873261707,0.0005340963280865301
Opus 4.1,953.0,1494.0,201.03096429134206,0.0005340963280865301
Opus 4.1,954.0,1494.0,201.96837068352244,0.0005340963280865301
Opus 4.1,955.0,1494.0,202.91014819707308,0.0005340963280865301
Opus 4.1,956.0,1494.0,203.85631721451136,0.0005340963280865301
Opus 4.1,957.0,1494.0,204.80689821339791,0.0005340963280865301
Opus 4.1,958.0,1494.0,205.76191176678088,0.0005340963280865301
Opus 4.1,959.0,1494.0,206.7213785436397,0.0005340963280865301
Opus 4.1,960.0,1494.0,207.68531930933347,0.0005340963280865301
Opus 4.1,961.0,1494.0,208.65375492604994,0.0005340963280865301
Opus 4.1,962.0,1494.0,209.62670635325722,0.0005340963280865301
Opus 4.1,963.0,1494.0,210.6041946481573,0.0005340963280865301
Opus 4.1,964.0,1494.0,211.5862409661418,0.0005340963280865301
Opus 4.1,965.0,1494.0,212.57286656124978,0.0005340963280865301
Opus 4.1,966.0,1494.0,213.56409278662787,0.0005340963280865301
Opus 4.1,967.0,1494.0,214.55994109499224,0.0005340963280865301
Opus 4.1,968.0,1494.0,215.560433039093,0.0005340963280865301
Opus 4.1,969.0,1494.0,216.56559027218057,0.0005340963280865301
Opus 4.1,970.0,1494.0,217.57543454847428,0.0005340963280865301
Opus 4.1,971.0,1494.0,218.5899877236338,0.0005340963280865301
Opus 4.1,972.0,1494.0,219.6092717552311,0.0005340963280865301
Opus 4.1,973.0,1494.0,220.63330870322628,0.0005340963280865301
Opus 4.1,974.0,1494.0,221.662120730445,0.0005340963280865301
Opus 4.1,975.0,1494.0,222.69573010305808,0.0005340963280865301
Opus 4.1,976.0,1494.0,223.73415919106338,0.0005340963280865301
Opus 4.1,977.0,1494.0,224.77743046876992,0.0005340963280865301
Opus 4.1,978.0,1494.0,225.82556651528435,0.0005340963280865301
Opus 4.1,979.0,1494.0,226.8785900149995,0.0005340963280865301
Opus 4.1,980.0,1494.0,227.93652375808554,0.0005340963280865301
Opus 4.1,981.0,1494.0,228.99939064098297,0.0005340963280865301
Opus 4.1,982.0,1494.0,230.06721366689837,0.0005340963280865301
Opus 4.1,983.0,1494.0,231.1400159463021,0.0005340963280865301
Opus 4.1,984.0,1494.0,232.2178206974283,0.0005340963280865301
Opus 4.1,985.0,1494.0,233.3006512467784,0.0005340963280865301
Opus 4.1,986.0,1494.0,234.38853102962432,0.0005340963280865301
Opus 4.1,987.0,1494.0,235.48148359051697,0.0005340963280865301
Opus 4.1,988.0,1494.0,236.57953258379524,0.0005340963280865301
Opus 4.1,989.0,1494.0,237.68270177409818,0.0005340963280865301
Opus 4.1,990.0,1494.0,238.79101503687914,0.0005340963280865301
Opus 4.1,991.0,1494.0,239.9044963589227,0.0005340963280865301
Opus 4.1,992.0,1494.0,241.0231698388636,0.0005340963280865301
Opus 4.1,993.0,1494.0,242.14705968770843,0.0005340963280865301
Opus 4.1,994.0,1494.0,243.27619022935963,0.0005340963280865301
Opus 4.1,995.0,1494.0,244.4105859011418,0.0005340963280865301
Opus 4.1,996.0,1494.0,245.55027125433068,0.0005340963280865301
Opus 4.1,997.0,1494.0,246.69527095468456,0.0005340963280865301
Opus 4.1,998.0,1494.0,247.8456097829777,0.0005340963280865301
Opus 4.1,999.0,1494.0,249.00131263553777,0.0005340963280865301
Opus 4.1,1000.0,1494.0,250.1624045247832,0.0005340963280865301
Opus 4.1,1001.0,1494.0,251.3289105797653,0.0005340963280865301
Opus 4.1,1002.0,1494.0,252.50085604671222,0.0005340963280865301
Opus 4.1,1003.0,1494.0,253.678266289575,0.0005340963280865301
Opus 4.1,1004.0,1494.0,254.8611667905767,0.0005340963280865301
Opus 4.1,1005.0,1494.0,256.0495831507639,0.0005340963280865301
Opus 4.1,1006.0,1494.0,257.24354109056065,0.0005340963280865301
Opus 4.1,1007.0,1494.0,258.4430664503253,0.0005340963280865301
Opus 4.1,1008.0,1494.0,259.64818519090966,0.0005340963280865301
Opus 4.1,1009.0,1494.0,260.85892339422077,0.0005340963280865301
Opus 4.1,1010.0,1494.0,262.0753072637855,0.0005340963280865301
Opus 4.1,1011.0,1494.0,263.2973631253175,0.0005340963280865301
Opus 4.1,1012.0,1494.0,264.5251174272876,0.0005340963280865301
Opus 4.1,1013.0,1494.0,265.7585967414954,0.0005340963280865301
Opus 4.1,1014.0,1494.0,266.9978277636444,0.0005340963280865301
Opus 4.1,1015.0,1494.0,268.24283731392046,0.0005340963280865301
Opus 4.1,1016.0,1494.0,269.4936523375715,0.0005340963280865301
Opus 4.1,1017.0,1494.0,270.75029990549126,0.0005340963280865301
Opus 4.1,1018.0,1494.0,272.0128072148048,0.0005340963280865301
Opus 4.1,1019.0,1494.0,273.28120158945717,0.0005340963280865301
Opus 4.1,1020.0,1494.0,274.5555104808051,0.0005340963280865301
Opus 4.1,1021.0,1494.0,275.8357614682105,0.0005340963280865301
Opus 4.1,1022.0,1494.0,277.121982259638,0.0005340963280865301
Opus 4.1,1023.0,1494.0,278.4142006922542,0.0005340963280865301
Opus 4.1,1024.0,1494.0,279.71244473303034,0.0005340963280865301
Opus 4.1,1025.0,1494.0,281.0167424793471,0.0005340963280865301
Opus 4.1,1026.0,1494.0,282.32712215960413,0.0005340963280865301
Opus 4.1,1027.0,1494.0,283.643612133829,0.0005340963280865301
Opus 4.1,1028.0,1494.0,284.9662408942922,0.0005340963280865301
Opus 4.1,1029.0,1494.0,286.29503706612365,0.0005340963280865301
Opus 4.1,1030.0,1494.0,287.6300294079321,0.0005340963280865301
Opus 4.1,1031.0,1494.0,288.9712468124274,0.0005340963280865301
Opus 4.1,1032.0,1494.0,290.3187183070462,0.0005340963280865301
Opus 4.1,1033.0,1494.0,291.67247305457965,0.0005340963280865301
Opus 4.1,1034.0,1494.0,293.0325403538052,0.0005340963280865301
Opus 4.1,1035.0,1494.0,294.39894964012,0.0005340963280865301
Opus 4.1,1036.0,1494.0,295.77173048617857,0.0005340963280865301
Opus 4.1,1037.0,1494.0,297.15091260253246,0.0005340963280865301
Opus 4.1,1038.0,1494.0,298.5365258382734,0.0005340963280865301
Opus 4.1,1039.0,1494.0,299.928600181679,0.0005340963280865301
Opus 4.1,1040.0,1494.0,301.3271657608629,0.0005340963280865301
Opus 4.1,1041.0,1494.0,302.73225284442515,0.0005340963280865301
Opus 4.1,1042.0,1494.0,304.1438918421084,0.0005340963280865301
Opus 4.1,1043.0,1494.0,305.56211330545585,0.0005340963280865301
Opus 4.1,1044.0,1494.0,306.98694792847226,0.0005340963280865301
Opus 4.1,1045.0,1494.0,308.4184265482885,0.0005340963280865301
Opus 4.1,1046.0,1494.0,309.8565801458288,0.0005340963280865301
Opus 4.1,1047.0,1494.0,311.3014398464812,0.0005340963280865301
Opus 4.1,1048.0,1494.0,312.75303692077136,0.0005340963280865301
Opus 4.1,1049.0,1494.0,314.2114027850393,0.0005340963280865301
Opus 4.1,1050.0,1494.0,315.67656900211915,0.0005340963280865301
Opus 4.1,1051.0,1494.0,317.1485672820225,0.0005340963280865301
Opus 4.1,1052.0,1494.0,318.62742948262405,0.0005340963280865301
Opus 4.1,1053.0,1494.0,320.11318761035284,0.0005340963280865301
Opus 4.1,1054.0,1494.0,321.6058738208826,0.0005340963280865301
Opus 4.1,1055.0,1494.0,323.10552041982913,0.0005340963280865301
Opus 4.1,1056.0,1494.0,324.6121598634492,0.0005340963280865301
Opus 4.1,1057.0,1494.0,326.125824759343,0.0005340963280865301
Opus 4.1,1058.0,1494.0,327.64654786715965,0.0005340963280865301
Opus 4.1,1059.0,1494.0,329.17436209930645,0.0005340963280865301
Opus 4.1,1060.0,1494.0,330.70930052166113,0.0005340963280865301
Opus 4.1,1061.0,1494.0,332.25139635428735,0.0005340963280865301
Opus 4.1,1062.0,1494.0,333.8006829721538,0.0005340963280865301
Opus 4.1,1063.0,1494.0,335.35719390585655,0.0005340963280865301
Opus 4.1,1064.0,1494.0,336.9209628423445,0.0005340963280865301
Opus 4.1,1065.0,1494.0,338.49202362564887,0.0005340963280865301
Opus 4.1,1066.0,1494.0,340.07041025761487,0.0005340963280865301
Opus 4.1,1067.0,1494.0,341.65615689863927,0.0005340963280865301
Opus 4.1,1068.0,1494.0,343.24929786840755,0.0005340963280865301
Opus 4.1,1069.0,1494.0,344.84986764663813,0.0005340963280865301
Opus 4.1,1070.0,1494.0,346.4579008738281,0.0005340963280865301
Opus 4.1,1071.0,1494.0,348.07343235200307,0.0005340963280865301
Opus 4.1,1072.0,1494.0,349.6964970454702,0.0005340963280865301
Opus 4.1,1073.0,1494.0,351.32713008157526,0.0005340963280865301
Opus 4.1,1074.0,1494.0,352.96536675146245,0.0005340963280865301
Opus 4.1,1075.0,1494.0,354.6112425108385,0.0005340963280865301
Opus 4.1,1076.0,1494.0,356.2647929807399,0.0005340963280865301
Opus 4.1,1077.0,1494.0,357.92605394830395,0.0005340963280865301
Opus 4.1,1078.0,1494.0,359.59506136754305,0.0005340963280865301
Opus 4.1,1079.0,1494.0,361.2718513601231,0.0005340963280865301
Opus 4.1,1080.0,1494.0,362.95646021614465,0.0005340963280865301
Opus 4.1,1081.0,1494.0,364.64892439493,0.0005340963280865301
Opus 4.1,1082.0,1494.0,366.34928052581006,0.0005340963280865301
Opus 4.1,1083.0,1494.0,368.0575654089183,0.0005340963280865301
Opus 4.1,1084.0,1494.0,369.7738160159873,0.0005340963280865301
Opus 4.1,1085.0,1494.0,371.49806949114827,0.0005340963280865301
Opus 4.1,1086.0,1494.0,373.23036315173573,0.0005340963280865301
Opus 4.1,1087.0,1494.0,374.9707344890945,0.0005340963280865301
Opus 4.1,1088.0,1494.0,376.7192211693914,0.0005340963280865301
Opus 4.1,1089.0,1494.0,378.4758610344304,0.0005340963280865301
Opus 4.1,1090.0,1494.0,380.24069210247166,0.0005340963280865301
Opus 4.1,1091.0,1494.0,382.0137525690542,0.0005340963280865301
Opus 4.1,1092.0,1494.0,383.7950808078228,0.0005340963280865301
Opus 4.1,1093.0,1494.0,385.5847153713582,0.0005340963280865301
Opus 4.1,1094.0,1494.0,387.38269499201135,0.0005340963280865301
Opus 4.1,1095.0,1494.0,389.1890585827431,0.0005340963280865301
Opus 4.1,1096.0,1494.0,391.0038452379641,0.0005340963280865301
Opus 4.1,1097.0,1494.0,392.8270942343823,0.0005340963280865301
Opus 4.1,1098.0,1494.0,394.65884503185293,0.0005340963280865301
Opus 4.1,1099.0,1494.0,396.4991372742322,0.0005340963280865301
Opus 4.1,1100.0,1494.0,398.34801079023555,0.0005340963280865301
Opus 4.1,1101.0,1494.0,400.2055055942994,0.0005340963280865301
Opus 4.1,1102.0,1494.0,402.0716618874473,0.0005340963280865301
Opus 4.1,1103.0,1494.0,403.94652005816,0.0005340963280865301
Opus 4.1,1104.0,1494.0,405.8301206832496,0.0005340963280865301
Opus 4.1,1105.0,1494.0,407.72250452873766,0.0005340963280865301
Opus 4.1,1106.0,1494.0,409.62371255073737,0.0005340963280865301
Opus 4.1,1107.0,1494.0,411.53378589633974,0.0005340963280865301
Opus 4.1,1108.0,1494.0,413.4527659045058,0.0005340963280865301
Opus 4.1,1109.0,1494.0,415.38069410695846,0.0005340963280865301
Opus 4.1,1110.0,1494.0,417.3176122290836,0.0005340963280865301
Opus 4.1,1111.0,1494.0,419.2635621908321,0.0005340963280865301
Opus 4.1,1112.0,1494.0,421.2185861076274,0.0005340963280865301
Opus 4.1,1113.0,1494.0,423.1827262912771,0.0005340963280865301
Opus 4.1,1114.0,1494.0,425.15602525088843,0.0005340963280865301
Opus 4.1,1115.0,1494.0,427.1385256937884,0.0005340963280865301
Opus 4.1,1116.0,1494.0,429.130270526448,0.0005340963280865301
Opus 4.1,1117.0,1494.0,431.13130285541104,0.0005340963280865301
Opus 4.1,1118.0,1494.0,433.1416659882268,0.0005340963280865301
Opus 4.1,1119.0,1494.0,435.1614034343875,0.0005340963280865301
Opus 4.1,1120.0,1494.0,437.19055890627,0.0005340963280865301
Opus 4.1,1121.0,1494.0,439.2291763200811,0.0005340963280865301
Opus 4.1,1122.0,1494.0,441.2772997968101,0.0005340963280865301
Opus 4.1,1123.0,1494.0,443.33497366318096,0.0005340963280865301
Opus 4.1,1124.0,1494.0,445.40224245261334,0.0005340963280865301
Opus 4.1,1125.0,1494.0,447.479150906186,0.0005340963280865301
Opus 4.1,1126.0,1494.0,449.5657439736052,0.0005340963280865301
Opus 4.1,1127.0,1494.0,451.66206681417736,0.0005340963280865301
Opus 4.1,1128.0,1494.0,453.7681647977866,0.0005340963280865301
Opus 4.1,1129.0,1494.0,455.8840835058765,0.0005340963280865301
Opus 4.1,1130.0,1494.0,458.0098687324368,0.0005340963280865301
Opus 4.1,1131.0,1494.0,460.1455664849943,0.0005340963280865301
Opus 4.1,1132.0,1494.0,462.29122298560867,0.0005340963280865301
Opus 4.1,1133.0,1494.0,464.4468846718729,0.0005340963280865301
Opus 4.1,1134.0,1494.0,466.61259819791815,0.0005340963280865301
Opus 4.1,1135.0,1494.0,468.78841043542315,0.0005340963280865301
Opus 4.1,1136.0,1494.0,470.9743684746304,0.0005340963280865301
Opus 4.1,1137.0,1494.0,473.1705196253626,0.0005340963280865301
Opus 4.1,1138.0,1494.0,475.37691141804845,0.0005340963280865301
Opus 4.1,1139.0,1494.0,477.5935916047506,0.0005340963280865301
Opus 4.1,1140.0,1494.0,479.8206081601995,0.0005340963280865301
Opus 4.1,1141.0,1494.0,482.05800928283156,0.0005340963280865301
Opus 4.1,1142.0,1494.0,484.30584339583214,0.0005340963280865301
Opus 4.1,1143.0,1494.0,486.5641591481837,0.0005340963280865301
Opus 4.1,1144.0,1494.0,488.83300541571873,0.0005340963280865301
Opus 4.1,1145.0,1494.0,491.11243130217747,0.0005340963280865301
Opus 4.1,1146.0,1494.0,493.4024861402706,0.0005340963280865301
Opus 4.1,1147.0,1494.0,495.70321949274694,0.0005340963280865301
Opus 4.1,1148.0,1494.0,498.0146811534659,0.0005340963280865301
Opus 4.1,1149.0,1494.0,500.3369211484767,0.0005340963280865301
Opus 4.1,1150.0,1494.0,502.6699897370982,0.0005340963280865301
Opus 4.1,1151.0,1494.0,505.01393741300905,0.0005340963280865301
Opus 4.1,1152.0,1494.0,507.3688149053394,0.0005340963280865301
Opus 4.1,1153.0,1494.0,509.73467317976906,0.0005340963280865301
Opus 4.1,1154.0,1494.0,512.1115634396307,0.0005340963280865301
Opus 4.1,1155.0,1494.0,514.4995371270179,0.0005340963280865301
Opus 4.1,1156.0,1494.0,516.8986459238984,0.0005340963280865301
Opus 4.1,1157.0,1494.0,519.3089417532325,0.0005340963280865301
Opus 4.1,1158.0,1494.0,521.7304767800974,0.0005340963280865301
Opus 4.1,1159.0,1494.0,524.1633034128156,0.0005340963280865301
Opus 4.1,1160.0,1494.0,526.6074743040891,0.0005340963280865301
Opus 4.1,1161.0,1494.0,529.0630423521397,0.0005340963280865301
Opus 4.1,1162.0,1494.0,531.5300607018524,0.0005340963280865301
Opus 4.1,1163.0,1494.0,534.0085827459285,0.0005340963280865301
Opus 4.1,1164.0,1494.0,536.4986621260371,0.0005340963280865301
Opus 4.1,1165.0,1494.0,539.0003527339791,0.0005340963280865301
Opus 4.1,1166.0,1494.0,541.5137087128523,0.0005340963280865301
Opus 4.1,1167.0,1494.0,544.038784458224,0.0005340963280865301
Opus 4.1,1168.0,1494.0,546.5756346193072,0.0005340963280865301
Opus 4.1,1169.0,1494.0,549.1243141001439,0.0005340963280865301
Opus 4.1,1170.0,1494.0,551.6848780607941,0.0005340963280865301
Opus 4.1,1171.0,1494.0,554.2573819185279,0.0005340963280865301
Opus 4.1,1172.0,1494.0,556.8418813490267,0.0005340963280865301
Opus 4.1,1173.0,1494.0,559.4384322875868,0.0005340963280865301
Opus 4.1,1174.0,1494.0,562.0470909303308,0.0005340963280865301
Opus 4.1,1175.0,1414.0,564.6679137354232,0.1104053409632797
Opus 4.1,1176.0,1412.0,567.3009574242926,0.11315212207915952
Opus 4.1,1177.0,1412.0,569.9462789828605,0.11315212207915952
Opus 4.1,1178.0,1412.0,572.6039356627721,0.11315212207915952
Opus 4.1,1179.0,1412.0,575.2739849826372,0.11315212207915952
Opus 4.1,1180.0,1412.0,577.9564847292746,0.11315212207915952
Opus 4.1,1181.0,1412.0,580.6514929589629,0.11315212207915952
Opus 4.1,1182.0,1412.0,583.3590679986964,0.11315212207915952
Opus 4.1,1183.0,1412.0,586.0792684474486,0.11315212207915952
Opus 4.1,1184.0,1412.0,588.8121531774389,0.11315212207915952
Opus 4.1,1185.0,1412.0,591.5577813354082,0.11315212207915952
Opus 4.1,1186.0,1412.0,594.3162123438981,0.11315212207915952
Opus 4.1,1187.0,1412.0,597.0875059025371,0.11315212207915952
Opus 4.1,1188.0,1412.0,599.8717219893332,0.11315212207915952
Opus 4.1,1189.0,1412.0,602.6689208619705,0.11315212207915952
Opus 4.1,1190.0,1412.0,605.4791630591164,0.11315212207915952
Opus 4.1,1191.0,1412.0,608.3025094017281,0.11315212207915952
Opus 4.1,1192.0,1412.0,611.1390209943709,0.11315212207915952
Opus 4.1,1193.0,1412.0,613.9887592265405,0.11315212207915952
Opus 4.1,1194.0,1412.0,616.851785773992,0.11315212207915952
Opus 4.1,1195.0,1412.0,619.7281626000733,0.11315212207915952
Opus 4.1,1196.0,1412.0,622.6179519570682,0.11315212207915952
Opus 4.1,1197.0,1412.0,625.5212163875415,0.11315212207915952
Opus 4.1,1198.0,1412.0,628.4380187256945,0.11315212207915952
Opus 4.1,1199.0,1412.0,631.3684220987236,0.11315212207915952
Opus 4.1,1200.0,1412.0,634.3124899281872,0.11315212207915952
Opus 4.1,1201.0,1412.0,637.2702859313781,0.11315212207915952
Opus 4.1,1202.0,1412.0,640.2418741227024,0.11315212207915952
Opus 4.1,1203.0,1412.0,643.2273188150646,0.11315212207915952
Opus 4.1,1204.0,1412.0,646.2266846212617,0.11315212207915952
Opus 4.1,1205.0,1412.0,649.2400364553781,0.11315212207915952
Opus 4.1,1206.0,1412.0,652.2674395341928,0.11315212207915952
Opus 4.1,1207.0,1412.0,655.3089593785903,0.11315212207915952
Opus 4.1,1208.0,1412.0,658.3646618149787,0.11315212207915952
Opus 4.1,1209.0,1412.0,661.4346129767143,0.11315212207915952
Opus 4.1,1210.0,1412.0,664.518879305533,0.11315212207915952
Opus 4.1,1211.0,1412.0,667.617527552988,0.11315212207915952
Opus 4.1,1212.0,1412.0,670.7306247818948,0.11315212207915952
Opus 4.1,1213.0,1412.0,673.8582383677824,0.11315212207915952
Opus 4.1,1214.0,1412.0,677.0004360003517,0.11315212207915952
Opus 4.1,1215.0,1412.0,680.1572856849401,0.11315212207915952
Opus 4.1,1216.0,1412.0,683.3288557439939,0.11315212207915952
Opus 4.1,1217.0,1412.0,686.5152148185455,0.11315212207915952
Opus 4.1,1218.0,1412.0,689.7164318697027,0.11315212207915952
Opus 4.1,1219.0,1412.0,692.9325761801358,0.11315212207915952
Opus 4.1,1220.0,1412.0,696.1637173555814,0.11315212207915952
Opus 4.1,1221.0,1412.0,699.4099253263466,0.11315212207915952
Opus 4.1,1222.0,1412.0,702.6712703488237,0.11315212207915952
Opus 4.1,1223.0,1412.0,705.9478230070097,0.11315212207915952
Opus 4.1,1224.0,1412.0,709.2396542140349,0.11315212207915952
Opus 4.1,1225.0,1412.0,712.5468352136968,0.11315212207915952
Opus 4.1,1226.0,1412.0,715.8694375820027,0.11315212207915952
Opus 4.1,1227.0,1412.0,719.2075332287181,0.11315212207915952
Opus 4.1,1228.0,1412.0,722.5611943989238,0.11315212207915952
Opus 4.1,1229.0,1412.0,725.9304936745788,0.11315212207915952
Opus 4.1,1230.0,1412.0,729.3155039760915,0.11315212207915952
Opus 4.1,1231.0,1412.0,732.7162985638969,0.11315212207915952
Opus 4.1,1232.0,1412.0,736.1329510400454,0.11315212207915952
Opus 4.1,1233.0,1412.0,739.5655353497913,0.11315212207915952
Opus 4.1,1234.0,1412.0,743.0141257831958,0.11315212207915952
Opus 4.1,1235.0,1412.0,746.4787969767343,0.11315212207915952
Opus 4.1,1236.0,1412.0,749.9596239149118,0.11315212207915952
Opus 4.1,1237.0,1412.0,753.4566819318858,0.11315212207915952
Opus 4.1,1238.0,1412.0,756.9700467130963,0.11315212207915952
Opus 4.1,1239.0,1412.0,760.4997942969042,0.11315212207915952
Opus 4.1,1240.0,1412.0,764.0460010762371,0.11315212207915952
Opus 4.1,1241.0,1412.0,767.6087438002422,0.11315212207915952
Opus 4.1,1242.0,1412.0,771.188099575948,0.11315212207915952
Opus 4.1,1243.0,1412.0,774.7841458699321,0.11315212207915952
Opus 4.1,1244.0,1412.0,778.396960509998,0.11315212207915952
Opus 4.1,1245.0,1412.0,782.0266216868622,0.11315212207915952
Opus 4.1,1246.0,1412.0,785.6732079558416,0.11315212207915952
Opus 4.1,1247.0,1412.0,789.336798238557,0.11315212207915952
Opus 4.1,1248.0,1412.0,793.0174718246404,0.11315212207915952
Opus 4.1,1249.0,1412.0,796.715308373451,0.11315212207915952
Opus 4.1,1250.0,1412.0,800.4303879157989,0.11315212207915952
Opus 4.1,1251.0,1412.0,804.1627908556777,0.11315212207915952
Opus 4.1,1252.0,1412.0,807.9125979720046,0.11315212207915952
Opus 4.1,1253.0,1412.0,811.6798904203682,0.11315212207915952
Opus 4.1,1254.0,1412.0,815.4647497347852,0.11315212207915952
Opus 4.1,1255.0,1412.0,819.2672578294653,0.11315212207915952
Opus 4.1,1256.0,1412.0,823.0874970005834,0.11315212207915952
Opus 4.1,1257.0,1412.0,826.9255499280614,0.11315212207915952
Opus 4.1,1258.0,1412.0,830.7814996773561,0.11315212207915952
Opus 4.1,1259.0,1412.0,834.6554297012608,0.11315212207915952
Opus 4.1,1260.0,1412.0,838.5474238417064,0.11315212207915952
Opus 4.1,1261.0,1412.0,842.4575663315788,0.11315212207915952
Opus 4.1,1262.0,1412.0,846.3859417965418,0.11315212207915952
Opus 4.1,1263.0,1412.0,850.332635256868,0.11315212207915952
Opus 4.1,1264.0,1412.0,854.297732129279,0.11315212207915952
Opus 4.1,1265.0,1412.0,858.2813182287946,0.11315212207915952
Opus 4.1,1266.0,1412.0,862.2834797705891,0.11315212207915952
Opus 4.1,1267.0,1412.0,866.304303371858,0.11315212207915952
Opus 4.1,1268.0,1412.0,870.3438760536926,0.11315212207915952
Opus 4.1,1269.0,1412.0,874.4022852429625,0.11315212207915952
Opus 4.1,1270.0,1412.0,878.4796187742089,0.11315212207915952
Opus 4.1,1271.0,1412.0,882.5759648915448,0.11315212207915952
Opus 4.1,1272.0,1412.0,886.6914122505642,0.11315212207915952
Opus 4.1,1273.0,1412.0,890.8260499202644,0.11315212207915952
Opus 4.1,1274.0,1412.0,894.9799673849682,0.11315212207915952
Opus 4.1,1275.0,1412.0,899.1532545462644,0.11315212207915952
Opus 4.1,1276.0,1412.0,903.3460017249525,0.11315212207915952
Opus 4.1,1277.0,1412.0,907.5582996629972,0.11315212207915952
Opus 4.1,1278.0,1412.0,911.7902395254928,0.11315212207915952
Opus 4.1,1279.0,1412.0,916.0419129026358,0.11315212207915952
Opus 4.1,1280.0,1412.0,920.3134118117074,0.11315212207915952
Opus 4.1,1281.0,1412.0,924.6048286990649,0.11315212207915952
Opus 4.1,1282.0,1412.0,928.9162564421426,0.11315212207915952
Opus 4.1,1283.0,1412.0,933.2477883514617,0.11315212207915952
Opus 4.1,1284.0,1412.0,937.5995181726499,0.11315212207915952
Opus 4.1,1285.0,1412.0,941.9715400884695,0.11315212207915952
Opus 4.1,1286.0,1412.0,946.3639487208593,0.11315212207915952
Opus 4.1,1287.0,1412.0,950.7768391329769,0.11315212207915952
Opus 4.1,1288.0,1412.0,955.2103068312597,0.11315212207915952
Opus 4.1,1289.0,1412.0,959.6644477674914,0.11315212207915952
Opus 4.1,1290.0,1412.0,964.1393583408784,0.11315212207915952
Opus 4.1,1291.0,1412.0,968.6351354001359,0.11315212207915952
Opus 4.1,1292.0,1412.0,973.1518762455844,0.11315212207915952
Opus 4.1,1293.0,1412.0,977.6896786312551,0.11315212207915952
Opus 4.1,1294.0,1412.0,982.2486407670061,0.11315212207915952
Opus 4.1,1295.0,1412.0,986.8288613206471,0.11315212207915952
Opus 4.1,1296.0,1412.0,991.4304394200758,0.11315212207915952
Opus 4.1,1297.0,1412.0,996.0534746554224,0.11315212207915952
Opus 4.1,1298.0,1412.0,1000.6980670812057,0.11315212207915952
Opus 4.1,1299.0,1412.0,1005.3643172184969,0.11315212207915952
Opus 4.1,1300.0,1412.0,1010.0523260570999,0.11315212207915952
Opus 4.1,1301.0,1412.0,1014.7621950577301,0.11315212207915952
Opus 4.1,1302.0,1412.0,1019.494026154215,0.11315212207915952
Opus 4.1,1303.0,1412.0,1024.2479217556988,0.11315212207915952
Opus 4.1,1304.0,1412.0,1029.0239847488594,0.11315212207915952
Opus 4.1,1305.0,1412.0,1033.8223185001345,0.11315212207915952
Opus 4.1,1306.0,1412.0,1038.6430268579588,0.11315212207915952
Opus 4.1,1307.0,1412.0,1043.4862141550122,0.11315212207915952
Opus 4.1,1308.0,1412.0,1048.3519852104773,0.11315212207915952
Opus 4.1,1309.0,1412.0,1053.2404453323074,0.11315212207915952
Opus 4.1,1310.0,1412.0,1058.1517003195072,0.11315212207915952
Opus 4.1,1311.0,1412.0,1063.0858564644209,0.11315212207915952
Opus 4.1,1312.0,1412.0,1068.0430205550338,0.11315212207915952
Opus 4.1,1313.0,1412.0,1073.0232998772815,0.11315212207915952
Opus 4.1,1314.0,1412.0,1078.0268022173773,0.11315212207915952
Opus 4.1,1315.0,1412.0,1083.0536358641375,0.11315212207915952
Opus 4.1,1316.0,1412.0,1088.1039096113295,0.11315212207915952
Opus 4.1,1317.0,1412.0,1093.1777327600257,0.11315212207915952
Opus 4.1,1318.0,1412.0,1098.2752151209688,0.11315212207915952
Opus 4.1,1319.0,1412.0,1103.3964670169485,0.11315212207915952
Opus 4.1,1320.0,1412.0,1108.5415992851892,0.11315212207915952
Opus 4.1,1321.0,1412.0,1113.7107232797487,0.11315212207915952
Opus 4.1,1322.0,1412.0,1118.9039508739281,0.11315212207915952
Opus 4.1,1323.0,1412.0,1124.1213944626932,0.11315212207915952
Opus 4.1,1324.0,1412.0,1129.3631669651068,0.11315212207915952
Opus 4.1,1325.0,1412.0,1134.629381826773,0.11315212207915952
Opus 4.1,1326.0,1412.0,1139.920153022291,0.11315212207915952
Opus 4.1,1327.0,1412.0,1145.2355950577266,0.11315212207915952
Opus 4.1,1328.0,1412.0,1150.575822973083,0.11315212207915952
Opus 4.1,1329.0,1412.0,1155.9409523447955,0.11315212207915952
Opus 4.1,1330.0,1412.0,1161.331099288232,0.11315212207915952
Opus 4.1,1331.0,1412.0,1166.746380460206,0.11315212207915952
Opus 4.1,1332.0,1412.0,1172.1869130615005,0.11315212207915952
Opus 4.1,1333.0,1412.0,1177.6528148394057,0.11315212207915952
Opus 4.1,1334.0,1412.0,1183.1442040902666,0.11315212207915952
Opus 4.1,1335.0,1412.0,1188.6611996620436,0.11315212207915952
Opus 4.1,1336.0,1412.0,1194.2039209568843,0.11315212207915952
Opus 4.1,1337.0,1412.0,1199.7724879337084,0.11315212207915952
Opus 4.1,1338.0,1412.0,1205.367021110803,0.11315212207915952
Opus 4.1,1339.0,1412.0,1210.9876415684314,0.11315212207915952
Opus 4.1,1340.0,1412.0,1216.6344709514526,0.11315212207915952
Opus 4.1,1341.0,1412.0,1222.3076314719588,0.11315212207915952
Opus 4.1,1342.0,1412.0,1228.0072459119122,0.11315212207915952
Opus 4.1,1343.0,1412.0,1233.7334376258084,0.11315212207915952
Opus 4.1,1344.0,1412.0,1239.4863305433444,0.11315212207915952
Opus 4.1,1345.0,1412.0,1245.2660491721008,0.11315212207915952
Opus 4.1,1346.0,1412.0,1251.0727186002364,0.11315212207915952
Opus 4.1,1347.0,1412.0,1256.9064644991952,0.11315212207915952
Opus 4.1,1348.0,1412.0,1262.7674131264268,0.11315212207915952
Opus 4.1,1349.0,1412.0,1268.6556913281186,0.11315212207915952
Opus 4.1,1350.0,1412.0,1274.5714265419413,0.11315212207915952
Opus 4.1,1351.0,1412.0,1280.5147467998063,0.11315212207915952
Opus 4.1,1352.0,1412.0,1286.4857807306378,0.11315212207915952
Opus 4.1,1353.0,1412.0,1292.4846575631557,0.11315212207915952
Opus 4.1,1354.0,1412.0,1298.5115071286716,0.11315212207915952
Opus 4.1,1355.0,1412.0,1304.5664598639037,0.11315212207915952
Opus 4.1,1356.0,1412.0,1310.649646813792,0.11315212207915952
Opus 4.1,1357.0,1412.0,1316.7611996343398,0.11315212207915952
Opus 4.1,1358.0,1412.0,1322.901250595462,0.11315212207915952
Opus 4.1,1359.0,1412.0,1329.0699325838466,0.11315212207915952
Opus 4.1,1360.0,1412.0,1335.2673791058326,0.11315212207915952
Opus 4.1,1361.0,1412.0,1341.4937242902975,0.11315212207915952
Opus 4.1,1362.0,1412.0,1347.749102891562,0.11315212207915952
Opus 4.1,1363.0,1412.0,1354.0336502923044,0.11315212207915952
Opus 4.1,1364.0,1412.0,1360.347502506493,0.11315212207915952
Opus 4.1,1365.0,1412.0,1366.6907961823276,0.11315212207915952
Opus 4.1,1366.0,1412.0,1373.0636686051985,0.11315212207915952
Opus 4.1,1367.0,1412.0,1379.466257700655,0.11315212207915952
Opus 4.1,1368.0,1412.0,1385.8987020373977,0.11315212207915952
Opus 4.1,1369.0,1412.0,1392.3611408302672,0.11315212207915952
Opus 4.1,1370.0,1412.0,1398.8537139432644,0.11315212207915952
Opus 4.1,1371.0,1412.0,1405.376561892575,0.11315212207915952
Opus 4.1,1372.0,1412.0,1411.9298258496106,0.11315212207915952
Opus 4.1,1373.0,1412.0,1418.5136476440653,0.11315212207915952
Opus 4.1,1374.0,1412.0,1425.1281697669833,0.11315212207915952
Opus 4.1,1375.0,1412.0,1431.7735353738449,0.11315212207915952
Opus 4.1,1376.0,1412.0,1438.449888287663,0.11315212207915952
Opus 4.1,1377.0,1412.0,1445.1573730020966,0.11315212207915952
Opus 4.1,1378.0,1412.0,1451.8961346845779,0.11315212207915952
Opus 4.1,1379.0,1412.0,1458.6663191794544,0.11315212207915952
Opus 4.1,1380.0,1412.0,1465.4680730111447,0.11315212207915952
Opus 4.1,1381.0,1412.0,1472.301543387309,0.11315212207915952
Opus 4.1,1382.0,1412.0,1479.1668782020402,0.11315212207915952
Opus 4.1,1383.0,1412.0,1486.064226039056,0.11315212207915952
Opus 4.1,1384.0,1412.0,1492.9937361749212,0.11315212207915952
Opus 4.1,1385.0,1412.0,1499.9555585822761,0.11315212207915952
Opus 4.1,1386.0,1412.0,1506.949843933083,0.11315212207915952
Opus 4.1,1387.0,1412.0,1513.9767436018867,0.11315212207915952
Opus 4.1,1388.0,1412.0,1521.0364096690905,0.11315212207915952
Opus 4.1,1389.0,1412.0,1528.1289949242482,0.11315212207915952
Opus 4.1,1390.0,1412.0,1535.2546528693704,0.11315212207915952
Opus 4.1,1391.0,1412.0,1542.4135377222467,0.11315212207915952
Opus 4.1,1392.0,1412.0,1549.605804419784,0.11315212207915952
Opus 4.1,1393.0,1412.0,1556.8316086213583,0.11315212207915952
Opus 4.1,1394.0,1412.0,1564.0911067121854,0.11315212207915952
Opus 4.1,1395.0,1412.0,1571.3844558067026,0.11315212207915952
Opus 4.1,1396.0,1412.0,1578.7118137519758,0.11315212207915952
Opus 4.1,1397.0,1412.0,1586.0733391311062,0.11315212207915952
Opus 4.1,1398.0,1412.0,1593.469191266669,0.11315212207915952
Opus 4.1,1399.0,1412.0,1600.89953022416,0.11315212207915952
Opus 4.1,1400.0,1412.0,1608.3645168154585,0.11315212207915952
Opus 4.1,1401.0,1412.0,1615.86431260231,0.11315212207915952
Opus 4.1,1402.0,1412.0,1623.3990798998213,0.11315212207915952
Opus 4.1,1403.0,1412.0,1630.9689817799735,0.11315212207915952
Opus 4.1,1404.0,1412.0,1638.5741820751518,0.11315212207915952
Opus 4.1,1405.0,1412.0,1646.2148453816908,0.11315212207915952
Opus 4.1,1406.0,1412.0,1653.8911370634369,0.11315212207915952
Opus 4.1,1407.0,1412.0,1661.6032232553277,0.11315212207915952
Opus 4.1,1408.0,1412.0,1669.3512708669869,0.11315212207915952
Opus 4.1,1409.0,1412.0,1677.1354475863352,0.11315212207915952
Opus 4.1,1410.0,1412.0,1684.9559218832267,0.11315212207915952
Opus 4.1,1411.0,1412.0,1692.812863013084,0.11315212207915952
Opus 4.1,1412.0,1412.0,1700.706441020569,0.11315212207915952
Opus 4.1,1413.0,1412.0,1708.6368267432608,0.11315212207915952
Opus 4.1,1414.0,1412.0,1716.6041918153535,0.11315212207915952
Opus 4.1,1415.0,1412.0,1724.6087086713703,0.11315212207915952
Opus 4.1,1416.0,1412.0,1732.6505505498958,0.11315212207915952
Opus 4.1,1417.0,1412.0,1740.7298914973258,0.11315212207915952
Opus 4.1,1418.0,1412.0,1748.8469063716325,0.11315212207915952
Opus 4.1,1419.0,1412.0,1757.001770846151,0.11315212207915952
Opus 4.1,1420.0,1412.0,1765.1946614133797,0.11315212207915952
Opus 4.1,1421.0,1412.0,1773.425755388801,0.11315212207915952
Opus 4.1,1422.0,1412.0,1781.6952309147164,0.11315212207915952
Opus 4.1,1423.0,1412.0,1790.0032669641096,0.11315212207915952
Opus 4.1,1424.0,1412.0,1798.3500433445092,0.11315212207915952
Opus 4.1,1425.0,1412.0,1806.735740701887,0.11315212207915952
Opus 4.1,1426.0,1412.0,1815.160540524566,0.11315212207915952
Opus 4.1,1427.0,1412.0,1823.624625147149,0.11315212207915952
Opus 4.1,1428.0,1412.0,1832.1281777544627,0.11315212207915952
Opus 4.1,1429.0,1412.0,1840.6713823855257,0.11315212207915952
Opus 4.1,1430.0,1412.0,1849.2544239375281,0.11315212207915952
Opus 4.1,1431.0,1412.0,1857.8774881698353,0.11315212207915952
Opus 4.1,1432.0,1412.0,1866.5407617080075,0.11315212207915952
Opus 4.1,1433.0,1412.0,1875.2444320478394,0.11315212207915952
Opus 4.1,1434.0,1412.0,1883.9886875594168,0.11315212207915952
Opus 4.1,1435.0,1412.0,1892.7737174911954,0.11315212207915952
Opus 4.1,1436.0,1412.0,1901.5997119740925,0.11315212207915952
Opus 4.1,1437.0,1412.0,1910.4668620256116,0.11315212207915952
Opus 4.1,1438.0,1412.0,1919.3753595539633,0.11315212207915952
Opus 4.1,1439.0,1412.0,1928.325397362228,0.11315212207915952
Opus 4.1,1440.0,1412.0,1937.3171691525251,0.11315212207915952
Opus 4.1,1441.0,1412.0,1946.3508695302066,0.11315212207915952
Opus 4.1,1442.0,1412.0,1955.4266940080681,0.11315212207915952
Opus 4.1,1443.0,1412.0,1964.5448390105805,0.11315212207915952
Opus 4.1,1444.0,1412.0,1973.7055018781407,0.11315212207915952
Opus 4.1,1445.0,1412.0,1982.908880871343,0.11315212207915952
Opus 4.1,1446.0,1412.0,1992.1551751752704,0.11315212207915952
Opus 4.1,1447.0,1412.0,2001.444584903804,0.11315212207915952
Opus 4.1,1448.0,1412.0,2010.7773111039562,0.11315212207915952
Opus 4.1,1449.0,1412.0,2020.1535557602194,0.11315212207915952
Opus 4.1,1450.0,1412.0,2029.5735217989372,0.11315212207915952
Opus 4.1,1451.0,1412.0,2039.0374130927041,0.11315212207915952
Opus 4.1,1452.0,1412.0,2048.5454344647646,0.11315212207915952
Opus 4.1,1453.0,1412.0,2058.097791693456,0.11315212207915952
Opus 4.1,1454.0,1412.0,2067.6946915166586,0.11315212207915952
Opus 4.1,1455.0,1412.0,2077.33634163627,0.11315212207915952
Opus 4.1,1456.0,1412.0,2087.0229507227004,0.11315212207915952
Opus 4.1,1457.0,1412.0,2096.7547284193906,0.11315212207915952
Opus 4.1,1458.0,1412.0,2106.531885347347,0.11315212207915952
Opus 4.1,1459.0,1412.0,2116.3546331096995,0.11315212207915952
Opus 4.1,1460.0,1412.0,2126.223184296284,0.11315212207915952
Opus 4.1,1461.0,1412.0,2136.137752488242,0.11315212207915952
Opus 4.1,1462.0,1412.0,2146.09855226264,0.11315212207915952
Opus 4.1,1463.0,1412.0,2156.105799197118,0.11315212207915952
Opus 4.1,1464.0,1412.0,2166.159709874557,0.11315212207915952
Opus 4.1,1465.0,1412.0,2176.2605018877575,0.11315212207915952
Opus 4.1,1466.0,1412.0,2186.4083938441568,0.11315212207915952
Opus 4.1,1467.0,1412.0,2196.6036053705566,0.11315212207915952
Opus 4.1,1468.0,1412.0,2206.8463571178777,0.11315212207915952
Opus 4.1,1469.0,1412.0,2217.136870765936,0.11315212207915952
Opus 4.1,1470.0,1412.0,2227.4753690282373,0.11315212207915952
Opus 4.1,1471.0,1412.0,2237.8620756568007,0.11315212207915952
Opus 4.1,1472.0,1412.0,2248.2972154470003,0.11315212207915952
Opus 4.1,1473.0,1412.0,2258.7810142424287,0.11315212207915952
Opus 4.1,1474.0,1412.0,2269.3136989397867,0.11315212207915952
Opus 4.1,1475.0,1412.0,2279.8954974937933,0.11315212207915952
Opus 4.1,1476.0,1412.0,2290.5266389221188,0.11315212207915952
Opus 4.1,1477.0,1333.0,2301.2073533103403,0.22164997615641277
Opus 4.1,1478.0,1333.0,2311.937871816929,0.22164997615641277
Opus 4.1,1479.0,1333.0,2322.71842667824,0.22164997615641277
Opus 4.1,1480.0,1329.0,2333.5492512135484,0.22714353838817244
Opus 4.1,1481.0,1328.0,2344.430579830095,0.22851692894611236
Opus 4.1,1482.0,1328.0,2355.362648028161,0.22851692894611236
Opus 4.1,1483.0,1327.0,2366.345692406164,0.22989031950405225
Opus 4.1,1484.0,1327.0,2377.3799506657783,0.22989031950405225
Opus 4.1,1485.0,1333.0,2388.465661617082,0.22164997615641277
GPT 5,800.0,1494.0,98.65993438771224,0.0005340963280865301
GPT 5,801.0,1494.0,99.11998517378471,0.0005340963280865301
GPT 5,802.0,1494.0,99.58218117439719,0.0005340963280865301
GPT 5,803.0,1494.0,100.0465323926745,0.0005340963280865301
GPT 5,804.0,1494.0,100.51304887838592,0.0005340963280865301
GPT 5,805.0,1494.0,100.98174072816279,0.0005340963280865301
GPT 5,806.0,1494.0,101.4526180857169,0.0005340963280865301
GPT 5,807.0,1494.0,101.9256911420604,0.0005340963280865301
GPT 5,808.0,1494.0,102.40097013572579,0.0005340963280865301
GPT 5,809.0,1494.0,102.87846535298787,0.0005340963280865301
GPT 5,810.0,1494.0,103.35818712808634,0.0005340963280865301
GPT 5,811.0,1494.0,103.84014584344936,0.0005340963280865301
GPT 5,812.0,1494.0,104.32435192991832,0.0005340963280865301
GPT 5,813.0,1494.0,104.81081586697358,0.0005340963280865301
GPT 5,814.0,1494.0,105.29954818296126,0.0005340963280865301
GPT 5,815.0,1494.0,105.79055945532109,0.0005340963280865301
GPT 5,816.0,1494.0,106.28386031081536,0.0005340963280865301
GPT 5,817.0,1494.0,106.7794614257589,0.0005340963280865301
GPT 5,818.0,1494.0,107.27737352625016,0.0005340963280865301
GPT 5,819.0,1494.0,107.7776073884033,0.0005340963280865301
GPT 5,820.0,1494.0,108.28017383858138,0.0005340963280865301
GPT 5,821.0,1494.0,108.78508375363101,0.0005340963280865301
GPT 5,822.0,1494.0,109.29234806111722,0.0005340963280865301
GPT 5,823.0,1494.0,109.80197773956029,0.0005340963280865301
GPT 5,824.0,1494.0,110.31398381867326,0.0005340963280865301
GPT 5,825.0,1494.0,110.82837737960074,0.0005340963280865301
GPT 5,826.0,1494.0,111.3451695551586,0.0005340963280865301
GPT 5,827.0,1494.0,111.86437153007502,0.0005340963280865301
GPT 5,828.0,1494.0,112.38599454123245,0.0005340963280865301
GPT 5,829.0,1494.0,112.91004987791095,0.0005340963280865301
GPT 5,830.0,1494.0,113.43654888203235,0.0005340963280865301
GPT 5,831.0,1494.0,113.9655029484059,0.0005340963280865301
GPT 5,832.0,1494.0,114.4969235249747,0.0005340963280865301
GPT 5,833.0,1494.0,115.03082211306351,0.0005340963280865301
GPT 5,834.0,1494.0,115.56721026762798,0.0005340963280865301
GPT 5,835.0,1494.0,116.10609959750418,0.0005340963280865301
GPT 5,836.0,1494.0,116.64750176566024,0.0005340963280865301
GPT 5,837.0,1494.0,117.19142848944858,0.0005340963280865301
GPT 5,838.0,1494.0,117.73789154085966,0.0005340963280865301
GPT 5,839.0,1494.0,118.28690274677665,0.0005340963280865301
GPT 5,840.0,1494.0,118.83847398923137,0.0005340963280865301
GPT 5,841.0,1494.0,119.39261720566157,0.0005340963280865301
GPT 5,842.0,1494.0,119.94934438916916,0.0005340963280865301
GPT 5,843.0,1494.0,120.50866758877983,0.0005340963280865301
GPT 5,844.0,1494.0,121.07059890970385,0.0005340963280865301
GPT 5,845.0,1494.0,121.63515051359799,0.0005340963280865301
GPT 5,846.0,1494.0,122.2023346188288,0.0005340963280865301
GPT 5,847.0,1494.0,122.77216350073684,0.0005340963280865301
GPT 5,848.0,1494.0,123.34464949190294,0.0005340963280865301
GPT 5,849.0,1494.0,123.9198049824143,0.0005340963280865301
GPT 5,850.0,1494.0,124.49764242013316,0.0005340963280865301
GPT 5,851.0,1494.0,125.0781743109661,0.0005340963280865301
GPT 5,852.0,1494.0,125.66141321913464,0.0005340963280865301
GPT 5,853.0,1494.0,126.24737176744725,0.0005340963280865301
GPT 5,854.0,1494.0,126.83606263757244,0.0005340963280865301
GPT 5,855.0,1494.0,127.42749857031335,0.0005340963280865301
GPT 5,856.0,1494.0,128.02169236588333,0.0005340963280865301
GPT 5,857.0,1494.0,128.61865688418317,0.0005340963280865301
GPT 5,858.0,1494.0,129.2184050450792,0.0005340963280865301
GPT 5,859.0,1494.0,129.8209498286831,0.0005340963280865301
GPT 5,860.0,1494.0,130.42630427563273,0.0005340963280865301
GPT 5,861.0,1494.0,131.03448148737425,0.0005340963280865301
GPT 5,862.0,1494.0,131.64549462644615,0.0005340963280865301
GPT 5,863.0,1494.0,132.25935691676347,0.0005340963280865301
GPT 5,864.0,1494.0,132.8760816439043,0.0005340963280865301
GPT 5,865.0,1494.0,133.49568215539747,0.0005340963280865301
GPT 5,866.0,1494.0,134.11817186101115,0.0005340963280865301
GPT 5,867.0,1494.0,134.74356423304323,0.0005340963280865301
GPT 5,868.0,1494.0,135.37187280661286,0.0005340963280865301
GPT 5,869.0,1494.0,136.0031111799534,0.0005340963280865301
GPT 5,870.0,1494.0,136.6372930147067,0.0005340963280865301
GPT 5,871.0,1494.0,137.27443203621877,0.0005340963280865301
GPT 5,872.0,1494.0,137.9145420338368,0.0005340963280865301
GPT 5,873.0,1494.0,138.55763686120773,0.0005340963280865301
GPT 5,874.0,1494.0,139.20373043657773,0.0005340963280865301
GPT 5,875.0,1494.0,139.85283674309423,0.0005340963280865301
GPT 5,876.0,1494.0,140.5049698291075,0.0005340963280865301
GPT 5,877.0,1494.0,141.16014380847537,0.0005340963280865301
GPT 5,878.0,1494.0,141.8183728608685,0.0005340963280865301
GPT 5,879.0,1494.0,142.4796712320773,0.0005340963280865301
GPT 5,880.0,1494.0,143.14405323432024,0.0005340963280865301
GPT 5,881.0,1494.0,143.81153324655355,0.0005340963280865301
GPT 5,882.0,1494.0,144.4821257147825,0.0005340963280865301
GPT 5,883.0,1494.0,145.15584515237404,0.0005340963280865301
GPT 5,884.0,1494.0,145.83270614037082,0.0005340963280865301
GPT 5,885.0,1494.0,146.51272332780684,0.0005340963280865301
GPT 5,886.0,1494.0,147.19591143202445,0.0005340963280865301
GPT 5,887.0,1494.0,147.88228523899295,0.0005340963280865301
GPT 5,888.0,1494.0,148.57185960362835,0.0005340963280865301
GPT 5,889.0,1494.0,149.26464945011554,0.0005340963280865301
GPT 5,890.0,1494.0,149.96066977223032,0.0005340963280865301
GPT 5,891.0,1494.0,150.65993563366453,0.0005340963280865301
GPT 5,892.0,1494.0,151.36246216835204,0.0005340963280865301
GPT 5,893.0,1494.0,152.06826458079604,0.0005340963280865301
GPT 5,894.0,1494.0,152.77735814639834,0.0005340963280865301
GPT 5,895.0,1494.0,153.48975821178982,0.0005340963280865301
GPT 5,896.0,1494.0,154.20548019516266,0.0005340963280865301
GPT 5,897.0,1494.0,154.92453958660397,0.0005340963280865301
GPT 5,898.0,1494.0,155.64695194843105,0.0005340963280865301
GPT 5,899.0,1494.0,156.37273291552825,0.0005340963280865301
GPT 5,900.0,1494.0,157.10189819568527,0.0005340963280865301
GPT 5,901.0,1494.0,157.83446356993718,0.0005340963280865301
GPT 5,902.0,1494.0,158.57044489290575,0.0005340963280865301
GPT 5,903.0,1494.0,159.30985809314328,0.0005340963280865301
GPT 5,904.0,1494.0,160.05271917347633,0.0005340963280865301
GPT 5,905.0,1494.0,160.79904421135274,0.0005340963280865301
GPT 5,906.0,1494.0,161.5488493591894,0.0005340963280865301
GPT 5,907.0,1494.0,162.30215084472187,0.0005340963280865301
GPT 5,908.0,1494.0,163.0589649713555,0.0005340963280865301
GPT 5,909.0,1494.0,163.81930811851836,0.0005340963280865301
GPT 5,910.0,1494.0,164.58319674201576,0.0005340963280865301
GPT 5,911.0,1494.0,165.35064737438628,0.0005340963280865301
GPT 5,912.0,1494.0,166.1216766252597,0.0005340963280865301
GPT 5,913.0,1494.0,166.89630118171638,0.0005340963280865301
GPT 5,914.0,1494.0,167.6745378086485,0.0005340963280865301
GPT 5,915.0,1494.0,168.4564033491228,0.0005340963280865301
GPT 5,916.0,1494.0,169.241914724745,0.0005340963280865301
GPT 5,917.0,1494.0,170.03108893602672,0.0005340963280865301
GPT 5,918.0,1494.0,170.82394306275233,0.0005340963280865301
GPT 5,919.0,1494.0,171.6204942643494,0.0005340963280865301
GPT 5,920.0,1494.0,172.42075978025971,0.0005340963280865301
GPT 5,921.0,1494.0,173.22475693031254,0.0005340963280865301
GPT 5,922.0,1494.0,174.03250311509947,0.0005340963280865301
GPT 5,923.0,1494.0,174.84401581635092,0.0005340963280865301
GPT 5,924.0,1494.0,175.65931259731448,0.0005340963280865301
GPT 5,925.0,1494.0,176.4784111031352,0.0005340963280865301
GPT 5,926.0,1494.0,177.30132906123725,0.0005340963280865301
GPT 5,927.0,1494.0,178.12808428170771,0.0005340963280865301
GPT 5,928.0,1494.0,178.9586946576821,0.0005340963280865301
GPT 5,929.0,1494.0,179.79317816573118,0.0005340963280865301
GPT 5,930.0,1494.0,180.6315528662511,0.0005340963280865301
GPT 5,931.0,1494.0,181.47383690385288,0.0005340963280865301
GPT 5,932.0,1494.0,182.320048507756,0.0005340963280865301
GPT 5,933.0,1494.0,183.17020599218276,0.0005340963280865301
GPT 5,934.0,1494.0,184.02432775675445,0.0005340963280865301
GPT 5,935.0,1494.0,184.8824322868898,0.0005340963280865301
GPT 5,936.0,1494.0,185.74453815420495,0.0005340963280865301
GPT 5,937.0,1494.0,186.61066401691536,0.0005340963280865301
GPT 5,938.0,1494.0,187.4808286202397,0.0005340963280865301
GPT 5,939.0,1494.0,188.35505079680544,0.0005340963280865301
GPT 5,940.0,1494.0,189.23334946705654,0.0005340963280865301
GPT 5,941.0,1494.0,190.11574363966295,0.0005340963280865301
GPT 5,942.0,1494.0,191.00225241193183,0.0005340963280865301
GPT 5,943.0,1494.0,191.89289497022088,0.0005340963280865301
GPT 5,944.0,1494.0,192.78769059035426,0.0005340963280865301
GPT 5,945.0,1494.0,193.68665863803864,0.0005340963280865301
GPT 5,946.0,1494.0,194.58981856928298,0.0005340963280865301
GPT 5,947.0,1494.0,195.49718993081967,0.0005340963280865301
GPT 5,948.0,1494.0,196.4087923605273,0.0005340963280865301
GPT 5,949.0,1494.0,197.3246455878558,0.0005340963280865301
GPT 5,950.0,1494.0,198.2447694342535,0.0005340963280865301
GPT 5,951.0,1494.0,199.16918381359594,0.0005340963280865301
GPT 5,952.0,1494.0,200.09790873261707,0.0005340963280865301
GPT 5,953.0,1494.0,201.03096429134206,0.0005340963280865301
GPT 5,954.0,1494.0,201.96837068352244,0.0005340963280865301
GPT 5,955.0,1494.0,202.91014819707308,0.0005340963280865301
GPT 5,956.0,1494.0,203.85631721451136,0.0005340963280865301
GPT 5,957.0,1494.0,204.80689821339791,0.0005340963280865301
GPT 5,958.0,1494.0,205.76191176678088,0.0005340963280865301
GPT 5,959.0,1494.0,206.7213785436397,0.0005340963280865301
GPT 5,960.0,1494.0,207.68531930933347,0.0005340963280865301
GPT 5,961.0,1494.0,208.65375492604994,0.0005340963280865301
GPT 5,962.0,1494.0,209.62670635325722,0.0005340963280865301
GPT 5,963.0,1494.0,210.6041946481573,0.0005340963280865301
GPT 5,964.0,1494.0,211.5862409661418,0.0005340963280865301
GPT 5,965.0,1494.0,212.57286656124978,0.0005340963280865301
GPT 5,966.0,1494.0,213.56409278662787,0.0005340963280865301
GPT 5,967.0,1494.0,214.55994109499224,0.0005340963280865301
GPT 5,968.0,1494.0,215.560433039093,0.0005340963280865301
GPT 5,969.0,1494.0,216.56559027218057,0.0005340963280865301
GPT 5,970.0,1494.0,217.57543454847428,0.0005340963280865301
GPT 5,971.0,1494.0,218.5899877236338,0.0005340963280865301
GPT 5,972.0,1494.0,219.6092717552311,0.0005340963280865301
GPT 5,973.0,1494.0,220.63330870322628,0.0005340963280865301
GPT 5,974.0,1494.0,221.662120730445,0.0005340963280865301
GPT 5,975.0,1494.0,222.69573010305808,0.0005340963280865301
GPT 5,976.0,1494.0,223.73415919106338,0.0005340963280865301
GPT 5,977.0,1494.0,224.77743046876992,0.0005340963280865301
GPT 5,978.0,1494.0,225.82556651528435,0.0005340963280865301
GPT 5,979.0,1494.0,226.8785900149995,0.0005340963280865301
GPT 5,980.0,1494.0,227.93652375808554,0.0005340963280865301
GPT 5,981.0,1494.0,228.99939064098297,0.0005340963280865301
GPT 5,982.0,1494.0,230.06721366689837,0.0005340963280865301
GPT 5,983.0,1494.0,231.1400159463021,0.0005340963280865301
GPT 5,984.0,1494.0,232.2178206974283,0.0005340963280865301
GPT 5,985.0,1494.0,233.3006512467784,0.0005340963280865301
GPT 5,986.0,1494.0,234.38853102962432,0.0005340963280865301
GPT 5,987.0,1494.0,235.48148359051697,0.0005340963280865301
GPT 5,988.0,1494.0,236.57953258379524,0.0005340963280865301
GPT 5,989.0,1494.0,237.68270177409818,0.0005340963280865301
GPT 5,990.0,1494.0,238.79101503687914,0.0005340963280865301
GPT 5,991.0,1494.0,239.9044963589227,0.0005340963280865301
GPT 5,992.0,1494.0,241.0231698388636,0.0005340963280865301
GPT 5,993.0,1494.0,242.14705968770843,0.0005340963280865301
GPT 5,994.0,1494.0,243.27619022935963,0.0005340963280865301
GPT 5,995.0,1494.0,244.4105859011418,0.0005340963280865301
GPT 5,996.0,1494.0,245.55027125433068,0.0005340963280865301
GPT 5,997.0,1494.0,246.69527095468456,0.0005340963280865301
GPT 5,998.0,1494.0,247.8456097829777,0.0005340963280865301
GPT 5,999.0,1494.0,249.00131263553777,0.0005340963280865301
GPT 5,1000.0,1494.0,250.1624045247832,0.0005340963280865301
GPT 5,1001.0,1494.0,251.3289105797653,0.0005340963280865301
GPT 5,1002.0,1494.0,252.50085604671222,0.0005340963280865301
GPT 5,1003.0,1494.0,253.678266289575,0.0005340963280865301
GPT 5,1004.0,1494.0,254.8611667905767,0.0005340963280865301
GPT 5,1005.0,1494.0,256.0495831507639,0.0005340963280865301
GPT 5,1006.0,1494.0,257.24354109056065,0.0005340963280865301
GPT 5,1007.0,1494.0,258.4430664503253,0.0005340963280865301
GPT 5,1008.0,1494.0,259.64818519090966,0.0005340963280865301
GPT 5,1009.0,1494.0,260.85892339422077,0.0005340963280865301
GPT 5,1010.0,1494.0,262.0753072637855,0.0005340963280865301
GPT 5,1011.0,1494.0,263.2973631253175,0.0005340963280865301
GPT 5,1012.0,1494.0,264.5251174272876,0.0005340963280865301
GPT 5,1013.0,1494.0,265.7585967414954,0.0005340963280865301
GPT 5,1014.0,1494.0,266.9978277636444,0.0005340963280865301
GPT 5,1015.0,1494.0,268.24283731392046,0.0005340963280865301
GPT 5,1016.0,1494.0,269.4936523375715,0.0005340963280865301
GPT 5,1017.0,1494.0,270.75029990549126,0.0005340963280865301
GPT 5,1018.0,1494.0,272.0128072148048,0.0005340963280865301
GPT 5,1019.0,1494.0,273.28120158945717,0.0005340963280865301
GPT 5,1020.0,1494.0,274.5555104808051,0.0005340963280865301
GPT 5,1021.0,1494.0,275.8357614682105,0.0005340963280865301
GPT 5,1022.0,1494.0,277.121982259638,0.0005340963280865301
GPT 5,1023.0,1494.0,278.4142006922542,0.0005340963280865301
GPT 5,1024.0,1494.0,279.71244473303034,0.0005340963280865301
GPT 5,1025.0,1494.0,281.0167424793471,0.0005340963280865301
GPT 5,1026.0,1494.0,282.32712215960413,0.0005340963280865301
GPT 5,1027.0,1494.0,283.643612133829,0.0005340963280865301
GPT 5,1028.0,1494.0,284.9662408942922,0.0005340963280865301
GPT 5,1029.0,1494.0,286.29503706612365,0.0005340963280865301
GPT 5,1030.0,1494.0,287.6300294079321,0.0005340963280865301
GPT 5,1031.0,1494.0,288.9712468124274,0.0005340963280865301
GPT 5,1032.0,1494.0,290.3187183070462,0.0005340963280865301
GPT 5,1033.0,1494.0,291.67247305457965,0.0005340963280865301
GPT 5,1034.0,1494.0,293.0325403538052,0.0005340963280865301
GPT 5,1035.0,1494.0,294.39894964012,0.0005340963280865301
GPT 5,1036.0,1494.0,295.77173048617857,0.0005340963280865301
GPT 5,1037.0,1494.0,297.15091260253246,0.0005340963280865301
GPT 5,1038.0,1494.0,298.5365258382734,0.0005340963280865301
GPT 5,1039.0,1494.0,299.928600181679,0.0005340963280865301
GPT 5,1040.0,1494.0,301.3271657608629,0.0005340963280865301
GPT 5,1041.0,1494.0,302.73225284442515,0.0005340963280865301
GPT 5,1042.0,1494.0,304.1438918421084,0.0005340963280865301
GPT 5,1043.0,1494.0,305.56211330545585,0.0005340963280865301
GPT 5,1044.0,1494.0,306.98694792847226,0.0005340963280865301
GPT 5,1045.0,1494.0,308.4184265482885,0.0005340963280865301
GPT 5,1046.0,1494.0,309.8565801458288,0.0005340963280865301
GPT 5,1047.0,1494.0,311.3014398464812,0.0005340963280865301
GPT 5,1048.0,1494.0,312.75303692077136,0.0005340963280865301
GPT 5,1049.0,1494.0,314.2114027850393,0.0005340963280865301
GPT 5,1050.0,1494.0,315.67656900211915,0.0005340963280865301
GPT 5,1051.0,1494.0,317.1485672820225,0.0005340963280865301
GPT 5,1052.0,1494.0,318.62742948262405,0.0005340963280865301
GPT 5,1053.0,1494.0,320.11318761035284,0.0005340963280865301
GPT 5,1054.0,1494.0,321.6058738208826,0.0005340963280865301
GPT 5,1055.0,1494.0,323.10552041982913,0.0005340963280865301
GPT 5,1056.0,1494.0,324.6121598634492,0.0005340963280865301
GPT 5,1057.0,1494.0,326.125824759343,0.0005340963280865301
GPT 5,1058.0,1494.0,327.64654786715965,0.0005340963280865301
GPT 5,1059.0,1494.0,329.17436209930645,0.0005340963280865301
GPT 5,1060.0,1494.0,330.70930052166113,0.0005340963280865301
GPT 5,1061.0,1494.0,332.25139635428735,0.0005340963280865301
GPT 5,1062.0,1494.0,333.8006829721538,0.0005340963280865301
GPT 5,1063.0,1494.0,335.35719390585655,0.0005340963280865301
GPT 5,1064.0,1494.0,336.9209628423445,0.0005340963280865301
GPT 5,1065.0,1494.0,338.49202362564887,0.0005340963280865301
GPT 5,1066.0,1494.0,340.07041025761487,0.0005340963280865301
GPT 5,1067.0,1494.0,341.65615689863927,0.0005340963280865301
GPT 5,1068.0,1494.0,343.24929786840755,0.0005340963280865301
GPT 5,1069.0,1494.0,344.84986764663813,0.0005340963280865301
GPT 5,1070.0,1494.0,346.4579008738281,0.0005340963280865301
GPT 5,1071.0,1494.0,348.07343235200307,0.0005340963280865301
GPT 5,1072.0,1494.0,349.6964970454702,0.0005340963280865301
GPT 5,1073.0,1494.0,351.32713008157526,0.0005340963280865301
GPT 5,1074.0,1494.0,352.96536675146245,0.0005340963280865301
GPT 5,1075.0,1494.0,354.6112425108385,0.0005340963280865301
GPT 5,1076.0,1494.0,356.2647929807399,0.0005340963280865301
GPT 5,1077.0,1494.0,357.92605394830395,0.0005340963280865301
GPT 5,1078.0,1494.0,359.59506136754305,0.0005340963280865301
GPT 5,1079.0,1494.0,361.2718513601231,0.0005340963280865301
GPT 5,1080.0,1494.0,362.95646021614465,0.0005340963280865301
GPT 5,1081.0,1494.0,364.64892439493,0.0005340963280865301
GPT 5,1082.0,1494.0,366.34928052581006,0.0005340963280865301
GPT 5,1083.0,1494.0,368.0575654089183,0.0005340963280865301
GPT 5,1084.0,1494.0,369.7738160159873,0.0005340963280865301
GPT 5,1085.0,1494.0,371.49806949114827,0.0005340963280865301
GPT 5,1086.0,1494.0,373.23036315173573,0.0005340963280865301
GPT 5,1087.0,1494.0,374.9707344890945,0.0005340963280865301
GPT 5,1088.0,1494.0,376.7192211693914,0.0005340963280865301
GPT 5,1089.0,1494.0,378.4758610344304,0.0005340963280865301
GPT 5,1090.0,1494.0,380.24069210247166,0.0005340963280865301
GPT 5,1091.0,1494.0,382.0137525690542,0.0005340963280865301
GPT 5,1092.0,1494.0,383.7950808078228,0.0005340963280865301
GPT 5,1093.0,1494.0,385.5847153713582,0.0005340963280865301
GPT 5,1094.0,1494.0,387.38269499201135,0.0005340963280865301
GPT 5,1095.0,1494.0,389.1890585827431,0.0005340963280865301
GPT 5,1096.0,1494.0,391.0038452379641,0.0005340963280865301
GPT 5,1097.0,1494.0,392.8270942343823,0.0005340963280865301
GPT 5,1098.0,1494.0,394.65884503185293,0.0005340963280865301
GPT 5,1099.0,1494.0,396.4991372742322,0.0005340963280865301
GPT 5,1100.0,1494.0,398.34801079023555,0.0005340963280865301
GPT 5,1101.0,1494.0,400.2055055942994,0.0005340963280865301
GPT 5,1102.0,1494.0,402.0716618874473,0.0005340963280865301
GPT 5,1103.0,1494.0,403.94652005816,0.0005340963280865301
GPT 5,1104.0,1494.0,405.8301206832496,0.0005340963280865301
GPT 5,1105.0,1494.0,407.72250452873766,0.0005340963280865301
GPT 5,1106.0,1494.0,409.62371255073737,0.0005340963280865301
GPT 5,1107.0,1494.0,411.53378589633974,0.0005340963280865301
GPT 5,1108.0,1494.0,413.4527659045058,0.0005340963280865301
GPT 5,1109.0,1494.0,415.38069410695846,0.0005340963280865301
GPT 5,1110.0,1494.0,417.3176122290836,0.0005340963280865301
GPT 5,1111.0,1494.0,419.2635621908321,0.0005340963280865301
GPT 5,1112.0,1494.0,421.2185861076274,0.0005340963280865301
GPT 5,1113.0,1494.0,423.1827262912771,0.0005340963280865301
GPT 5,1114.0,1494.0,425.15602525088843,0.0005340963280865301
GPT 5,1115.0,1494.0,427.1385256937884,0.0005340963280865301
GPT 5,1116.0,1494.0,429.130270526448,0.0005340963280865301
GPT 5,1117.0,1494.0,431.13130285541104,0.0005340963280865301
GPT 5,1118.0,1494.0,433.1416659882268,0.0005340963280865301
GPT 5,1119.0,1494.0,435.1614034343875,0.0005340963280865301
GPT 5,1120.0,1494.0,437.19055890627,0.0005340963280865301
GPT 5,1121.0,1494.0,439.2291763200811,0.0005340963280865301
GPT 5,1122.0,1494.0,441.2772997968101,0.0005340963280865301
GPT 5,1123.0,1494.0,443.33497366318096,0.0005340963280865301
GPT 5,1124.0,1494.0,445.40224245261334,0.0005340963280865301
GPT 5,1125.0,1494.0,447.479150906186,0.0005340963280865301
GPT 5,1126.0,1494.0,449.5657439736052,0.0005340963280865301
GPT 5,1127.0,1494.0,451.66206681417736,0.0005340963280865301
GPT 5,1128.0,1494.0,453.7681647977866,0.0005340963280865301
GPT 5,1129.0,1494.0,455.8840835058765,0.0005340963280865301
GPT 5,1130.0,1494.0,458.0098687324368,0.0005340963280865301
GPT 5,1131.0,1494.0,460.1455664849943,0.0005340963280865301
GPT 5,1132.0,1494.0,462.29122298560867,0.0005340963280865301
GPT 5,1133.0,1494.0,464.4468846718729,0.0005340963280865301
GPT 5,1134.0,1494.0,466.61259819791815,0.0005340963280865301
GPT 5,1135.0,1494.0,468.78841043542315,0.0005340963280865301
GPT 5,1136.0,1494.0,470.9743684746304,0.0005340963280865301
GPT 5,1137.0,1494.0,473.1705196253626,0.0005340963280865301
GPT 5,1138.0,1494.0,475.37691141804845,0.0005340963280865301
GPT 5,1139.0,1494.0,477.5935916047506,0.0005340963280865301
GPT 5,1140.0,1494.0,479.8206081601995,0.0005340963280865301
GPT 5,1141.0,1494.0,482.05800928283156,0.0005340963280865301
GPT 5,1142.0,1494.0,484.30584339583214,0.0005340963280865301
GPT 5,1143.0,1494.0,486.5641591481837,0.0005340963280865301
GPT 5,1144.0,1494.0,488.83300541571873,0.0005340963280865301
GPT 5,1145.0,1494.0,491.11243130217747,0.0005340963280865301
GPT 5,1146.0,1494.0,493.4024861402706,0.0005340963280865301
GPT 5,1147.0,1494.0,495.70321949274694,0.0005340963280865301
GPT 5,1148.0,1494.0,498.0146811534659,0.0005340963280865301
GPT 5,1149.0,1494.0,500.3369211484767,0.0005340963280865301
GPT 5,1150.0,1494.0,502.6699897370982,0.0005340963280865301
GPT 5,1151.0,1494.0,505.01393741300905,0.0005340963280865301
GPT 5,1152.0,1494.0,507.3688149053394,0.0005340963280865301
GPT 5,1153.0,1494.0,509.73467317976906,0.0005340963280865301
GPT 5,1154.0,1494.0,512.1115634396307,0.0005340963280865301
GPT 5,1155.0,1494.0,514.4995371270179,0.0005340963280865301
GPT 5,1156.0,1494.0,516.8986459238984,0.0005340963280865301
GPT 5,1157.0,1494.0,519.3089417532325,0.0005340963280865301
GPT 5,1158.0,1494.0,521.7304767800974,0.0005340963280865301
GPT 5,1159.0,1494.0,524.1633034128156,0.0005340963280865301
GPT 5,1160.0,1494.0,526.6074743040891,0.0005340963280865301
GPT 5,1161.0,1494.0,529.0630423521397,0.0005340963280865301
GPT 5,1162.0,1494.0,531.5300607018524,0.0005340963280865301
GPT 5,1163.0,1494.0,534.0085827459285,0.0005340963280865301
GPT 5,1164.0,1494.0,536.4986621260371,0.0005340963280865301
GPT 5,1165.0,1494.0,539.0003527339791,0.0005340963280865301
GPT 5,1166.0,1494.0,541.5137087128523,0.0005340963280865301
GPT 5,1167.0,1494.0,544.038784458224,0.0005340963280865301
GPT 5,1168.0,1494.0,546.5756346193072,0.0005340963280865301
GPT 5,1169.0,1494.0,549.1243141001439,0.0005340963280865301
GPT 5,1170.0,1494.0,551.6848780607941,0.0005340963280865301
GPT 5,1171.0,1494.0,554.2573819185279,0.0005340963280865301
GPT 5,1172.0,1494.0,556.8418813490267,0.0005340963280865301
GPT 5,1173.0,1494.0,559.4384322875868,0.0005340963280865301
GPT 5,1174.0,1494.0,562.0470909303308,0.0005340963280865301
GPT 5,1175.0,1494.0,564.6679137354232,0.0005340963280865301
GPT 5,1176.0,1494.0,567.3009574242926,0.0005340963280865301
GPT 5,1177.0,1494.0,569.9462789828605,0.0005340963280865301
GPT 5,1178.0,1494.0,572.6039356627721,0.0005340963280865301
GPT 5,1179.0,1494.0,575.2739849826372,0.0005340963280865301
GPT 5,1180.0,1494.0,577.9564847292746,0.0005340963280865301
GPT 5,1181.0,1494.0,580.6514929589629,0.0005340963280865301
GPT 5,1182.0,1494.0,583.3590679986964,0.0005340963280865301
GPT 5,1183.0,1494.0,586.0792684474486,0.0005340963280865301
GPT 5,1184.0,1494.0,588.8121531774389,0.0005340963280865301
GPT 5,1185.0,1494.0,591.5577813354082,0.0005340963280865301
GPT 5,1186.0,1494.0,594.3162123438981,0.0005340963280865301
GPT 5,1187.0,1494.0,597.0875059025371,0.0005340963280865301
GPT 5,1188.0,1494.0,599.8717219893332,0.0005340963280865301
GPT 5,1189.0,1494.0,602.6689208619705,0.0005340963280865301
GPT 5,1190.0,1494.0,605.4791630591164,0.0005340963280865301
GPT 5,1191.0,1494.0,608.3025094017281,0.0005340963280865301
GPT 5,1192.0,1494.0,611.1390209943709,0.0005340963280865301
GPT 5,1193.0,1494.0,613.9887592265405,0.0005340963280865301
GPT 5,1194.0,1494.0,616.851785773992,0.0005340963280865301
GPT 5,1195.0,1494.0,619.7281626000733,0.0005340963280865301
GPT 5,1196.0,1494.0,622.6179519570682,0.0005340963280865301
GPT 5,1197.0,1494.0,625.5212163875415,0.0005340963280865301
GPT 5,1198.0,1494.0,628.4380187256945,0.0005340963280865301
GPT 5,1199.0,1494.0,631.3684220987236,0.0005340963280865301
GPT 5,1200.0,1494.0,634.3124899281872,0.0005340963280865301
GPT 5,1201.0,1494.0,637.2702859313781,0.0005340963280865301
GPT 5,1202.0,1494.0,640.2418741227024,0.0005340963280865301
GPT 5,1203.0,1494.0,643.2273188150646,0.0005340963280865301
GPT 5,1204.0,1494.0,646.2266846212617,0.0005340963280865301
GPT 5,1205.0,1494.0,649.2400364553781,0.0005340963280865301
GPT 5,1206.0,1494.0,652.2674395341928,0.0005340963280865301
GPT 5,1207.0,1494.0,655.3089593785903,0.0005340963280865301
GPT 5,1208.0,1494.0,658.3646618149787,0.0005340963280865301
GPT 5,1209.0,1494.0,661.4346129767143,0.0005340963280865301
GPT 5,1210.0,1494.0,664.518879305533,0.0005340963280865301
GPT 5,1211.0,1494.0,667.617527552988,0.0005340963280865301
GPT 5,1212.0,1494.0,670.7306247818948,0.0005340963280865301
GPT 5,1213.0,1494.0,673.8582383677824,0.0005340963280865301
GPT 5,1214.0,1494.0,677.0004360003517,0.0005340963280865301
GPT 5,1215.0,1494.0,680.1572856849401,0.0005340963280865301
GPT 5,1216.0,1494.0,683.3288557439939,0.0005340963280865301
GPT 5,1217.0,1494.0,686.5152148185455,0.0005340963280865301
GPT 5,1218.0,1494.0,689.7164318697027,0.0005340963280865301
GPT 5,1219.0,1494.0,692.9325761801358,0.0005340963280865301
GPT 5,1220.0,1494.0,696.1637173555814,0.0005340963280865301
GPT 5,1221.0,1494.0,699.4099253263466,0.0005340963280865301
GPT 5,1222.0,1494.0,702.6712703488237,0.0005340963280865301
GPT 5,1223.0,1494.0,705.9478230070097,0.0005340963280865301
GPT 5,1224.0,1494.0,709.2396542140349,0.0005340963280865301
GPT 5,1225.0,1494.0,712.5468352136968,0.0005340963280865301
GPT 5,1226.0,1494.0,715.8694375820027,0.0005340963280865301
GPT 5,1227.0,1494.0,719.2075332287181,0.0005340963280865301
GPT 5,1228.0,1494.0,722.5611943989238,0.0005340963280865301
GPT 5,1229.0,1494.0,725.9304936745788,0.0005340963280865301
GPT 5,1230.0,1494.0,729.3155039760915,0.0005340963280865301
GPT 5,1231.0,1494.0,732.7162985638969,0.0005340963280865301
GPT 5,1232.0,1494.0,736.1329510400454,0.0005340963280865301
GPT 5,1233.0,1494.0,739.5655353497913,0.0005340963280865301
GPT 5,1234.0,1494.0,743.0141257831958,0.0005340963280865301
GPT 5,1235.0,1494.0,746.4787969767343,0.0005340963280865301
GPT 5,1236.0,1494.0,749.9596239149118,0.0005340963280865301
GPT 5,1237.0,1494.0,753.4566819318858,0.0005340963280865301
GPT 5,1238.0,1494.0,756.9700467130963,0.0005340963280865301
GPT 5,1239.0,1494.0,760.4997942969042,0.0005340963280865301
GPT 5,1240.0,1494.0,764.0460010762371,0.0005340963280865301
GPT 5,1241.0,1494.0,767.6087438002422,0.0005340963280865301
GPT 5,1242.0,1494.0,771.188099575948,0.0005340963280865301
GPT 5,1243.0,1494.0,774.7841458699321,0.0005340963280865301
GPT 5,1244.0,1494.0,778.396960509998,0.0005340963280865301
GPT 5,1245.0,1494.0,782.0266216868622,0.0005340963280865301
GPT 5,1246.0,1494.0,785.6732079558416,0.0005340963280865301
GPT 5,1247.0,1494.0,789.336798238557,0.0005340963280865301
GPT 5,1248.0,1494.0,793.0174718246404,0.0005340963280865301
GPT 5,1249.0,1494.0,796.715308373451,0.0005340963280865301
GPT 5,1250.0,1494.0,800.4303879157989,0.0005340963280865301
GPT 5,1251.0,1494.0,804.1627908556777,0.0005340963280865301
GPT 5,1252.0,1494.0,807.9125979720046,0.0005340963280865301
GPT 5,1253.0,1494.0,811.6798904203682,0.0005340963280865301
GPT 5,1254.0,1494.0,815.4647497347852,0.0005340963280865301
GPT 5,1255.0,1494.0,819.2672578294653,0.0005340963280865301
GPT 5,1256.0,1494.0,823.0874970005834,0.0005340963280865301
GPT 5,1257.0,1494.0,826.9255499280614,0.0005340963280865301
GPT 5,1258.0,1494.0,830.7814996773561,0.0005340963280865301
GPT 5,1259.0,1494.0,834.6554297012608,0.0005340963280865301
GPT 5,1260.0,1494.0,838.5474238417064,0.0005340963280865301
GPT 5,1261.0,1494.0,842.4575663315788,0.0005340963280865301
GPT 5,1262.0,1494.0,846.3859417965418,0.0005340963280865301
GPT 5,1263.0,1494.0,850.332635256868,0.0005340963280865301
GPT 5,1264.0,1494.0,854.297732129279,0.0005340963280865301
GPT 5,1265.0,1494.0,858.2813182287946,0.0005340963280865301
GPT 5,1266.0,1494.0,862.2834797705891,0.0005340963280865301
GPT 5,1267.0,1494.0,866.304303371858,0.0005340963280865301
GPT 5,1268.0,1494.0,870.3438760536926,0.0005340963280865301
GPT 5,1269.0,1494.0,874.4022852429625,0.0005340963280865301
GPT 5,1270.0,1494.0,878.4796187742089,0.0005340963280865301
GPT 5,1271.0,1494.0,882.5759648915448,0.0005340963280865301
GPT 5,1272.0,1494.0,886.6914122505642,0.0005340963280865301
GPT 5,1273.0,1494.0,890.8260499202644,0.0005340963280865301
GPT 5,1274.0,1494.0,894.9799673849682,0.0005340963280865301
GPT 5,1275.0,1494.0,899.1532545462644,0.0005340963280865301
GPT 5,1276.0,1494.0,903.3460017249525,0.0005340963280865301
GPT 5,1277.0,1494.0,907.5582996629972,0.0005340963280865301
GPT 5,1278.0,1494.0,911.7902395254928,0.0005340963280865301
GPT 5,1279.0,1494.0,916.0419129026358,0.0005340963280865301
GPT 5,1280.0,1494.0,920.3134118117074,0.0005340963280865301
GPT 5,1281.0,1494.0,924.6048286990649,0.0005340963280865301
GPT 5,1282.0,1494.0,928.9162564421426,0.0005340963280865301
GPT 5,1283.0,1494.0,933.2477883514617,0.0005340963280865301
GPT 5,1284.0,1494.0,937.5995181726499,0.0005340963280865301
GPT 5,1285.0,1494.0,941.9715400884695,0.0005340963280865301
GPT 5,1286.0,1494.0,946.3639487208593,0.0005340963280865301
GPT 5,1287.0,1494.0,950.7768391329769,0.0005340963280865301
GPT 5,1288.0,1494.0,955.2103068312597,0.0005340963280865301
GPT 5,1289.0,1494.0,959.6644477674914,0.0005340963280865301
GPT 5,1290.0,1494.0,964.1393583408784,0.0005340963280865301
GPT 5,1291.0,1494.0,968.6351354001359,0.0005340963280865301
GPT 5,1292.0,1494.0,973.1518762455844,0.0005340963280865301
GPT 5,1293.0,1494.0,977.6896786312551,0.0005340963280865301
GPT 5,1294.0,1494.0,982.2486407670061,0.0005340963280865301
GPT 5,1295.0,1494.0,986.8288613206471,0.0005340963280865301
GPT 5,1296.0,1494.0,991.4304394200758,0.0005340963280865301
GPT 5,1297.0,1494.0,996.0534746554224,0.0005340963280865301
GPT 5,1298.0,1494.0,1000.6980670812057,0.0005340963280865301
GPT 5,1299.0,1494.0,1005.3643172184969,0.0005340963280865301
GPT 5,1300.0,1494.0,1010.0523260570999,0.0005340963280865301
GPT 5,1301.0,1494.0,1014.7621950577301,0.0005340963280865301
GPT 5,1302.0,1494.0,1019.494026154215,0.0005340963280865301
GPT 5,1303.0,1494.0,1024.2479217556988,0.0005340963280865301
GPT 5,1304.0,1494.0,1029.0239847488594,0.0005340963280865301
GPT 5,1305.0,1494.0,1033.8223185001345,0.0005340963280865301
GPT 5,1306.0,1494.0,1038.6430268579588,0.0005340963280865301
GPT 5,1307.0,1494.0,1043.4862141550122,0.0005340963280865301
GPT 5,1308.0,1494.0,1048.3519852104773,0.0005340963280865301
GPT 5,1309.0,1494.0,1053.2404453323074,0.0005340963280865301
GPT 5,1310.0,1494.0,1058.1517003195072,0.0005340963280865301
GPT 5,1311.0,1494.0,1063.0858564644209,0.0005340963280865301
GPT 5,1312.0,1494.0,1068.0430205550338,0.0005340963280865301
GPT 5,1313.0,1494.0,1073.0232998772815,0.0005340963280865301
GPT 5,1314.0,1494.0,1078.0268022173773,0.0005340963280865301
GPT 5,1315.0,1494.0,1083.0536358641375,0.0005340963280865301
GPT 5,1316.0,1494.0,1088.1039096113295,0.0005340963280865301
GPT 5,1317.0,1494.0,1093.1777327600257,0.0005340963280865301
GPT 5,1318.0,1494.0,1098.2752151209688,0.0005340963280865301
GPT 5,1319.0,1494.0,1103.3964670169485,0.0005340963280865301
GPT 5,1320.0,1494.0,1108.5415992851892,0.0005340963280865301
GPT 5,1321.0,1494.0,1113.7107232797487,0.0005340963280865301
GPT 5,1322.0,1494.0,1118.9039508739281,0.0005340963280865301
GPT 5,1323.0,1494.0,1124.1213944626932,0.0005340963280865301
GPT 5,1324.0,1494.0,1129.3631669651068,0.0005340963280865301
GPT 5,1325.0,1494.0,1134.629381826773,0.0005340963280865301
GPT 5,1326.0,1494.0,1139.920153022291,0.0005340963280865301
GPT 5,1327.0,1494.0,1145.2355950577266,0.0005340963280865301
GPT 5,1328.0,1494.0,1150.575822973083,0.0005340963280865301
GPT 5,1329.0,1494.0,1155.9409523447955,0.0005340963280865301
GPT 5,1330.0,1494.0,1161.331099288232,0.0005340963280865301
GPT 5,1331.0,1494.0,1166.746380460206,0.0005340963280865301
GPT 5,1332.0,1494.0,1172.1869130615005,0.0005340963280865301
GPT 5,1333.0,1494.0,1177.6528148394057,0.0005340963280865301
GPT 5,1334.0,1494.0,1183.1442040902666,0.0005340963280865301
GPT 5,1335.0,1494.0,1188.6611996620436,0.0005340963280865301
GPT 5,1336.0,1494.0,1194.2039209568843,0.0005340963280865301
GPT 5,1337.0,1494.0,1199.7724879337084,0.0005340963280865301
GPT 5,1338.0,1494.0,1205.367021110803,0.0005340963280865301
GPT 5,1339.0,1494.0,1210.9876415684314,0.0005340963280865301
GPT 5,1340.0,1494.0,1216.6344709514526,0.0005340963280865301
GPT 5,1341.0,1494.0,1222.3076314719588,0.0005340963280865301
GPT 5,1342.0,1494.0,1228.0072459119122,0.0005340963280865301
GPT 5,1343.0,1494.0,1233.7334376258084,0.0005340963280865301
GPT 5,1344.0,1494.0,1239.4863305433444,0.0005340963280865301
GPT 5,1345.0,1494.0,1245.2660491721008,0.0005340963280865301
GPT 5,1346.0,1494.0,1251.0727186002364,0.0005340963280865301
GPT 5,1347.0,1494.0,1256.9064644991952,0.0005340963280865301
GPT 5,1348.0,1494.0,1262.7674131264268,0.0005340963280865301
GPT 5,1349.0,1494.0,1268.6556913281186,0.0005340963280865301
GPT 5,1350.0,1494.0,1274.5714265419413,0.0005340963280865301
GPT 5,1351.0,1494.0,1280.5147467998063,0.0005340963280865301
GPT 5,1352.0,1494.0,1286.4857807306378,0.0005340963280865301
GPT 5,1353.0,1494.0,1292.4846575631557,0.0005340963280865301
GPT 5,1354.0,1494.0,1298.5115071286716,0.0005340963280865301
GPT 5,1355.0,1494.0,1304.5664598639037,0.0005340963280865301
GPT 5,1356.0,1494.0,1310.649646813792,0.0005340963280865301
GPT 5,1357.0,1494.0,1316.7611996343398,0.0005340963280865301
GPT 5,1358.0,1494.0,1322.901250595462,0.0005340963280865301
GPT 5,1359.0,1494.0,1329.0699325838466,0.0005340963280865301
GPT 5,1360.0,1494.0,1335.2673791058326,0.0005340963280865301
GPT 5,1361.0,1494.0,1341.4937242902975,0.0005340963280865301
GPT 5,1362.0,1494.0,1347.749102891562,0.0005340963280865301
GPT 5,1363.0,1494.0,1354.0336502923044,0.0005340963280865301
GPT 5,1364.0,1494.0,1360.347502506493,0.0005340963280865301
GPT 5,1365.0,1494.0,1366.6907961823276,0.0005340963280865301
GPT 5,1366.0,1494.0,1373.0636686051985,0.0005340963280865301
GPT 5,1367.0,1494.0,1379.466257700655,0.0005340963280865301
GPT 5,1368.0,1494.0,1385.8987020373977,0.0005340963280865301
GPT 5,1369.0,1494.0,1392.3611408302672,0.0005340963280865301
GPT 5,1370.0,1494.0,1398.8537139432644,0.0005340963280865301
GPT 5,1371.0,1494.0,1405.376561892575,0.0005340963280865301
GPT 5,1372.0,1494.0,1411.9298258496106,0.0005340963280865301
GPT 5,1373.0,1494.0,1418.5136476440653,0.0005340963280865301
GPT 5,1374.0,1494.0,1425.1281697669833,0.0005340963280865301
GPT 5,1375.0,1494.0,1431.7735353738449,0.0005340963280865301
GPT 5,1376.0,1494.0,1438.449888287663,0.0005340963280865301
GPT 5,1377.0,1494.0,1445.1573730020966,0.0005340963280865301
GPT 5,1378.0,1494.0,1451.8961346845779,0.0005340963280865301
GPT 5,1379.0,1494.0,1458.6663191794544,0.0005340963280865301
GPT 5,1380.0,1494.0,1465.4680730111447,0.0005340963280865301
GPT 5,1381.0,1494.0,1472.301543387309,0.0005340963280865301
GPT 5,1382.0,1494.0,1479.1668782020402,0.0005340963280865301
GPT 5,1383.0,1494.0,1486.064226039056,0.0005340963280865301
GPT 5,1384.0,1494.0,1492.9937361749212,0.0005340963280865301
GPT 5,1385.0,1494.0,1499.9555585822761,0.0005340963280865301
GPT 5,1386.0,1494.0,1506.949843933083,0.0005340963280865301
GPT 5,1387.0,1494.0,1513.9767436018867,0.0005340963280865301
GPT 5,1388.0,1494.0,1521.0364096690905,0.0005340963280865301
GPT 5,1389.0,1494.0,1528.1289949242482,0.0005340963280865301
GPT 5,1390.0,1494.0,1535.2546528693704,0.0005340963280865301
GPT 5,1391.0,1494.0,1542.4135377222467,0.0005340963280865301
GPT 5,1392.0,1494.0,1549.605804419784,0.0005340963280865301
GPT 5,1393.0,1494.0,1556.8316086213583,0.0005340963280865301
GPT 5,1394.0,1494.0,1564.0911067121854,0.0005340963280865301
GPT 5,1395.0,1494.0,1571.3844558067026,0.0005340963280865301
GPT 5,1396.0,1494.0,1578.7118137519758,0.0005340963280865301
GPT 5,1397.0,1494.0,1586.0733391311062,0.0005340963280865301
GPT 5,1398.0,1494.0,1593.469191266669,0.0005340963280865301
GPT 5,1399.0,1494.0,1600.89953022416,0.0005340963280865301
GPT 5,1400.0,1494.0,1608.3645168154585,0.0005340963280865301
GPT 5,1401.0,1494.0,1615.86431260231,0.0005340963280865301
GPT 5,1402.0,1494.0,1623.3990798998213,0.0005340963280865301
GPT 5,1403.0,1494.0,1630.9689817799735,0.0005340963280865301
GPT 5,1404.0,1494.0,1638.5741820751518,0.0005340963280865301
GPT 5,1405.0,1494.0,1646.2148453816908,0.0005340963280865301
GPT 5,1406.0,1494.0,1653.8911370634369,0.0005340963280865301
GPT 5,1407.0,1494.0,1661.6032232553277,0.0005340963280865301
GPT 5,1408.0,1494.0,1669.3512708669869,0.0005340963280865301
GPT 5,1409.0,1494.0,1677.1354475863352,0.0005340963280865301
GPT 5,1410.0,1494.0,1684.9559218832267,0.0005340963280865301
GPT 5,1411.0,1494.0,1692.812863013084,0.0005340963280865301
GPT 5,1412.0,1494.0,1700.706441020569,0.0005340963280865301
GPT 5,1413.0,1494.0,1708.6368267432608,0.0005340963280865301
GPT 5,1414.0,1494.0,1716.6041918153535,0.0005340963280865301
GPT 5,1415.0,1494.0,1724.6087086713703,0.0005340963280865301
GPT 5,1416.0,1494.0,1732.6505505498958,0.0005340963280865301
GPT 5,1417.0,1494.0,1740.7298914973258,0.0005340963280865301
GPT 5,1418.0,1494.0,1748.8469063716325,0.0005340963280865301
GPT 5,1419.0,1494.0,1757.001770846151,0.0005340963280865301
GPT 5,1420.0,1494.0,1765.1946614133797,0.0005340963280865301
GPT 5,1421.0,1494.0,1773.425755388801,0.0005340963280865301
GPT 5,1422.0,1494.0,1781.6952309147164,0.0005340963280865301
GPT 5,1423.0,1494.0,1790.0032669641096,0.0005340963280865301
GPT 5,1424.0,1494.0,1798.3500433445092,0.0005340963280865301
GPT 5,1425.0,1494.0,1806.735740701887,0.0005340963280865301
GPT 5,1426.0,1494.0,1815.160540524566,0.0005340963280865301
GPT 5,1427.0,1494.0,1823.624625147149,0.0005340963280865301
GPT 5,1428.0,1494.0,1832.1281777544627,0.0005340963280865301
GPT 5,1429.0,1494.0,1840.6713823855257,0.0005340963280865301
GPT 5,1430.0,1494.0,1849.2544239375281,0.0005340963280865301
GPT 5,1431.0,1494.0,1857.8774881698353,0.0005340963280865301
GPT 5,1432.0,1494.0,1866.5407617080075,0.0005340963280865301
GPT 5,1433.0,1494.0,1875.2444320478394,0.0005340963280865301
GPT 5,1434.0,1494.0,1883.9886875594168,0.0005340963280865301
GPT 5,1435.0,1494.0,1892.7737174911954,0.0005340963280865301
GPT 5,1436.0,1494.0,1901.5997119740925,0.0005340963280865301
GPT 5,1437.0,1494.0,1910.4668620256116,0.0005340963280865301
GPT 5,1438.0,1494.0,1919.3753595539633,0.0005340963280865301
GPT 5,1439.0,1494.0,1928.325397362228,0.0005340963280865301
GPT 5,1440.0,1494.0,1937.3171691525251,0.0005340963280865301
GPT 5,1441.0,1494.0,1946.3508695302066,0.0005340963280865301
GPT 5,1442.0,1494.0,1955.4266940080681,0.0005340963280865301
GPT 5,1443.0,1494.0,1964.5448390105805,0.0005340963280865301
GPT 5,1444.0,1494.0,1973.7055018781407,0.0005340963280865301
GPT 5,1445.0,1494.0,1982.908880871343,0.0005340963280865301
GPT 5,1446.0,1494.0,1992.1551751752704,0.0005340963280865301
GPT 5,1447.0,1494.0,2001.444584903804,0.0005340963280865301
GPT 5,1448.0,1494.0,2010.7773111039562,0.0005340963280865301
GPT 5,1449.0,1494.0,2020.1535557602194,0.0005340963280865301
GPT 5,1450.0,1494.0,2029.5735217989372,0.0005340963280865301
GPT 5,1451.0,1494.0,2039.0374130927041,0.0005340963280865301
GPT 5,1452.0,1494.0,2048.5454344647646,0.0005340963280865301
GPT 5,1453.0,1494.0,2058.097791693456,0.0005340963280865301
GPT 5,1454.0,1494.0,2067.6946915166586,0.0005340963280865301
GPT 5,1455.0,1494.0,2077.33634163627,0.0005340963280865301
GPT 5,1456.0,1494.0,2087.0229507227004,0.0005340963280865301
GPT 5,1457.0,1494.0,2096.7547284193906,0.0005340963280865301
GPT 5,1458.0,1494.0,2106.531885347347,0.0005340963280865301
GPT 5,1459.0,1494.0,2116.3546331096995,0.0005340963280865301
GPT 5,1460.0,1494.0,2126.223184296284,0.0005340963280865301
GPT 5,1461.0,1494.0,2136.137752488242,0.0005340963280865301
GPT 5,1462.0,1494.0,2146.09855226264,0.0005340963280865301
GPT 5,1463.0,1494.0,2156.105799197118,0.0005340963280865301
GPT 5,1464.0,1494.0,2166.159709874557,0.0005340963280865301
GPT 5,1465.0,1494.0,2176.2605018877575,0.0005340963280865301
GPT 5,1466.0,1494.0,2186.4083938441568,0.0005340963280865301
GPT 5,1467.0,1494.0,2196.6036053705566,0.0005340963280865301
GPT 5,1468.0,1494.0,2206.8463571178777,0.0005340963280865301
GPT 5,1469.0,1494.0,2217.136870765936,0.0005340963280865301
GPT 5,1470.0,1494.0,2227.4753690282373,0.0005340963280865301
GPT 5,1471.0,1494.0,2237.8620756568007,0.0005340963280865301
GPT 5,1472.0,1494.0,2248.2972154470003,0.0005340963280865301
GPT 5,1473.0,1494.0,2258.7810142424287,0.0005340963280865301
GPT 5,1474.0,1494.0,2269.3136989397867,0.0005340963280865301
GPT 5,1475.0,1494.0,2279.8954974937933,0.0005340963280865301
GPT 5,1476.0,1494.0,2290.5266389221188,0.0005340963280865301
GPT 5,1477.0,1494.0,2301.2073533103403,0.0005340963280865301
GPT 5,1478.0,1494.0,2311.937871816929,0.0005340963280865301
GPT 5,1479.0,1494.0,2322.71842667824,0.0005340963280865301
GPT 5,1480.0,1494.0,2333.5492512135484,0.0005340963280865301
GPT 5,1481.0,1494.0,2344.430579830095,0.0005340963280865301
GPT 5,1482.0,1494.0,2355.362648028161,0.0005340963280865301
GPT 5,1483.0,1494.0,2366.345692406164,0.0005340963280865301
GPT 5,1484.0,1494.0,2377.3799506657783,0.0005340963280865301
GPT 5,1485.0,1494.0,2388.465661617082,0.0005340963280865301
GPT 5,1486.0,1494.0,2399.6030651837204,0.0005340963280865301
GPT 5,1487.0,1494.0,2410.792402408104,0.0005340963280865301
GPT 5,1488.0,1494.0,2422.0339154566223,0.0005340963280865301
GPT 5,1489.0,1494.0,2433.3278476248843,0.0005340963280865301
GPT 5,1490.0,1494.0,2444.6744433429863,0.0005340963280865301
GPT 5,1491.0,1494.0,2456.0739481807987,0.0005340963280865301
GPT 5,1492.0,1494.0,2467.5266088532894,0.0005340963280865301
GPT 5,1493.0,1494.0,2479.032673225851,0.0005340963280865301
GPT 5,1494.0,1494.0,2490.5923903196717,0.0005340963280865301
GPT 5,1495.0,1494.0,2502.206010317126,0.0005340963280865301
GPT 5,1496.0,1494.0,2513.873784567187,0.0005340963280865301
GPT 5,1497.0,1494.0,2525.595965590867,0.0005340963280865301
GPT 5,1498.0,1494.0,2537.3728070866814,0.0005340963280865301
GPT 5,1499.0,1494.0,2549.2045639361418,0.0005340963280865301
GPT 5,1500.0,1494.0,2561.091492209271,0.0005340963280865301
GPT 5,1501.0,1494.0,2573.033849170144,0.0005340963280865301
GPT 5,1502.0,1494.0,2585.0318932824584,0.0005340963280865301
GPT 5,1503.0,1494.0,2597.0858842151256,0.0005340963280865301
GPT 5,1504.0,1494.0,2609.196082847889,0.0005340963280865301
GPT 5,1505.0,1494.0,2621.362751276982,0.0005340963280865301
GPT 5,1506.0,1494.0,2633.5861528207834,0.0005340963280865301
GPT 5,1507.0,1494.0,2645.8665520255254,0.0005340963280865301
GPT 5,1508.0,1494.0,2658.2042146710196,0.0005340963280865301
GPT 5,1509.0,1494.0,2670.599407776407,0.0005340963280865301
GPT 5,1510.0,1494.0,2683.052399605938,0.0005340963280865301
GPT 5,1511.0,1494.0,2695.5634596747764,0.0005340963280865301
GPT 5,1512.0,1494.0,2708.1328587548355,0.0005340963280865301
GPT 5,1513.0,1494.0,2720.7608688806363,0.0005340963280865301
GPT 5,1514.0,1494.0,2733.4477633551946,0.0005340963280865301
GPT 5,1515.0,1494.0,2746.193816755938,0.0005340963280865301
GPT 5,1516.0,1494.0,2758.9993049406457,0.0005340963280865301
GPT 5,1517.0,1494.0,2771.864505053423,0.0005340963280865301
GPT 5,1518.0,1494.0,2784.7896955306906,0.0005340963280865301
GPT 5,1519.0,1494.0,2797.7751561072278,0.0005340963280865301
GPT 5,1520.0,1494.0,2810.821167822207,0.0005340963280865301
GPT 5,1521.0,1494.0,2823.928013025287,0.0005340963280865301
GPT 5,1522.0,1494.0,2837.0959753827215,0.0005340963280865301
GPT 5,1523.0,1494.0,2850.325339883499,0.0005340963280865301
GPT 5,1524.0,1494.0,2863.6163928455107,0.0005340963280865301
GPT 5,1525.0,1494.0,2876.9694219217463,0.0005340963280865301
GPT 5,1526.0,1494.0,2890.384716106519,0.0005340963280865301
GPT 5,1527.0,1494.0,2903.862565741723,0.0005340963280865301
GPT 5,1528.0,1494.0,2917.4032625231134,0.0005340963280865301
GPT 5,1529.0,1494.0,2931.0070995066226,0.0005340963280865301
GPT 5,1530.0,1494.0,2944.6743711147005,0.0005340963280865301
GPT 5,1531.0,1494.0,2958.405373142688,0.0005340963280865301
GPT 5,1532.0,1494.0,2972.2004027652147,0.0005340963280865301
GPT 5,1533.0,1494.0,2986.059758542643,0.0005340963280865301
GPT 5,1534.0,1494.0,2999.9837404275127,0.0005340963280865301
GPT 5,1535.0,1494.0,3013.972649771042,0.0005340963280865301
GPT 5,1536.0,1494.0,3028.026789329651,0.0005340963280865301
GPT 5,1537.0,1494.0,3042.146463271509,0.0005340963280865301
GPT 5,1538.0,1494.0,3056.3319771831216,0.0005340963280865301
GPT 5,1539.0,1494.0,3070.583638075941,0.0005340963280865301
GPT 5,1540.0,1494.0,3084.901754393015,0.0005340963280865301
GPT 5,1541.0,1494.0,3099.2866360156568,0.0005340963280865301
GPT 5,1542.0,1494.0,3113.738594270156,0.0005340963280865301
GPT 5,1543.0,1494.0,3128.2579419345166,0.0005340963280865301
GPT 5,1544.0,1494.0,3142.8449932452227,0.0005340963280865301
GPT 5,1545.0,1494.0,3157.500063904042,0.0005340963280865301
GPT 5,1546.0,1494.0,3172.223471084855,0.0005340963280865301
GPT 5,1547.0,1494.0,3187.015533440533,0.0005340963280865301
GPT 5,1548.0,1494.0,3201.876571109813,0.0005340963280865301
GPT 5,1549.0,1494.0,3216.8069057242415,0.0005340963280865301
GPT 5,1550.0,1494.0,3231.806860415131,0.0005340963280865301
GPT 5,1551.0,1494.0,3246.876759820553,0.0005340963280865301
GPT 5,1552.0,1494.0,3262.0169300923662,0.0005340963280865301
GPT 5,1553.0,1494.0,3277.2276989032725,0.0005340963280865301
GPT 5,1554.0,1494.0,3292.509395453911,0.0005340963280865301
GPT 5,1555.0,1494.0,3307.862350479981,0.0005340963280865301
GPT 5,1556.0,1494.0,3323.2868962594016,0.0005340963280865301
GPT 5,1557.0,1494.0,3338.7833666195,0.0005340963280865301
GPT 5,1558.0,1494.0,3354.352096944242,0.0005340963280865301
GPT 5,1559.0,1494.0,3369.9934241814803,0.0005340963280865301
GPT 5,1560.0,1494.0,3385.707686850267,0.0005340963280865301
GPT 5,1561.0,1494.0,3401.495225048154,0.0005340963280865301
GPT 5,1562.0,1494.0,3417.3563804585724,0.0005340963280865301
GPT 5,1563.0,1494.0,3433.2914963582193,0.0005340963280865301
GPT 5,1564.0,1494.0,3449.30091762449,0.0005340963280865301
GPT 5,1565.0,1494.0,3465.384990742942,0.0005340963280865301
GPT 5,1566.0,1494.0,3481.544063814793,0.0005340963280865301
GPT 5,1567.0,1494.0,3497.778486564454,0.0005340963280865301
GPT 5,1568.0,1494.0,3514.0886103471003,0.0005340963280865301
GPT 5,1569.0,1494.0,3530.4747881562744,0.0005340963280865301
GPT 5,1570.0,1494.0,3546.9373746315255,0.0005340963280865301
GPT 5,1571.0,1494.0,3563.476726066086,0.0005340963280865301
GPT 5,1572.0,1494.0,3580.0932004145816,0.0005340963280865301
GPT 5,1573.0,1494.0,3596.787157300774,0.0005340963280865301
GPT 5,1574.0,1494.0,3613.558958025362,0.0005340963280865301
GPT 5,1575.0,1494.0,3630.408965573774,0.0005340963280865301
GPT 5,1576.0,1494.0,3647.337544624043,0.0005340963280865301
GPT 5,1577.0,1494.0,3664.345061554694,0.0005340963280865301
GPT 5,1578.0,1494.0,3681.4318844526724,0.0005340963280865301
GPT 5,1579.0,1494.0,3698.5983831213116,0.0005340963280865301
GPT 5,1580.0,1494.0,3715.8449290883364,0.0005340963280865301
GPT 5,1581.0,1494.0,3733.171895613903,0.0005340963280865301
GPT 5,1582.0,1494.0,3750.5796576986786,0.0005340963280865301
GPT 5,1583.0,1494.0,3768.0685920919555,0.0005340963280865301
GPT 5,1584.0,1494.0,3785.6390772998066,0.0005340963280865301
GPT 5,1585.0,1494.0,3803.2914935932777,0.0005340963280865301
GPT 5,1586.0,1494.0,3821.0262230166154,0.0005340963280865301
GPT 5,1587.0,1494.0,3838.8436493955332,0.0005340963280865301
GPT 5,1588.0,1494.0,3856.7441583455343,0.0005340963280865301
GPT 5,1589.0,1494.0,3874.7281372802317,0.0005340963280865301
GPT 5,1590.0,1494.0,3892.7959754197523,0.0005340963280865301
GPT 5,1591.0,1494.0,3910.948063799153,0.0005340963280865301
GPT 5,1592.0,1494.0,3929.1847952768853,0.0005340963280865301
GPT 5,1593.0,1494.0,3947.5065645432983,0.0005340963280865301
GPT 5,1594.0,1494.0,3965.9137681291804,0.0005340963280865301
GPT 5,1595.0,1494.0,3984.4068044143405,0.0005340963280865301
GPT 5,1596.0,1494.0,4002.9860736362307,0.0005340963280865301
GPT 5,1597.0,1494.0,4021.651977898608,0.0005340963280865301
GPT 5,1598.0,1494.0,4040.404921180239,0.0005340963280865301
GPT 5,1599.0,1494.0,4059.2453093436384,0.0005340963280865301
GPT 5,1600.0,1494.0,4078.1735501438543,0.0005340963280865301
GPT 5,1601.0,1494.0,4097.190053237306,0.0005340963280865301
GPT 5,1602.0,1494.0,4116.295230190625,0.0005340963280865301
GPT 5,1603.0,1494.0,4135.489494489583,0.0005340963280865301
GPT 5,1604.0,1494.0,4154.773261548031,0.0005340963280865301
GPT 5,1605.0,1494.0,4174.146948716893,0.0005340963280865301
GPT 5,1606.0,1494.0,4193.610975293201,0.0005340963280865301
GPT 5,1607.0,1494.0,4213.165762529164,0.0005340963280865301
GPT 5,1608.0,1494.0,4232.811733641289,0.0005340963280865301
GPT 5,1609.0,1494.0,4252.54931381954,0.0005340963280865301
GPT 5,1610.0,1494.0,4272.378930236539,0.0005340963280865301
GPT 5,1611.0,1494.0,4292.301012056812,0.0005340963280865301
GPT 5,1612.0,1494.0,4312.315990446078,0.0005340963280865301
GPT 5,1613.0,1494.0,4332.424298580577,0.0005340963280865301
GPT 5,1614.0,1494.0,4352.626371656446,0.0005340963280865301
GPT 5,1615.0,1494.0,4372.922646899152,0.0005340963280865301
GPT 5,1616.0,1494.0,4393.313563572929,0.0005340963280865301
GPT 5,1617.0,1494.0,4413.7995629903,0.0005340963280865301
GPT 5,1618.0,1494.0,4434.38108852163,0.0005340963280865301
GPT 5,1619.0,1494.0,4455.058585604715,0.0005340963280865301
GPT 5,1620.0,1494.0,4475.832501754426,0.0005340963280865301
GPT 5,1621.0,1494.0,4496.703286572394,0.0005340963280865301
GPT 5,1622.0,1494.0,4517.671391756741,0.0005340963280865301
GPT 5,1623.0,1494.0,4538.737271111853,0.0005340963280865301
GPT 5,1624.0,1494.0,4559.901380558204,0.0005340963280865301
GPT 5,1625.0,1494.0,4581.164178142226,0.0005340963280865301
GPT 5,1626.0,1494.0,4602.526124046215,0.0005340963280865301
GPT 5,1627.0,1494.0,4623.987680598297,0.0005340963280865301
GPT 5,1628.0,1494.0,4645.5493122824255,0.0005340963280865301
GPT 5,1629.0,1494.0,4667.211485748458,0.0005340963280865301
GPT 5,1630.0,1494.0,4688.974669822219,0.0005340963280865301
GPT 5,1631.0,1494.0,4710.839335515675,0.0005340963280865301
GPT 5,1632.0,1494.0,4732.805956037116,0.0005340963280865301
GPT 5,1633.0,1494.0,4754.8750068014,0.0005340963280865301
GPT 5,1634.0,1494.0,4777.046965440243,0.0005340963280865301
GPT 5,1635.0,1494.0,4799.322311812555,0.0005340963280865301
GPT 5,1636.0,1494.0,4821.701528014826,0.0005340963280865301
GPT 5,1637.0,1494.0,4844.18509839156,0.0005340963280865301
GPT 5,1638.0,1494.0,4866.773509545756,0.0005340963280865301
GPT 5,1639.0,1494.0,4889.467250349439,0.0005340963280865301
GPT 5,1640.0,1494.0,4912.266811954246,0.0005340963280865301
GPT 5,1641.0,1494.0,4935.172687802044,0.0005340963280865301
