id,family,method,closure,anchor,N,k0,row_type,status,stop_flops,log10_stop_flops,stop_fraction_N,remaining_flops,log10_remaining_flops,exact_threshold_flops,log10_exact_threshold_flops,exact_threshold_status,divergence_flops,log10_divergence_flops,b,p,research_compute_growth_proxy,hardware_efficiency_growth,probability_finite_stop,probability_positive_slope,conditional_stop_flops_q05,conditional_stop_flops_q50,conditional_stop_flops_q95,conditional_threshold_flops_q05,conditional_threshold_flops_q50,conditional_threshold_flops_q95,source_file,source_pointer,notes
method_0001,stockfish_tests,power,raw_proxy,2023-06-22,1e+120,3.1622776601683794e-28,point_fit,finite_optimum,4.80404419904512e+119,119.68160699442468,0.480404419904512,5.195955800954905e+119,119.71566544812019,9.245737229254749e+119,119.96594154630449,within_budget,,,1.0815795162724895,0.9245737229254842,,,,,,,,,,,stockfish/stopping_results.json,/fits/0/raw_proxy,
method_0002,stockfish_tests,power,recursive_proxy,2023-06-22,1e+120,3.1622776601683794e-28,point_fit,finite_optimum,9.245737229254842e+119,119.96594154630449,0.9245737229254842,7.542627707451562e+118,118.87752267213466,1.2257979033116854e+121,121.08841887416983,beyond_budget,,,0.0815795162724895,0.9245737229254842,,,,,,,,,,,stockfish/stopping_results.json,/fits/0/recursive_proxy,
method_0003,stockfish_tests,shifted_power,raw_proxy,2023-06-22,1e+120,3.1622776601683794e-28,point_fit,finite_optimum,6.253883724294609e+119,119.79614980233598,0.6253883724294609,3.746116275705336e+119,119.57358125331511,1.669431289373668e+120,120.22256854902085,beyond_budget,,,0.59900638400947,1.669431289373688,,,,,,,,,,,stockfish/stopping_results.json,/fits/1/raw_proxy,
method_0004,stockfish_tests,shifted_power,recursive_proxy,2023-06-22,1e+120,3.1622776601683794e-28,point_fit,no_finite_maximizer,,,,,,,,never,7.886104750962095e+27,27.896862541499907,-0.40099361599052996,1.669431289373688,,,,,,,,,,,stockfish/stopping_results.json,/fits/1/recursive_proxy,Utility unbounded as a finite research singularity is approached; no downward 1e-120 crossing
method_0005,stockfish_tests,logarithmic,raw_proxy,2023-06-22,1e+120,3.1622776601683794e-28,point_fit,tail_unidentified,,,,,,,,unidentified,,,,,,,,,,,,,,,stockfish/stopping_results.json,/fits/2,Logarithmic fits run to linear-efficiency limit; free hyperbolic-ceiling fits run toward shifted-power limit. Finite tail parameters are optimizer-bound-dependent.
method_0006,stockfish_tests,logarithmic,recursive_proxy,2023-06-22,1e+120,3.1622776601683794e-28,point_fit,tail_unidentified,,,,,,,,unidentified,,,,,,,,,,,,,,,stockfish/stopping_results.json,/fits/2,Logarithmic fits run to linear-efficiency limit; free hyperbolic-ceiling fits run toward shifted-power limit. Finite tail parameters are optimizer-bound-dependent.
method_0007,stockfish_tests,exponential,raw_proxy,2023-06-22,1e+120,3.1622776601683794e-28,point_fit,finite_optimum,1e+120,120.0,1.0,3.1622776601683794e+27,27.5,,,never,,,0,,,,,,,,,,,,stockfish/stopping_results.json,/fits/3/raw_proxy,stop is N minus the explicitly reported reserve
method_0008,stockfish_tests,exponential,recursive_proxy,2023-06-22,1e+120,3.1622776601683794e-28,point_fit,no_finite_maximizer,,,,,,,,never,3.1622776601683794e+27,27.5,-1,,,,,,,,,,,,stockfish/stopping_results.json,/fits/3/recursive_proxy,Utility unbounded at finite research singularity; k increases
method_0009,stockfish_tests,stretched_exponential,raw_proxy,2023-06-22,1e+120,3.1622776601683794e-28,point_fit,finite_optimum,1e+120,120.0,1.0,6.531091936914637e+85,85.81498579728299,1.036811430236966e+174,174.01569977639446,beyond_budget,,,,,,,,,,,,,,,stockfish/stopping_results.json,/fits/4/raw_proxy,stop is N minus the explicitly reported reserve
method_0010,stockfish_tests,stretched_exponential,recursive_proxy,2023-06-22,1e+120,3.1622776601683794e-28,point_fit,no_finite_maximizer,,,,,,,,never,4.141904786469607e+27,27.617200111171115,,,,,,,,,,,,,stockfish/stopping_results.json,/fits/4/recursive_proxy,Utility unbounded at finite research singularity; eventual k increases
method_0011,stockfish_tests,exp_ceiling,raw_proxy,2023-06-22,1e+120,3.1622776601683794e-28,point_fit,finite_optimum,3.192582581215618e+29,29.504142139796816,3.192582581215618e-91,1e+120,120.0,3.192582581215618e+29,29.504142139796816,within_budget,,,,,,,,,,,,,,,stockfish/stopping_results.json,/fits/5/raw_proxy,x/N negligible; exact threshold and economic stop agree at shown precision
method_0012,stockfish_tests,exp_ceiling,recursive_proxy,2023-06-22,1e+120,3.1622776601683794e-28,point_fit,finite_optimum,1.9968224944645847e+29,29.300339460413596,1.9968224944645848e-91,1e+120,120.0,1.9968224944645847e+29,29.300339460413596,within_budget,,,,,,,,,,,,,,,stockfish/stopping_results.json,/fits/5/recursive_proxy,x/N negligible; exact threshold and economic stop agree at shown precision
method_0013,stockfish_tests,hyperbolic_ceiling,raw_proxy,2023-06-22,1e+120,3.1622776601683794e-28,point_fit,tail_unidentified,,,,,,,,unidentified,,,,,,,,,,,,,,,stockfish/stopping_results.json,/fits/6,Logarithmic fits run to linear-efficiency limit; free hyperbolic-ceiling fits run toward shifted-power limit. Finite tail parameters are optimizer-bound-dependent.
method_0014,stockfish_tests,hyperbolic_ceiling,recursive_proxy,2023-06-22,1e+120,3.1622776601683794e-28,point_fit,tail_unidentified,,,,,,,,unidentified,,,,,,,,,,,,,,,stockfish/stopping_results.json,/fits/6,Logarithmic fits run to linear-efficiency limit; free hyperbolic-ceiling fits run toward shifted-power limit. Finite tail parameters are optimizer-bound-dependent.
method_0015,stockfish_tests,linear_efficiency,raw_proxy,2023-06-22,1e+120,3.1622776601683794e-28,point_fit,finite_optimum,5e+119,119.69897000433602,0.5,4.999999999999999e+119,119.69897000433602,1e+120,120.0,within_budget,,,1.0,1.0,,,,,,,,,,,stockfish/stopping_results.json,/fits/7/raw_proxy,
method_0016,stockfish_tests,linear_efficiency,recursive_proxy,2023-06-22,1e+120,3.1622776601683794e-28,point_fit,finite_optimum,1e+120,120.0,1.0,3.1622776601683794e+27,27.5,,,never,,,0.0,1.0,,,,,,,,,,,stockfish/stopping_results.json,/fits/7/recursive_proxy,stop is N minus the explicitly reported reserve
method_0017,stockfish_tests,hyperbolic_ceiling_p1,raw_proxy,2023-06-22,1e+120,3.1622776601683794e-28,point_fit,finite_optimum,1.0658511351556946e+74,74.02769655206855,1.0658511351556946e-46,1e+120,120.0,1.0658511351556946e+74,74.02769655206855,within_budget,,,,,,,,,,,,,,,stockfish/stopping_results.json,/fits/8/raw_proxy,x/N negligible; exact threshold and economic stop agree at shown precision
method_0018,stockfish_tests,hyperbolic_ceiling_p1,recursive_proxy,2023-06-22,1e+120,3.1622776601683794e-28,point_fit,finite_optimum,4.131614278243758e+73,73.61611976961196,4.131614278243758e-47,1e+120,120.0,4.131614278243758e+73,73.61611976961196,within_budget,,,,,,,,,,,,,,,stockfish/stopping_results.json,/fits/8/recursive_proxy,x/N negligible; exact threshold and economic stop agree at shown precision
method_0019,stockfish_tests,hyperbolic_ceiling_p2,raw_proxy,2023-06-22,1e+120,3.1622776601683794e-28,point_fit,finite_optimum,4.9858221717698236e+58,58.69773678455758,4.985822171769824e-62,1e+120,120.0,4.9858221717698236e+58,58.69773678455758,within_budget,,,,,,,,,,,,,,,stockfish/stopping_results.json,/fits/9/raw_proxy,x/N negligible; exact threshold and economic stop agree at shown precision
method_0020,stockfish_tests,hyperbolic_ceiling_p2,recursive_proxy,2023-06-22,1e+120,3.1622776601683794e-28,point_fit,finite_optimum,2.305260691520495e+58,58.36272004490441,2.305260691520495e-62,1e+120,120.0,2.305260691520495e+58,58.36272004490441,within_budget,,,,,,,,,,,,,,,stockfish/stopping_results.json,/fits/9/recursive_proxy,x/N negligible; exact threshold and economic stop agree at shown precision
method_0021,vision_training,vision_OLS_all,raw_proxy_power,2019-05-28,1e+120,3.1622776601683794e-28,point_fit,finite_optimum,3.0234246943531113e+119,119.48049915593049,0.3023424694353111,6.976575305646889e+119,119.84364228639782,4.3336802971307855e+119,119.63685686953266,within_budget,,,2.3075075488657375,0.43336802971307853,3.4,,,,,,,,,,vision_lm/results.json,/vision/0/projections/aggregate_AI_compute_3.4x,"Proxy: aggregate_AI_compute_3.4x. Calendar-to-input conversion assumes exponential research input, allocation/utilization stability and benchmark transfer."
method_0022,vision_training,vision_OLS_all,raw_proxy_power,2019-05-28,1e+120,3.1622776601683794e-28,point_fit,finite_optimum,2.478499608280796e+119,119.39418885460228,0.2478499608280796,7.521500391719205e+119,119.87630448245974,3.295219675863475e+119,119.51788437214253,within_budget,,,3.0346990439657446,0.32952196758634755,5.0,,,,,,,,,,vision_lm/results.json,/vision/0/projections/frontier_training_compute_5x,"Proxy: frontier_training_compute_5x. Calendar-to-input conversion assumes exponential research input, allocation/utilization stability and benchmark transfer."
method_0023,vision_training,vision_OLS_all,raw_proxy_power,2019-05-28,1e+120,3.1622776601683794e-28,point_fit,finite_optimum,2.731862012625415e+119,119.43645875918637,0.2731862012625415,7.268137987374585e+119,119.86142316390107,3.758682096254786e+119,119.5750355952853,within_budget,,,2.6605069925876856,0.3758682096254786,4.1,,,,,,,,,,vision_lm/results.json,/vision/0/projections/historically_overlapping_notable_training_compute_4.1x,"Proxy: historically_overlapping_notable_training_compute_4.1x. Calendar-to-input conversion assumes exponential research input, allocation/utilization stability and benchmark transfer."
method_0024,vision_training,vision_OLS_first3,raw_proxy_power,historical third observation; pure power result invariant to anchor after k0 reset,1e+120,3.1622776601683794e-28,point_fit,finite_optimum,2.860571469983357e+119,119.4564528028731,0.2860571469983357,7.139428530016643e+119,119.8536634504046,4.006723308394388e+119,119.6027893524685,within_budget,,,2.49580498335117,0.40067233083943876,3.4,,,,,,,,,,vision_lm/results.json,/vision/1/projections/aggregate_AI_compute_3.4x,"Proxy: aggregate_AI_compute_3.4x. Calendar-to-input conversion assumes exponential research input, allocation/utilization stability and benchmark transfer."
method_0025,vision_training,vision_OLS_first3,raw_proxy_power,historical third observation; pure power result invariant to anchor after k0 reset,1e+120,3.1622776601683794e-28,point_fit,finite_optimum,2.335173624452858e+119,119.36831917669592,0.23351736244528581,7.664826375547141e+119,119.88450232161755,3.046609942663137e+119,119.48381685507837,within_budget,,,3.28233682296024,0.3046609942663137,5.0,,,,,,,,,,vision_lm/results.json,/vision/1/projections/frontier_training_compute_5x,"Proxy: frontier_training_compute_5x. Calendar-to-input conversion assumes exponential research input, allocation/utilization stability and benchmark transfer."
method_0026,vision_training,vision_OLS_first3,raw_proxy_power,historical third observation; pure power result invariant to anchor after k0 reset,1e+120,3.1622776601683794e-28,point_fit,finite_optimum,2.5789081958696326e+119,119.4114358823718,0.25789081958696325,7.421091804130368e+119,119.87046780415065,3.475106175663109e+119,119.54096807822114,within_budget,,,2.877609918808259,0.34751061756631096,4.1,,,,,,,,,,vision_lm/results.json,/vision/1/projections/historically_overlapping_notable_training_compute_4.1x,"Proxy: historically_overlapping_notable_training_compute_4.1x. Calendar-to-input conversion assumes exponential research input, allocation/utilization stability and benchmark transfer."
method_0027,vision_training,vision_OLS_last3,raw_proxy_power,2019-05-28,1e+120,3.1622776601683794e-28,point_fit,finite_optimum,2.4908062527927622e+119,119.3963399472814,0.24908062527927624,7.509193747207238e+119,119.87559330984892,3.317008904876272e+119,119.52074663743248,within_budget,,,3.01476429119596,0.3317008904876272,3.4,,,,,,,,,,vision_lm/results.json,/vision/2/projections/aggregate_AI_compute_3.4x,"Proxy: aggregate_AI_compute_3.4x. Calendar-to-input conversion assumes exponential research input, allocation/utilization stability and benchmark transfer."
method_0028,vision_training,vision_OLS_last3,raw_proxy_power,2019-05-28,1e+120,3.1622776601683794e-28,point_fit,finite_optimum,2.0141628807229895e+119,119.30409458803433,0.20141628807229894,7.985837119277011e+119,119.90232044799198,2.522168747796023e+119,119.40177414004236,within_budget,,,3.9648417691078044,0.2522168747796023,5.0,,,,,,,,,,vision_lm/results.json,/vision/2/projections/frontier_training_compute_5x,"Proxy: frontier_training_compute_5x. Calendar-to-input conversion assumes exponential research input, allocation/utilization stability and benchmark transfer."
method_0029,vision_training,vision_OLS_last3,raw_proxy_power,2019-05-28,1e+120,3.1622776601683794e-28,point_fit,finite_optimum,2.2341581210667842e+119,119.34911390677271,0.22341581210667844,7.765841878933216e+119,119.89018854358758,2.8769039543896657e+119,119.45892536318513,within_budget,,,3.4759589331238194,0.2876903954389666,4.1,,,,,,,,,,vision_lm/results.json,/vision/2/projections/historically_overlapping_notable_training_compute_4.1x,"Proxy: historically_overlapping_notable_training_compute_4.1x. Calendar-to-input conversion assumes exponential research input, allocation/utilization stability and benchmark transfer."
method_0030,vision_training,vision_Theil_Sen_all,raw_proxy_power,2019-05-28,1e+120,3.1622776601683794e-28,point_fit,finite_optimum,3.0796254199347466e+119,119.48849789573798,0.30796254199347467,6.920374580065252e+119,119.84012960221003,4.4500848679576936e+119,119.64836829352795,within_budget,,,2.247148154859654,0.4450084867957694,3.4,,,,,,,,,,vision_lm/results.json,/vision/3/projections/aggregate_AI_compute_3.4x,"Proxy: aggregate_AI_compute_3.4x. Calendar-to-input conversion assumes exponential research input, allocation/utilization stability and benchmark transfer."
method_0031,vision_training,vision_Theil_Sen_all,raw_proxy_power,2019-05-28,1e+120,3.1622776601683794e-28,point_fit,finite_optimum,2.5282417898579324e+119,119.40281860559914,0.25282417898579324,7.471758210142067e+119,119.87342280946132,3.38373073479028e+119,119.52939579613782,within_budget,,,2.95531789724982,0.338373073479028,5.0,,,,,,,,,,vision_lm/results.json,/vision/3/projections/frontier_training_compute_5x,"Proxy: frontier_training_compute_5x. Calendar-to-input conversion assumes exponential research input, allocation/utilization stability and benchmark transfer."
method_0032,vision_training,vision_Theil_Sen_all,raw_proxy_power,2019-05-28,1e+120,3.1622776601683794e-28,point_fit,finite_optimum,2.7848063981747443e+119,119.44479500808174,0.27848063981747445,7.215193601825256e+119,119.85824798880115,3.859641960917392e+119,119.5865470192806,within_budget,,,2.5909138985583824,0.3859641960917392,4.1,,,,,,,,,,vision_lm/results.json,/vision/3/projections/historically_overlapping_notable_training_compute_4.1x,"Proxy: historically_overlapping_notable_training_compute_4.1x. Calendar-to-input conversion assumes exponential research input, allocation/utilization stability and benchmark transfer."
method_0033,language_model_training,LM_nonlinear_OLS,raw_proxy_power,2023-05-23,1e+120,3.1622776601683794e-28,point_fit,finite_optimum,4.325257352339406e+119,119.63601195304379,0.4325257352339406,5.6747426476605936e+119,119.75394617084574,7.621944501963429e+119,119.88206578219805,within_budget,,,1.3120011563222453,0.7621944501963429,3.4,,,,,,,,,,vision_lm/results.json,/language_models/0/projections/aggregate_AI_compute_3.4x,"Proxy: aggregate_AI_compute_3.4x. Calendar-to-input conversion assumes exponential research input, allocation/utilization stability and benchmark transfer."
method_0034,language_model_training,LM_nonlinear_OLS,raw_proxy_power,2023-05-23,1e+120,3.1622776601683794e-28,point_fit,finite_optimum,3.669095667680565e+119,119.56455903566004,0.3669095667680565,6.3309043323194346e+119,119.80146575085212,5.795531688813768e+119,119.76309328480792,within_budget,,,1.7254672283651693,0.5795531688813768,5.0,,,,,,,,,,vision_lm/results.json,/language_models/0/projections/frontier_training_compute_5x,"Proxy: frontier_training_compute_5x. Calendar-to-input conversion assumes exponential research input, allocation/utilization stability and benchmark transfer."
method_0035,language_model_training,LM_nonlinear_OLS,raw_proxy_power,2023-05-23,1e+120,3.1622776601683794e-28,point_fit,finite_optimum,3.979767890429018e+119,119.59985774372058,0.3979767890429018,6.020232109570982e+119,119.77961323576989,6.610655233877067e+119,119.82024450795069,within_budget,,,1.512709352736147,0.6610655233877066,4.1,,,,,,,,,,vision_lm/results.json,/language_models/0/projections/historically_overlapping_notable_training_compute_4.1x,"Proxy: historically_overlapping_notable_training_compute_4.1x. Calendar-to-input conversion assumes exponential research input, allocation/utilization stability and benchmark transfer."
method_0036,language_model_training,LM_nonlinear_soft_L1,raw_proxy_power,2023-05-23,1e+120,3.1622776601683794e-28,point_fit,finite_optimum,4.2938717656515825e+119,119.63284907030481,0.42938717656515824,5.706128234348417e+119,119.75634152737085,7.525017996974442e+119,119.87650754293396,within_budget,,,1.3289004762540986,0.7525017996974442,3.4,,,,,,,,,,vision_lm/results.json,/language_models/1/projections/aggregate_AI_compute_3.4x,"Proxy: aggregate_AI_compute_3.4x. Calendar-to-input conversion assumes exponential research input, allocation/utilization stability and benchmark transfer."
method_0037,language_model_training,LM_nonlinear_soft_L1,raw_proxy_power,2023-05-23,1e+120,3.1622776601683794e-28,point_fit,finite_optimum,3.639417801244372e+119,119.56103191498703,0.36394178012443723,6.360582198755628e+119,119.8034968694432,5.721831253051617e+119,119.75753504554383,within_budget,,,1.747692226097495,0.5721831253051617,5.0,,,,,,,,,,vision_lm/results.json,/language_models/1/projections/frontier_training_compute_5x,"Proxy: frontier_training_compute_5x. Calendar-to-input conversion assumes exponential research input, allocation/utilization stability and benchmark transfer."
method_0038,language_model_training,LM_nonlinear_soft_L1,raw_proxy_power,2023-05-23,1e+120,3.1622776601683794e-28,point_fit,finite_optimum,3.949144639976607e+119,119.59650304034413,0.3949144639976607,6.050855360023393e+119,119.78181677165752,6.526589060561084e+119,119.81468626868661,within_budget,,,1.5321939082128009,0.6526589060561084,4.1,,,,,,,,,,vision_lm/results.json,/language_models/1/projections/historically_overlapping_notable_training_compute_4.1x,"Proxy: historically_overlapping_notable_training_compute_4.1x. Calendar-to-input conversion assumes exponential research input, allocation/utilization stability and benchmark transfer."
method_0039,language_model_training,LM_nonlinear_post2017,raw_proxy_power,2023-05-23,1e+120,3.1622776601683794e-28,point_fit,finite_optimum,3.81474324590461e+119,119.58146531276553,0.381474324590461,6.18525675409539e+119,119.79135773219028,6.1674775964292635e+119,119.79010758057527,within_budget,,,1.6214084029733034,0.6167477596429264,3.4,,,,,,,,,,vision_lm/results.json,/language_models/2/projections/aggregate_AI_compute_3.4x,"Proxy: aggregate_AI_compute_3.4x. Calendar-to-input conversion assumes exponential research input, allocation/utilization stability and benchmark transfer."
method_0040,language_model_training,LM_nonlinear_post2017,raw_proxy_power,2023-05-23,1e+120,3.1622776601683794e-28,point_fit,finite_optimum,3.1924591021609954e+119,119.50412534232713,0.31924591021609955,6.807540897839005e+119,119.832990259142,4.689592247876784e+119,119.67113508318513,within_budget,,,2.132381552901003,0.4689592247876784,5.0,,,,,,,,,,vision_lm/results.json,/language_models/2/projections/frontier_training_compute_5x,"Proxy: frontier_training_compute_5x. Calendar-to-input conversion assumes exponential research input, allocation/utilization stability and benchmark transfer."
method_0041,language_model_training,LM_nonlinear_post2017,raw_proxy_power,2023-05-23,1e+120,3.1622776601683794e-28,point_fit,finite_optimum,3.48498925100551e+119,119.54220144291145,0.348498925100551,6.51501074899449e+119,119.81391513658355,5.349168842957588e+119,119.7282863063279,within_budget,,,1.869449309525055,0.5349168842957588,4.1,,,,,,,,,,vision_lm/results.json,/language_models/2/projections/historically_overlapping_notable_training_compute_4.1x,"Proxy: historically_overlapping_notable_training_compute_4.1x. Calendar-to-input conversion assumes exponential research input, allocation/utilization stability and benchmark transfer."
method_0042,language_model_training,LM_nonlinear_pre2020_training_only,raw_proxy_power,pre-2020 training subset; pure power result invariant to anchor after k0 reset,1e+120,3.1622776601683794e-28,point_fit,finite_optimum,5.346587774973633e+119,119.72807670103401,0.5346587774973633,4.6534122250263666e+119,119.66777152644782,1.1489607016157565e+120,120.0603051745862,beyond_budget,,,0.8703517871357335,1.1489607016157566,3.4,,,,,,,,,,vision_lm/results.json,/language_models/3/projections/aggregate_AI_compute_3.4x,"Proxy: aggregate_AI_compute_3.4x. Calendar-to-input conversion assumes exponential research input, allocation/utilization stability and benchmark transfer."
method_0043,language_model_training,LM_nonlinear_pre2020_training_only,raw_proxy_power,pre-2020 training subset; pure power result invariant to anchor after k0 reset,1e+120,3.1622776601683794e-28,point_fit,finite_optimum,4.662796371300438e+119,119.66864644982044,0.46627963713004383,5.337203628699562e+119,119.72731377262437,8.73640335966824e+119,119.94133267719607,within_budget,,,1.14463579442373,0.8736403359668241,5.0,,,,,,,,,,vision_lm/results.json,/language_models/3/projections/frontier_training_compute_5x,"Proxy: frontier_training_compute_5x. Calendar-to-input conversion assumes exponential research input, allocation/utilization stability and benchmark transfer."
method_0044,language_model_training,LM_nonlinear_pre2020_training_only,raw_proxy_power,pre-2020 training subset; pure power result invariant to anchor after k0 reset,1e+120,3.1622776601683794e-28,point_fit,finite_optimum,4.9912726376649644e+119,119.69821129292755,0.49912726376649647,5.0087273623350354e+119,119.69972739258871,9.965151377970125e+119,119.99848390033884,within_budget,,,1.0034970489366488,0.9965151377970125,4.1,,,,,,,,,,vision_lm/results.json,/language_models/3/projections/historically_overlapping_notable_training_compute_4.1x,"Proxy: historically_overlapping_notable_training_compute_4.1x. Calendar-to-input conversion assumes exponential research input, allocation/utilization stability and benchmark transfer."
method_0045,vision_floor_profile,floor_fraction_0,raw_proxy_power,2019-05-28,1e+120,3.1622776601683794e-28,point_fit,finite_optimum,3.0234246943566454e+119,119.480499155931,0.30234246943566456,6.976575305643354e+119,119.84364228639761,4.333680297138048e+119,119.63685686953339,within_budget,,,2.3075075488618704,0.43336802971380484,3.4,,,,,,,,,,vision_lm/results.json,/vision_floor_profile/0/projections/aggregate_AI_compute_3.4x,Proxy: aggregate_AI_compute_3.4x. Fixed floor profile fraction of final observed compute=0; finite ceiling is a sensitivity assumption.
method_0046,vision_floor_profile,floor_fraction_0,raw_proxy_power,2019-05-28,1e+120,3.1622776601683794e-28,point_fit,finite_optimum,2.47849960828392e+119,119.39418885460282,0.24784996082839203,7.52150039171608e+119,119.87630448245956,3.2952196758689984e+119,119.51788437214326,within_budget,,,3.0346990439606585,0.32952196758689983,5.0,,,,,,,,,,vision_lm/results.json,/vision_floor_profile/0/projections/frontier_training_compute_5x,Proxy: frontier_training_compute_5x. Fixed floor profile fraction of final observed compute=0; finite ceiling is a sensitivity assumption.
method_0047,vision_floor_profile,floor_fraction_0,raw_proxy_power,2019-05-28,1e+120,3.1622776601683794e-28,point_fit,finite_optimum,2.7318620126287423e+119,119.43645875918689,0.27318620126287424,7.268137987371258e+119,119.86142316390087,3.758682096261086e+119,119.57503559528602,within_budget,,,2.660506992583227,0.37586820962610856,4.1,,,,,,,,,,vision_lm/results.json,/vision_floor_profile/0/projections/historically_overlapping_notable_training_compute_4.1x,Proxy: historically_overlapping_notable_training_compute_4.1x. Fixed floor profile fraction of final observed compute=0; finite ceiling is a sensitivity assumption.
method_0048,vision_floor_profile,floor_fraction_0.001,raw_proxy_compute_floor,2019-05-28,1e+120,3.1622776601683794e-28,point_fit,finite_optimum,5.772995521325418e+93,93.76140122057426,5.772995521325418e-27,1e+120,120.0,5.772995521325606e+93,93.76140122057427,within_budget,,,,0.43346897728101336,3.4,,,,,,,,,,vision_lm/results.json,/vision_floor_profile/1/projections/aggregate_AI_compute_3.4x,Proxy: aggregate_AI_compute_3.4x. Fixed floor profile fraction of final observed compute=0.001; finite ceiling is a sensitivity assumption.
method_0049,vision_floor_profile,floor_fraction_0.001,raw_proxy_compute_floor,2019-05-28,1e+120,3.1622776601683794e-28,point_fit,finite_optimum,7.034998166598703e+98,98.84726398858865,7.034998166598704e-22,1e+120,120.0,7.034998166600315e+98,98.84726398858875,within_budget,,,,0.32959872553554603,5.0,,,,,,,,,,vision_lm/results.json,/vision_floor_profile/1/projections/frontier_training_compute_5x,Proxy: frontier_training_compute_5x. Fixed floor profile fraction of final observed compute=0.001; finite ceiling is a sensitivity assumption.
method_0050,vision_floor_profile,floor_fraction_0.001,raw_proxy_compute_floor,2019-05-28,1e+120,3.1622776601683794e-28,point_fit,finite_optimum,3.0508126193064735e+96,96.48441553412543,3.0508126193064734e-24,1e+120,120.0,3.050812619306673e+96,96.48441553412546,within_budget,,,,0.3759557633420064,4.1,,,,,,,,,,vision_lm/results.json,/vision_floor_profile/1/projections/historically_overlapping_notable_training_compute_4.1x,Proxy: historically_overlapping_notable_training_compute_4.1x. Fixed floor profile fraction of final observed compute=0.001; finite ceiling is a sensitivity assumption.
method_0051,vision_floor_profile,floor_fraction_0.01,raw_proxy_compute_floor,2019-05-28,1e+120,3.1622776601683794e-28,point_fit,finite_optimum,1.0463519094452776e+93,93.01967777117277,1.0463519094452776e-27,1e+120,120.0,1.0463519094453118e+93,93.01967777117278,within_budget,,,,0.4343789172345772,3.4,,,,,,,,,,vision_lm/results.json,/vision_floor_profile/2/projections/aggregate_AI_compute_3.4x,Proxy: aggregate_AI_compute_3.4x. Fixed floor profile fraction of final observed compute=0.01; finite ceiling is a sensitivity assumption.
method_0052,vision_floor_profile,floor_fraction_0.01,raw_proxy_compute_floor,2019-05-28,1e+120,3.1622776601683794e-28,point_fit,finite_optimum,1.137496301131783e+98,98.05594999310878,1.137496301131783e-22,1e+120,120.0,1.1374963011318202e+98,98.0559499931088,within_budget,,,,0.33029062060699904,5.0,,,,,,,,,,vision_lm/results.json,/vision_floor_profile/2/projections/frontier_training_compute_5x,Proxy: frontier_training_compute_5x. Fixed floor profile fraction of final observed compute=0.01; finite ceiling is a sensitivity assumption.
method_0053,vision_floor_profile,floor_fraction_0.01,raw_proxy_compute_floor,2019-05-28,1e+120,3.1622776601683794e-28,point_fit,finite_optimum,5.2001052955794033e+95,95.71601213763982,5.200105295579403e-25,1e+120,120.0,5.2001052955795734e+95,95.71601213763984,within_budget,,,,0.376744971307899,4.1,,,,,,,,,,vision_lm/results.json,/vision_floor_profile/2/projections/historically_overlapping_notable_training_compute_4.1x,Proxy: historically_overlapping_notable_training_compute_4.1x. Fixed floor profile fraction of final observed compute=0.01; finite ceiling is a sensitivity assumption.
method_0054,vision_floor_profile,floor_fraction_0.03,raw_proxy_compute_floor,2019-05-28,1e+120,3.1622776601683794e-28,point_fit,finite_optimum,3.8833788561690023e+92,92.58920976168112,3.8833788561690022e-28,1e+120,120.0,3.8833788561690023e+92,92.58920976168112,within_budget,,,,0.4364101070577021,3.4,,,,,,,,,,vision_lm/results.json,/vision_floor_profile/3/projections/aggregate_AI_compute_3.4x,Proxy: aggregate_AI_compute_3.4x. Fixed floor profile fraction of final observed compute=0.03; finite ceiling is a sensitivity assumption.
method_0055,vision_floor_profile,floor_fraction_0.03,raw_proxy_compute_floor,2019-05-28,1e+120,3.1622776601683794e-28,point_fit,finite_optimum,4.076659247227907e+97,97.61030441191002,4.0766592472279075e-23,1e+120,120.0,4.076659247228307e+97,97.61030441191006,within_budget,,,,0.3318350854063536,5.0,,,,,,,,,,vision_lm/results.json,/vision_floor_profile/3/projections/frontier_training_compute_5x,Proxy: frontier_training_compute_5x. Fixed floor profile fraction of final observed compute=0.03; finite ceiling is a sensitivity assumption.
method_0056,vision_floor_profile,floor_fraction_0.03,raw_proxy_compute_floor,2019-05-28,1e+120,3.1622776601683794e-28,point_fit,finite_optimum,1.8927710236729035e+95,95.2770980787445,1.8927710236729036e-25,1e+120,120.0,1.8927710236729035e+95,95.2770980787445,within_budget,,,,0.37850666028789354,4.1,,,,,,,,,,vision_lm/results.json,/vision_floor_profile/3/projections/historically_overlapping_notable_training_compute_4.1x,Proxy: historically_overlapping_notable_training_compute_4.1x. Fixed floor profile fraction of final observed compute=0.03; finite ceiling is a sensitivity assumption.
method_0057,vision_floor_profile,floor_fraction_0.1,raw_proxy_compute_floor,2019-05-28,1e+120,3.1622776601683794e-28,point_fit,finite_optimum,7.615814510206273e+91,91.88171635788497,7.615814510206273e-29,1e+120,120.0,7.615814510206273e+91,91.88171635788497,within_budget,,,,0.4436174090602616,3.4,,,,,,,,,,vision_lm/results.json,/vision_floor_profile/4/projections/aggregate_AI_compute_3.4x,Proxy: aggregate_AI_compute_3.4x. Fixed floor profile fraction of final observed compute=0.1; finite ceiling is a sensitivity assumption.
method_0058,vision_floor_profile,floor_fraction_0.1,raw_proxy_compute_floor,2019-05-28,1e+120,3.1622776601683794e-28,point_fit,finite_optimum,8.164931919722474e+96,96.9119525678832,8.164931919722474e-24,1e+120,120.0,8.164931919722474e+96,96.9119525678832,within_budget,,,,0.3373153335419736,5.0,,,,,,,,,,vision_lm/results.json,/vision_floor_profile/4/projections/frontier_training_compute_5x,Proxy: frontier_training_compute_5x. Fixed floor profile fraction of final observed compute=0.1; finite ceiling is a sensitivity assumption.
method_0059,vision_floor_profile,floor_fraction_0.1,raw_proxy_compute_floor,2019-05-28,1e+120,3.1622776601683794e-28,point_fit,finite_optimum,3.7440683642775345e+94,94.57334377007606,3.7440683642775343e-26,1e+120,120.0,3.7440683642775345e+94,94.57334377007606,within_budget,,,,0.3847576883153318,4.1,,,,,,,,,,vision_lm/results.json,/vision_floor_profile/4/projections/historically_overlapping_notable_training_compute_4.1x,Proxy: historically_overlapping_notable_training_compute_4.1x. Fixed floor profile fraction of final observed compute=0.1; finite ceiling is a sensitivity assumption.
method_0060,vision_floor_profile,floor_fraction_0.117097550016,raw_proxy_compute_floor,2019-05-28,1e+120,3.1622776601683794e-28,point_fit,finite_optimum,5.620074375170937e+91,91.74974206299123,5.620074375170937e-29,1e+120,120.0,5.620074375170937e+91,91.74974206299123,within_budget,,,,0.44540079891684264,3.4,,,,,,,,,,vision_lm/results.json,/vision_floor_profile/5/projections/aggregate_AI_compute_3.4x,Proxy: aggregate_AI_compute_3.4x. Fixed floor profile fraction of final observed compute=0.11709755001633318; finite ceiling is a sensitivity assumption.
method_0061,vision_floor_profile,floor_fraction_0.117097550016,raw_proxy_compute_floor,2019-05-28,1e+120,3.1622776601683794e-28,point_fit,finite_optimum,6.10096068855459e+96,96.78539822663166,6.1009606885545904e-24,1e+120,120.0,6.100960688554791e+96,96.78539822663167,within_budget,,,,0.3386713775835777,5.0,,,,,,,,,,vision_lm/results.json,/vision_floor_profile/5/projections/frontier_training_compute_5x,Proxy: frontier_training_compute_5x. Fixed floor profile fraction of final observed compute=0.11709755001633318; finite ceiling is a sensitivity assumption.
method_0062,vision_floor_profile,floor_fraction_0.117097550016,raw_proxy_compute_floor,2019-05-28,1e+120,3.1622776601683794e-28,point_fit,finite_optimum,2.77961175525055e+94,94.44398413968523,2.77961175525055e-26,1e+120,120.0,2.77961175525055e+94,94.44398413968523,within_budget,,,,0.38630445574277944,4.1,,,,,,,,,,vision_lm/results.json,/vision_floor_profile/5/projections/historically_overlapping_notable_training_compute_4.1x,Proxy: historically_overlapping_notable_training_compute_4.1x. Fixed floor profile fraction of final observed compute=0.11709755001633318; finite ceiling is a sensitivity assumption.
method_0063,vision_floor_profile,floor_fraction_0.2,raw_proxy_compute_floor,2019-05-28,1e+120,3.1622776601683794e-28,point_fit,finite_optimum,1.5021841526146113e+91,91.17672317605164,1.5021841526146114e-29,1e+120,120.0,1.5021841526146113e+91,91.17672317605164,within_budget,,,,0.4541742837885307,3.4,,,,,,,,,,vision_lm/results.json,/vision_floor_profile/6/projections/aggregate_AI_compute_3.4x,Proxy: aggregate_AI_compute_3.4x. Fixed floor profile fraction of final observed compute=0.2; finite ceiling is a sensitivity assumption.
method_0064,vision_floor_profile,floor_fraction_0.2,raw_proxy_compute_floor,2019-05-28,1e+120,3.1622776601683794e-28,point_fit,finite_optimum,1.753564766165688e+96,96.24392181074728,1.7535647661656882e-24,1e+120,120.0,1.7535647661657454e+96,96.2439218107473,within_budget,,,,0.3453425111220203,5.0,,,,,,,,,,vision_lm/results.json,/vision_floor_profile/6/projections/frontier_training_compute_5x,Proxy: frontier_training_compute_5x. Fixed floor profile fraction of final observed compute=0.2; finite ceiling is a sensitivity assumption.
method_0065,vision_floor_profile,floor_fraction_0.2,raw_proxy_compute_floor,2019-05-28,1e+120,3.1622776601683794e-28,point_fit,finite_optimum,7.699029632398744e+93,93.88643599116583,7.699029632398744e-27,1e+120,120.0,7.699029632398493e+93,93.88643599116581,within_budget,,,,0.3939138635089244,4.1,,,,,,,,,,vision_lm/results.json,/vision_floor_profile/6/projections/historically_overlapping_notable_training_compute_4.1x,Proxy: historically_overlapping_notable_training_compute_4.1x. Fixed floor profile fraction of final observed compute=0.2; finite ceiling is a sensitivity assumption.
method_0066,vision_floor_profile,floor_fraction_0.3,raw_proxy_compute_floor,2019-05-28,1e+120,3.1622776601683794e-28,point_fit,finite_optimum,3.565956825679804e+90,90.55217608071187,3.565956825679804e-30,1e+120,120.0,3.565956825679804e+90,90.55217608071187,within_budget,,,,0.4650305822406479,3.4,,,,,,,,,,vision_lm/results.json,/vision_floor_profile/7/projections/aggregate_AI_compute_3.4x,Proxy: aggregate_AI_compute_3.4x. Fixed floor profile fraction of final observed compute=0.3; finite ceiling is a sensitivity assumption.
method_0067,vision_floor_profile,floor_fraction_0.3,raw_proxy_compute_floor,2019-05-28,1e+120,3.1622776601683794e-28,point_fit,finite_optimum,4.599154667264342e+95,95.66267801492519,4.599154667264342e-25,1e+120,120.0,4.5991546672644925e+95,95.6626780149252,within_budget,,,,0.35359736284473453,5.0,,,,,,,,,,vision_lm/results.json,/vision_floor_profile/7/projections/frontier_training_compute_5x,Proxy: frontier_training_compute_5x. Fixed floor profile fraction of final observed compute=0.3; finite ceiling is a sensitivity assumption.
method_0068,vision_floor_profile,floor_fraction_0.3,raw_proxy_compute_floor,2019-05-28,1e+120,3.1622776601683794e-28,point_fit,finite_optimum,1.9200473317566447e+93,93.2833119347803,1.9200473317566447e-27,1e+120,120.0,1.9200473317567075e+93,93.28331193478031,within_budget,,,,0.4033297345067429,4.1,,,,,,,,,,vision_lm/results.json,/vision_floor_profile/7/projections/historically_overlapping_notable_training_compute_4.1x,Proxy: historically_overlapping_notable_training_compute_4.1x. Fixed floor profile fraction of final observed compute=0.3; finite ceiling is a sensitivity assumption.
method_0069,vision_floor_profile,floor_fraction_0.5,raw_proxy_compute_floor,2019-05-28,1e+120,3.1622776601683794e-28,point_fit,finite_optimum,2.3739085754653454e+89,89.37546398928771,2.3739085754653454e-31,1e+120,120.0,2.3739085754652677e+89,89.3754639892877,within_budget,,,,0.48760985762977327,3.4,,,,,,,,,,vision_lm/results.json,/vision_floor_profile/8/projections/aggregate_AI_compute_3.4x,Proxy: aggregate_AI_compute_3.4x. Fixed floor profile fraction of final observed compute=0.5; finite ceiling is a sensitivity assumption.
method_0070,vision_floor_profile,floor_fraction_0.5,raw_proxy_compute_floor,2019-05-28,1e+120,3.1622776601683794e-28,point_fit,finite_optimum,3.7837482341325215e+94,94.57792223128034,3.783748234132522e-26,1e+120,120.0,3.7837482341325215e+94,94.57792223128034,within_budget,,,,0.37076606644713145,5.0,,,,,,,,,,vision_lm/results.json,/vision_floor_profile/8/projections/frontier_training_compute_5x,Proxy: frontier_training_compute_5x. Fixed floor profile fraction of final observed compute=0.5; finite ceiling is a sensitivity assumption.
method_0071,vision_floor_profile,floor_fraction_0.5,raw_proxy_compute_floor,2019-05-28,1e+120,3.1622776601683794e-28,point_fit,finite_optimum,1.4195435007799155e+92,92.15214870567428,1.4195435007799156e-28,1e+120,120.0,1.4195435007799155e+92,92.15214870567428,within_budget,,,,0.42291316298615816,4.1,,,,,,,,,,vision_lm/results.json,/vision_floor_profile/8/projections/historically_overlapping_notable_training_compute_4.1x,Proxy: historically_overlapping_notable_training_compute_4.1x. Fixed floor profile fraction of final observed compute=0.5; finite ceiling is a sensitivity assumption.
method_0072,vision_floor_profile,floor_fraction_0.7,raw_proxy_compute_floor,2019-05-28,1e+120,3.1622776601683794e-28,point_fit,finite_optimum,1.698406982424066e+88,88.23004176661603,1.698406982424066e-32,1e+120,120.0,1.6984069824240102e+88,88.23004176661601,within_budget,,,,0.511308058478528,3.4,,,,,,,,,,vision_lm/results.json,/vision_floor_profile/9/projections/aggregate_AI_compute_3.4x,Proxy: aggregate_AI_compute_3.4x. Fixed floor profile fraction of final observed compute=0.7; finite ceiling is a sensitivity assumption.
method_0073,vision_floor_profile,floor_fraction_0.7,raw_proxy_compute_floor,2019-05-28,1e+120,3.1622776601683794e-28,point_fit,finite_optimum,3.3546569611933174e+93,93.52564811691106,3.354656961193317e-27,1e+120,120.0,3.354656961193427e+93,93.52564811691107,within_budget,,,,0.38878557235555833,5.0,,,,,,,,,,vision_lm/results.json,/vision_floor_profile/9/projections/frontier_training_compute_5x,Proxy: frontier_training_compute_5x. Fixed floor profile fraction of final observed compute=0.7; finite ceiling is a sensitivity assumption.
method_0074,vision_floor_profile,floor_fraction_0.7,raw_proxy_compute_floor,2019-05-28,1e+120,3.1622776601683794e-28,point_fit,finite_optimum,1.1290502317636253e+91,91.05271326423893,1.1290502317636253e-29,1e+120,120.0,1.1290502317636622e+91,91.05271326423895,within_budget,,,,0.4434670564754029,4.1,,,,,,,,,,vision_lm/results.json,/vision_floor_profile/9/projections/historically_overlapping_notable_training_compute_4.1x,Proxy: historically_overlapping_notable_training_compute_4.1x. Fixed floor profile fraction of final observed compute=0.7; finite ceiling is a sensitivity assumption.
method_0075,vision_floor_profile,floor_fraction_0.9,raw_proxy_compute_floor,2019-05-28,1e+120,3.1622776601683794e-28,point_fit,finite_optimum,1.2349727473211379e+87,87.09165737393687,1.2349727473211379e-33,1e+120,120.0,1.2349727473211379e+87,87.09165737393687,within_budget,,,,0.5361165764034492,3.4,,,,,,,,,,vision_lm/results.json,/vision_floor_profile/10/projections/aggregate_AI_compute_3.4x,Proxy: aggregate_AI_compute_3.4x. Fixed floor profile fraction of final observed compute=0.9; finite ceiling is a sensitivity assumption.
method_0076,vision_floor_profile,floor_fraction_0.9,raw_proxy_compute_floor,2019-05-28,1e+120,3.1622776601683794e-28,point_fit,finite_optimum,3.0125508507544496e+92,92.47893438637651,3.01255085075445e-28,1e+120,120.0,3.0125508507544496e+92,92.47893438637651,within_budget,,,,0.4076493349753658,5.0,,,,,,,,,,vision_lm/results.json,/vision_floor_profile/10/projections/frontier_training_compute_5x,Proxy: frontier_training_compute_5x. Fixed floor profile fraction of final observed compute=0.9; finite ceiling is a sensitivity assumption.
method_0077,vision_floor_profile,floor_fraction_0.9,raw_proxy_compute_floor,2019-05-28,1e+120,3.1622776601683794e-28,point_fit,finite_optimum,9.106241058571707e+89,89.95933914268004,9.106241058571708e-31,1e+120,120.0,9.10624105857141e+89,89.95933914268002,within_budget,,,,0.4649839487622552,4.1,,,,,,,,,,vision_lm/results.json,/vision_floor_profile/10/projections/historically_overlapping_notable_training_compute_4.1x,Proxy: historically_overlapping_notable_training_compute_4.1x. Fixed floor profile fraction of final observed compute=0.9; finite ceiling is a sensitivity assumption.
method_0078,vision_floor_projected_anchor,best_historical_floor_reanchored_2026,raw_proxy_compute_floor,2026-09-12,1e+120,3.1622776601683794e-28,point_fit,finite_optimum,1.9823536498348573e+90,90.29718113474613,1.9823536498348574e-30,1e+120,120.0,1.9823536498348573e+90,90.29718113474613,within_budget,,,,0.44540079891684264,3.4,,,,,,,,,,vision_lm/results.json,/vision_floor_projected_current_anchor/projections/aggregate_AI_compute_3.4x,"Proxy: aggregate_AI_compute_3.4x. Fixed floor profile fraction of final observed compute=0.11241374331730987; finite ceiling is a sensitivity assumption. 2026 anchor is projected from the 2019 curve, not observed; k0 reset at projected anchor."
method_0079,vision_floor_projected_anchor,best_historical_floor_reanchored_2026,raw_proxy_compute_floor,2026-09-12,1e+120,3.1622776601683794e-28,point_fit,finite_optimum,1.922167497554062e+95,95.28379122937515,1.922167497554062e-25,1e+120,120.0,1.922167497554062e+95,95.28379122937515,within_budget,,,,0.3386713775835777,5.0,,,,,,,,,,vision_lm/results.json,/vision_floor_projected_current_anchor/projections/frontier_training_compute_5x,"Proxy: frontier_training_compute_5x. Fixed floor profile fraction of final observed compute=0.11241374331730987; finite ceiling is a sensitivity assumption. 2026 anchor is projected from the 2019 curve, not observed; k0 reset at projected anchor."
method_0080,vision_floor_projected_anchor,best_historical_floor_reanchored_2026,raw_proxy_compute_floor,2026-09-12,1e+120,3.1622776601683794e-28,point_fit,finite_optimum,9.229950835925789e+92,92.96519938772764,9.22995083592579e-28,1e+120,120.0,9.229950835925526e+92,92.96519938772762,within_budget,,,,0.38630445574277944,4.1,,,,,,,,,,vision_lm/results.json,/vision_floor_projected_current_anchor/projections/historically_overlapping_notable_training_compute_4.1x,"Proxy: historically_overlapping_notable_training_compute_4.1x. Fixed floor profile fraction of final observed compute=0.11241374331730987; finite ceiling is a sensitivity assumption. 2026 anchor is projected from the 2019 curve, not observed; k0 reset at projected anchor."
method_0081,language_model_bootstrap,paper_cluster_bootstrap_200,raw_proxy_power,2023-05-23,1e+120,3.1622776601683794e-28,conditional_bootstrap_summary,conditional_bootstrap_summary,,,,,,,,,,,,,3.4,,,1.0,3.3756268884782625e+119,4.4453033527059634e+119,5.5322470945116365e+119,5.096024365364452e+119,8.002787043025701e+119,1.2382761858800033e+120,vision_lm/bootstrap_results.json,/samples,No unconditional point stop in this row. Quantiles conditional on positive successful bootstrap slope; full 200 source records preserved. This bootstrap is not an independent fitted method.
method_0082,language_model_bootstrap,paper_cluster_bootstrap_200,raw_proxy_power,2023-05-23,1e+120,3.1622776601683794e-28,conditional_bootstrap_summary,conditional_bootstrap_summary,,,,,,,,,,,,,5.0,,,1.0,2.792650387852244e+119,3.7830710280507825e+119,4.8494596103579626e+119,3.87488661047436e+119,6.085114618026409e+119,9.415535462010165e+119,vision_lm/bootstrap_results.json,/samples,No unconditional point stop in this row. Quantiles conditional on positive successful bootstrap slope; full 200 source records preserved. This bootstrap is not an independent fitted method.
method_0083,language_model_bootstrap,paper_cluster_bootstrap_200,raw_proxy_power,2023-05-23,1e+120,3.1622776601683794e-28,conditional_bootstrap_summary,conditional_bootstrap_summary,,,,,,,,,,,,,4.1,,,1.0,3.065031350384234e+119,4.0971482274383695e+119,5.178325586367316e+119,4.419877386168774e+119,6.940967103336075e+119,1.0739801302757179e+120,vision_lm/bootstrap_results.json,/samples,No unconditional point stop in this row. Quantiles conditional on positive successful bootstrap slope; full 200 source records preserved. This bootstrap is not an independent fitted method.
method_0084,published_domain_plugin,2024_Computer vision,full_Jones_universal_feedback_separate_medians,historical domain endpoint; k0 reset,1e+120,3.1622776601683794e-28,point_fit,no_finite_maximizer,,,,,,,,never,7.440653318043247e+27,27.87161106994969,-0.42499999999999993,,,,,,,,,,,,published_domains/published_results.json,/published/0/jones_plugin_from_separate_medians,"finite-compute singularity; no finite optimum; Difference of marginal medians is a plug-in sensitivity, not the posterior median difference. r= lambda/beta is not a cumulative-effort exponent without an extra closure."
method_0085,published_domain_plugin,2024_Computer vision,cumulative_effort_universal_feedback_median_r,historical domain endpoint; k0 reset,1e+120,3.1622776601683794e-28,point_fit,no_finite_maximizer,,,,,,,,never,1.0398610978631487e+28,28.016975331163803,-0.3041057759220599,,,,,,,,,,,,published_domains/published_results.json,/published/0/cumulative_effort_surrogate_from_median_r,"finite-compute singularity; no finite optimum; Difference of marginal medians is a plug-in sensitivity, not the posterior median difference. r= lambda/beta is not a cumulative-effort exponent without an extra closure."
method_0086,published_domain_plugin,2024_Computer vision,cumulative_effort_universal_feedback_naive_r,historical domain endpoint; k0 reset,1e+120,3.1622776601683794e-28,point_fit,no_finite_maximizer,,,,,,,,never,1.0189561349431447e+28,28.008155488459632,-0.31034482758620685,,,,,,,,,,,,published_domains/published_results.json,/published/0/cumulative_effort_surrogate_from_naive_r,"finite-compute singularity; no finite optimum; Difference of marginal medians is a plug-in sensitivity, not the posterior median difference. r= lambda/beta is not a cumulative-effort exponent without an extra closure."
method_0087,published_domain_plugin,2024_Atari RL,full_Jones_universal_feedback_separate_medians,historical domain endpoint; k0 reset,1e+120,3.1622776601683794e-28,point_fit,no_finite_maximizer,,,,,,,,never,6.889493813003004e+27,27.83818731446274,-0.4590000000000001,,,,,,,,,,,,published_domains/published_results.json,/published/1/jones_plugin_from_separate_medians,"finite-compute singularity; no finite optimum; Difference of marginal medians is a plug-in sensitivity, not the posterior median difference. r= lambda/beta is not a cumulative-effort exponent without an extra closure."
method_0088,published_domain_plugin,2024_Atari RL,cumulative_effort_universal_feedback_median_r,historical domain endpoint; k0 reset,1e+120,3.1622776601683794e-28,point_fit,no_finite_maximizer,,,,,,,,never,8.586424590131295e+27,27.933812360103342,-0.36828806064434616,,,,,,,,,,,,published_domains/published_results.json,/published/1/cumulative_effort_surrogate_from_median_r,"finite-compute singularity; no finite optimum; Difference of marginal medians is a plug-in sensitivity, not the posterior median difference. r= lambda/beta is not a cumulative-effort exponent without an extra closure."
method_0089,published_domain_plugin,2024_Atari RL,cumulative_effort_universal_feedback_naive_r,historical domain endpoint; k0 reset,1e+120,3.1622776601683794e-28,point_fit,no_finite_maximizer,,,,,,,,never,7.953607448302288e+27,27.900564152498188,-0.3975903614457831,,,,,,,,,,,,published_domains/published_results.json,/published/1/cumulative_effort_surrogate_from_naive_r,"finite-compute singularity; no finite optimum; Difference of marginal medians is a plug-in sensitivity, not the posterior median difference. r= lambda/beta is not a cumulative-effort exponent without an extra closure."
method_0090,published_domain_plugin,2024_SAT,full_Jones_universal_feedback_separate_medians,historical domain endpoint; k0 reset,1e+120,3.1622776601683794e-28,point_fit,no_finite_maximizer,,,,,,,,never,2.1152358930892173e+27,27.32535880733955,-1.4949999999999997,,,,,,,,,,,,published_domains/published_results.json,/published/2/jones_plugin_from_separate_medians,"finite-compute singularity; no finite optimum; Difference of marginal medians is a plug-in sensitivity, not the posterior median difference. r= lambda/beta is not a cumulative-effort exponent without an extra closure."
method_0091,published_domain_plugin,2024_SAT,cumulative_effort_universal_feedback_median_r,historical domain endpoint; k0 reset,1e+120,3.1622776601683794e-28,point_fit,no_finite_maximizer,,,,,,,,never,4.406289328212588e+27,27.644073010636067,-0.717673630717109,,,,,,,,,,,,published_domains/published_results.json,/published/2/cumulative_effort_surrogate_from_median_r,"finite-compute singularity; no finite optimum; Difference of marginal medians is a plug-in sensitivity, not the posterior median difference. r= lambda/beta is not a cumulative-effort exponent without an extra closure."
method_0092,published_domain_plugin,2024_SAT,cumulative_effort_universal_feedback_naive_r,historical domain endpoint; k0 reset,1e+120,3.1622776601683794e-28,point_fit,no_finite_maximizer,,,,,,,,never,4.159841590820865e+27,27.619076792756005,-0.7601918465227817,,,,,,,,,,,,published_domains/published_results.json,/published/2/cumulative_effort_surrogate_from_naive_r,"finite-compute singularity; no finite optimum; Difference of marginal medians is a plug-in sensitivity, not the posterior median difference. r= lambda/beta is not a cumulative-effort exponent without an extra closure."
method_0093,published_domain_plugin,2024_Linear programming,full_Jones_universal_feedback_separate_medians,historical domain endpoint; k0 reset,1e+120,3.1622776601683794e-28,point_fit,finite_optimum,9.699321047526672e+119,119.98674133471648,0.9699321047526672,3.006789524733282e+118,118.47810302855076,3.225806451612889e+121,121.50863830616572,beyond_budget,,,0.03100000000000014,,,,,,,,,,,,published_domains/published_results.json,/published/3/jones_plugin_from_separate_medians,"finite optimum; Difference of marginal medians is a plug-in sensitivity, not the posterior median difference. r= lambda/beta is not a cumulative-effort exponent without an extra closure."
method_0094,published_domain_plugin,2024_Linear programming,cumulative_effort_universal_feedback_median_r,historical domain endpoint; k0 reset,1e+120,3.1622776601683794e-28,point_fit,no_finite_maximizer,,,,,,,,never,4.423081870131616e+28,28.6457249781255,-0.07149489322191271,,,,,,,,,,,,published_domains/published_results.json,/published/3/cumulative_effort_surrogate_from_median_r,"finite-compute singularity; no finite optimum; Difference of marginal medians is a plug-in sensitivity, not the posterior median difference. r= lambda/beta is not a cumulative-effort exponent without an extra closure."
method_0095,published_domain_plugin,2024_Linear programming,cumulative_effort_universal_feedback_naive_r,historical domain endpoint; k0 reset,1e+120,3.1622776601683794e-28,point_fit,no_finite_maximizer,,,,,,,,never,9.362822091871084e+27,27.971406771195234,-0.3377483443708609,,,,,,,,,,,,published_domains/published_results.json,/published/3/cumulative_effort_surrogate_from_naive_r,"finite-compute singularity; no finite optimum; Difference of marginal medians is a plug-in sensitivity, not the posterior median difference. r= lambda/beta is not a cumulative-effort exponent without an extra closure."
method_0096,published_domain_plugin,2025_Computer vision,full_Jones_universal_feedback_separate_medians,historical domain endpoint; k0 reset,1e+120,3.1622776601683794e-28,point_fit,no_finite_maximizer,,,,,,,,never,1.197832447033477e+28,28.07839607313017,-0.264,,,,,,,,,,,,published_domains/published_results.json,/published/4/jones_plugin_from_separate_medians,"finite-compute singularity; no finite optimum; Difference of marginal medians is a plug-in sensitivity, not the posterior median difference. r= lambda/beta is not a cumulative-effort exponent without an extra closure."
method_0097,published_domain_plugin,2025_Computer vision,cumulative_effort_universal_feedback_median_r,historical domain endpoint; k0 reset,1e+120,3.1622776601683794e-28,point_fit,no_finite_maximizer,,,,,,,,never,1.5232039721879752e+28,28.18275806358837,-0.20760697305863707,,,,,,,,,,,,published_domains/published_results.json,/published/4/cumulative_effort_surrogate_from_median_r,"finite-compute singularity; no finite optimum; Difference of marginal medians is a plug-in sensitivity, not the posterior median difference. r= lambda/beta is not a cumulative-effort exponent without an extra closure."
method_0098,published_domain_plugin,2025_Computer vision,cumulative_effort_universal_feedback_naive_r,historical domain endpoint; k0 reset,1e+120,3.1622776601683794e-28,point_fit,no_finite_maximizer,,,,,,,,never,1.5149683498562538e+28,28.180403559817623,-0.2087355594239595,,,,,,,,,,,,published_domains/published_results.json,/published/4/cumulative_effort_surrogate_from_naive_r,"finite-compute singularity; no finite optimum; Difference of marginal medians is a plug-in sensitivity, not the posterior median difference. r= lambda/beta is not a cumulative-effort exponent without an extra closure."
method_0099,published_domain_plugin,2025_Atari RL,full_Jones_universal_feedback_separate_medians,historical domain endpoint; k0 reset,1e+120,3.1622776601683794e-28,point_fit,no_finite_maximizer,,,,,,,,never,2.3599087016181953e+28,28.372895201635192,-0.1339999999999999,,,,,,,,,,,,published_domains/published_results.json,/published/5/jones_plugin_from_separate_medians,"finite-compute singularity; no finite optimum; Difference of marginal medians is a plug-in sensitivity, not the posterior median difference. r= lambda/beta is not a cumulative-effort exponent without an extra closure."
method_0100,published_domain_plugin,2025_Atari RL,cumulative_effort_universal_feedback_median_r,historical domain endpoint; k0 reset,1e+120,3.1622776601683794e-28,point_fit,no_finite_maximizer,,,,,,,,never,1.8895002337622995e+28,28.27634694998242,-0.167360532889259,,,,,,,,,,,,published_domains/published_results.json,/published/5/cumulative_effort_surrogate_from_median_r,"finite-compute singularity; no finite optimum; Difference of marginal medians is a plug-in sensitivity, not the posterior median difference. r= lambda/beta is not a cumulative-effort exponent without an extra closure."
method_0101,published_domain_plugin,2025_Atari RL,cumulative_effort_universal_feedback_naive_r,historical domain endpoint; k0 reset,1e+120,3.1622776601683794e-28,point_fit,no_finite_maximizer,,,,,,,,never,1.6578814190369393e+28,28.219553464151755,-0.1907420895039249,,,,,,,,,,,,published_domains/published_results.json,/published/5/cumulative_effort_surrogate_from_naive_r,"finite-compute singularity; no finite optimum; Difference of marginal medians is a plug-in sensitivity, not the posterior median difference. r= lambda/beta is not a cumulative-effort exponent without an extra closure."
method_0102,published_domain_plugin,2025_NLP,full_Jones_universal_feedback_separate_medians,historical domain endpoint; k0 reset,1e+120,3.1622776601683794e-28,point_fit,no_finite_maximizer,,,,,,,,never,4.2107558723946456e+27,27.62436006299583,-0.7510000000000001,,,,,,,,,,,,published_domains/published_results.json,/published/6/jones_plugin_from_separate_medians,"finite-compute singularity; no finite optimum; Difference of marginal medians is a plug-in sensitivity, not the posterior median difference. r= lambda/beta is not a cumulative-effort exponent without an extra closure."
method_0103,published_domain_plugin,2025_NLP,cumulative_effort_universal_feedback_median_r,historical domain endpoint; k0 reset,1e+120,3.1622776601683794e-28,point_fit,no_finite_maximizer,,,,,,,,never,6.707431987711404e+27,27.82655627768965,-0.4714587737843552,,,,,,,,,,,,published_domains/published_results.json,/published/6/cumulative_effort_surrogate_from_median_r,"finite-compute singularity; no finite optimum; Difference of marginal medians is a plug-in sensitivity, not the posterior median difference. r= lambda/beta is not a cumulative-effort exponent without an extra closure."
method_0104,published_domain_plugin,2025_NLP,cumulative_effort_universal_feedback_naive_r,historical domain endpoint; k0 reset,1e+120,3.1622776601683794e-28,point_fit,no_finite_maximizer,,,,,,,,never,6.690030516224134e+27,27.825428098783895,-0.4726850875342755,,,,,,,,,,,,published_domains/published_results.json,/published/6/cumulative_effort_surrogate_from_naive_r,"finite-compute singularity; no finite optimum; Difference of marginal medians is a plug-in sensitivity, not the posterior median difference. r= lambda/beta is not a cumulative-effort exponent without an extra closure."
method_0105,openai_growth_proxy,OLS_epsilonK_0.59,cumulative_effort_universal_feedback,2025 growth-data endpoint; k0 reset,1e+120,3.1622776601683794e-28,point_fit,finite_optimum,9.244945090628444e+119,119.96590433605681,0.9244945090628445,7.550549093715557e+118,118.87797853569535,1.2244069902575902e+121,121.08792580036146,beyond_budget,,,0.08167218971770329,,,,,,,,,,,,published_domains/published_results.json,/growth_refits/0/cumulative_effort_full_feedback,finite optimum; g_A=ln(3) assumed; 2022/2024/2025 compute and 2023–2025 staff data. Full Jones b not identified by growth ratios. epsilon_K=0.59
method_0106,openai_growth_proxy,OLS_epsilonK_0.59,cumulative_effort_cognitive_only_feedback,2025 growth-data endpoint; k0 reset,1e+120,3.1622776601683794e-28,point_fit,finite_optimum,5.982034074329314e+119,119.77684888249186,0.5982034074329314,4.0179659256706855e+119,119.60400624939682,1.4888215044608137e+120,120.17284263309504,beyond_budget,,,0.6716721897177033,,,,,,,,,,,,published_domains/published_results.json,/growth_refits/0/cumulative_effort_cognitive_only_feedback,finite optimum; g_A=ln(3) assumed; 2022/2024/2025 compute and 2023–2025 staff data. Full Jones b not identified by growth ratios. epsilon_K=0.59
method_0107,openai_growth_proxy,OLS_epsilonK_0.67,cumulative_effort_universal_feedback,2025 growth-data endpoint; k0 reset,1e+120,3.1622776601683794e-28,point_fit,finite_optimum,8.892573789726031e+119,119.9490274776068,0.889257378972603,1.107426210273969e+119,119.04431479806578,8.02994701337805e+120,120.90471267954102,beyond_budget,,,0.12453382299210447,,,,,,,,,,,,published_domains/published_results.json,/growth_refits/1/cumulative_effort_full_feedback,finite optimum; g_A=ln(3) assumed; 2022/2024/2025 compute and 2023–2025 staff data. Full Jones b not identified by growth ratios. epsilon_K=0.67
method_0108,openai_growth_proxy,OLS_epsilonK_0.67,cumulative_effort_cognitive_only_feedback,2025 growth-data endpoint; k0 reset,1e+120,3.1622776601683794e-28,point_fit,finite_optimum,5.572477861312507e+119,119.7460483517635,0.5572477861312507,4.427522138687493e+119,119.64616074144557,1.2585996606590494e+120,120.09988761031794,beyond_budget,,,0.7945338229921045,,,,,,,,,,,,published_domains/published_results.json,/growth_refits/1/cumulative_effort_cognitive_only_feedback,finite optimum; g_A=ln(3) assumed; 2022/2024/2025 compute and 2023–2025 staff data. Full Jones b not identified by growth ratios. epsilon_K=0.67
method_0109,openai_growth_proxy,OLS_epsilonK_0.75,cumulative_effort_universal_feedback,2025 growth-data endpoint; k0 reset,1e+120,3.1622776601683794e-28,point_fit,finite_optimum,8.566077541522562e+119,119.93278200138239,0.8566077541522562,1.4339224584774376e+119,119.15652566683674,5.973877799932194e+120,120.77625633454565,beyond_budget,,,0.16739545626650587,,,,,,,,,,,,published_domains/published_results.json,/growth_refits/2/cumulative_effort_full_feedback,finite optimum; g_A=ln(3) assumed; 2022/2024/2025 compute and 2023–2025 staff data. Full Jones b not identified by growth ratios. epsilon_K=0.75
method_0110,openai_growth_proxy,OLS_epsilonK_0.75,cumulative_effort_cognitive_only_feedback,2025 growth-data endpoint; k0 reset,1e+120,3.1622776601683794e-28,point_fit,finite_optimum,5.2154082076900794e+119,119.7172883061296,0.521540820769008,4.7845917923099204e+119,119.67984489093007,1.0900424600636971e+120,120.03744341519953,beyond_budget,,,0.9173954562665059,,,,,,,,,,,,published_domains/published_results.json,/growth_refits/2/cumulative_effort_cognitive_only_feedback,finite optimum; g_A=ln(3) assumed; 2022/2024/2025 compute and 2023–2025 staff data. Full Jones b not identified by growth ratios. epsilon_K=0.75
method_0111,openai_growth_proxy,endpoint_epsilonK_0.59,cumulative_effort_universal_feedback,2025 growth-data endpoint; k0 reset,1e+120,3.1622776601683794e-28,point_fit,finite_optimum,9.220394491863502e+119,119.96474950261268,0.9220394491863503,7.796055081364976e+118,118.89187489887149,1.1827000188727687e+121,121.07287460374118,beyond_budget,,,0.08455229424559407,,,,,,,,,,,,published_domains/published_results.json,/growth_refits/3/cumulative_effort_full_feedback,finite optimum; g_A=ln(3) assumed; 2022/2024/2025 compute and 2023–2025 staff data. Full Jones b not identified by growth ratios. epsilon_K=0.59
method_0112,openai_growth_proxy,endpoint_epsilonK_0.59,cumulative_effort_cognitive_only_feedback,2025 growth-data endpoint; k0 reset,1e+120,3.1622776601683794e-28,point_fit,finite_optimum,5.9717454237552614e+119,119.77610128542022,0.5971745423755261,4.0282545762447384e+119,119.60511690914191,1.4824647525932443e+120,120.1709843762783,beyond_budget,,,0.674552294245594,,,,,,,,,,,,published_domains/published_results.json,/growth_refits/3/cumulative_effort_cognitive_only_feedback,finite optimum; g_A=ln(3) assumed; 2022/2024/2025 compute and 2023–2025 staff data. Full Jones b not identified by growth ratios. epsilon_K=0.59
method_0113,openai_growth_proxy,endpoint_epsilonK_0.67,cumulative_effort_universal_feedback,2025 growth-data endpoint; k0 reset,1e+120,3.1622776601683794e-28,point_fit,finite_optimum,8.866373502575414e+119,119.9477460223266,0.8866373502575414,1.133626497424586e+119,119.05446998857214,7.821247582619459e+120,120.89327603375445,beyond_budget,,,0.12785683990137597,,,,,,,,,,,,published_domains/published_results.json,/growth_refits/4/cumulative_effort_full_feedback,finite optimum; g_A=ln(3) assumed; 2022/2024/2025 compute and 2023–2025 staff data. Full Jones b not identified by growth ratios. epsilon_K=0.67
method_0114,openai_growth_proxy,endpoint_epsilonK_0.67,cumulative_effort_cognitive_only_feedback,2025 growth-data endpoint; k0 reset,1e+120,3.1622776601683794e-28,point_fit,finite_optimum,5.5621781323526096e+119,119.74524489331257,0.556217813235261,4.43782186764739e+119,119.64716986584317,1.253357682718633e+120,120.09807502746939,beyond_budget,,,0.797856839901376,,,,,,,,,,,,published_domains/published_results.json,/growth_refits/4/cumulative_effort_cognitive_only_feedback,finite optimum; g_A=ln(3) assumed; 2022/2024/2025 compute and 2023–2025 staff data. Full Jones b not identified by growth ratios. epsilon_K=0.67
method_0115,openai_growth_proxy,endpoint_epsilonK_0.75,cumulative_effort_universal_feedback,2025 growth-data endpoint; k0 reset,1e+120,3.1622776601683794e-28,point_fit,finite_optimum,8.538532881395069e+119,119.93138325520296,0.8538532881395069,1.461467118604931e+119,119.16478904865748,5.842439267156193e+120,120.76659420654548,beyond_budget,,,0.17116138555715787,,,,,,,,,,,,published_domains/published_results.json,/growth_refits/5/cumulative_effort_full_feedback,finite optimum; g_A=ln(3) assumed; 2022/2024/2025 compute and 2023–2025 staff data. Full Jones b not identified by growth ratios. epsilon_K=0.75
method_0116,openai_growth_proxy,endpoint_epsilonK_0.75,cumulative_effort_cognitive_only_feedback,2025 growth-data endpoint; k0 reset,1e+120,3.1622776601683794e-28,point_fit,finite_optimum,5.205184777904481e+119,119.71643615106076,0.5205184777904481,4.794815222095519e+119,119.68077187541272,1.0855861043232475e+120,120.03566427564803,beyond_budget,,,0.9211613855571579,,,,,,,,,,,,published_domains/published_results.json,/growth_refits/5/cumulative_effort_cognitive_only_feedback,finite optimum; g_A=ln(3) assumed; 2022/2024/2025 compute and 2023–2025 staff data. Full Jones b not identified by growth ratios. epsilon_K=0.75
method_0117,openai_growth_proxy,Theil-Sen_epsilonK_0.59,cumulative_effort_universal_feedback,2025 growth-data endpoint; k0 reset,1e+120,3.1622776601683794e-28,point_fit,finite_optimum,9.286439294070546e+119,119.96784922407258,0.9286439294070546,7.13560705929454e+118,118.85343092647474,1.3014224601920051e+121,121.11441829759784,beyond_budget,,,0.07683899967828012,,,,,,,,,,,,published_domains/published_results.json,/growth_refits/6/cumulative_effort_full_feedback,finite optimum; g_A=ln(3) assumed; 2022/2024/2025 compute and 2023–2025 staff data. Full Jones b not identified by growth ratios. epsilon_K=0.59
method_0118,openai_growth_proxy,Theil-Sen_epsilonK_0.59,cumulative_effort_cognitive_only_feedback,2025 growth-data endpoint; k0 reset,1e+120,3.1622776601683794e-28,point_fit,finite_optimum,5.9993796653006804e+119,119.77810634673952,0.599937966530068,4.0006203346993194e+119,119.60212733809011,1.499612350930967e+120,120.1759790086494,beyond_budget,,,0.6668389996782801,,,,,,,,,,,,published_domains/published_results.json,/growth_refits/6/cumulative_effort_cognitive_only_feedback,finite optimum; g_A=ln(3) assumed; 2022/2024/2025 compute and 2023–2025 staff data. Full Jones b not identified by growth ratios. epsilon_K=0.59
method_0119,openai_growth_proxy,Theil-Sen_epsilonK_0.67,cumulative_effort_universal_feedback,2025 growth-data endpoint; k0 reset,1e+120,3.1622776601683794e-28,point_fit,finite_optimum,8.915448378745447e+119,119.9501431897456,0.8915448378745447,1.0845516212545525e+119,119.03525022789697,8.220400213345791e+120,120.91489296184864,beyond_budget,,,0.12164857842036736,,,,,,,,,,,,published_domains/published_results.json,/growth_refits/7/cumulative_effort_full_feedback,finite optimum; g_A=ln(3) assumed; 2022/2024/2025 compute and 2023–2025 staff data. Full Jones b not identified by growth ratios. epsilon_K=0.67
method_0120,openai_growth_proxy,Theil-Sen_epsilonK_0.67,cumulative_effort_cognitive_only_feedback,2025 growth-data endpoint; k0 reset,1e+120,3.1622776601683794e-28,point_fit,finite_optimum,5.5814516978640096e+119,119.74674717068935,0.5581451697864009,4.41854830213599e+119,119.64527960692178,1.263186756420849e+120,120.10146756376757,beyond_budget,,,0.7916485784203674,,,,,,,,,,,,published_domains/published_results.json,/growth_refits/7/cumulative_effort_cognitive_only_feedback,finite optimum; g_A=ln(3) assumed; 2022/2024/2025 compute and 2023–2025 staff data. Full Jones b not identified by growth ratios. epsilon_K=0.67
method_0121,openai_growth_proxy,Theil-Sen_epsilonK_0.75,cumulative_effort_universal_feedback,2025 growth-data endpoint; k0 reset,1e+120,3.1622776601683794e-28,point_fit,finite_optimum,8.572960751825139e+119,119.93313083547235,0.8572960751825139,1.4270392481748608e+119,119.15443591777573,6.007515744776954e+120,120.77869491769663,beyond_budget,,,0.16645815716245416,,,,,,,,,,,,published_domains/published_results.json,/growth_refits/8/cumulative_effort_full_feedback,finite optimum; g_A=ln(3) assumed; 2022/2024/2025 compute and 2023–2025 staff data. Full Jones b not identified by growth ratios. epsilon_K=0.75
method_0122,openai_growth_proxy,Theil-Sen_epsilonK_0.75,cumulative_effort_cognitive_only_feedback,2025 growth-data endpoint; k0 reset,1e+120,3.1622776601683794e-28,point_fit,finite_optimum,5.21795895340924e+119,119.71750065844033,0.521795895340924,4.78204104659076e+119,119.67961329955712,1.0911572909080855e+120,120.03788735888321,beyond_budget,,,0.9164581571624542,,,,,,,,,,,,published_domains/published_results.json,/growth_refits/8/cumulative_effort_cognitive_only_feedback,finite optimum; g_A=ln(3) assumed; 2022/2024/2025 compute and 2023–2025 staff data. Full Jones b not identified by growth ratios. epsilon_K=0.75
method_0123,openai_growth_proxy,original_rounded_growth_inputs,cumulative_effort_universal_feedback,2025 rounded-input sensitivity; k0 reset,1e+120,3.1622776601683794e-28,point_fit,finite_optimum,9.552757273122014e+119,119.98012874285797,0.9552757273122015,4.472427268779855e+118,118.65054328674094,2.1359223300970848e+121,121.32958545611703,beyond_budget,,,0.04681818181818187,,,,,,,,,,,,published_domains/published_results.json,/original_rounded_growth_ratio,finite optimum
method_0124,openai_growth_uncertainty,source_assumption_distribution,cumulative_effort_universal_feedback,2025 growth-data endpoint; k0 reset,1e+120,3.1622776601683794e-28,conditional_assumption_sensitivity,conditional_assumption_sensitivity,,,,,,,,,,,,,,,0.61835,,5.1051978956284895e+119,8.191358453826596e+119,9.819436894250978e+119,,,,published_domains/published_results.json,/growth_uncertainty,"Author-assumed Gaussian growth uncertainties plus triangular compute share; not a calibrated posterior over the universal toy law; conditional finite stop only, not an unconditional forecast. Joint source sensitivity fields preserved."
method_0125,published_joint_posterior,2025 Computer vision_seed_47,full_Jones_universal_feedback,historical domain endpoint; k0 reset,1e+120,3.1622776601683794e-28,conditional_posterior_summary,conditional_posterior_summary,,,,,,,,,,,,,,,0.18262233252477506,,6.705783768191193e+119,9.089353681922647e+119,9.917753237415753e+119,2.0356234375665155e+120,9.981211702523815e+120,1.2058533283359386e+122,published_domains/posterior_qmc_results.json,/2025 Computer vision/0,"Conditional on beta>lambda; ordinary stop/threshold columns intentionally blank. Model/prior-specific probabilities, not calibrated universal-fooming probabilities. Numerical diagnostics preserved in source JSON."
method_0126,published_joint_posterior,2025 Computer vision_seed_91,full_Jones_universal_feedback,historical domain endpoint; k0 reset,1e+120,3.1622776601683794e-28,conditional_posterior_summary,conditional_posterior_summary,,,,,,,,,,,,,,,0.19123238132714354,,6.803985200835612e+119,8.999323758163245e+119,9.913077102048369e+119,2.1288966505587098e+120,8.993242163211461e+120,1.1404448483149352e+122,published_domains/posterior_qmc_results.json,/2025 Computer vision/1,"Conditional on beta>lambda; ordinary stop/threshold columns intentionally blank. Model/prior-specific probabilities, not calibrated universal-fooming probabilities. Numerical diagnostics preserved in source JSON."
method_0127,published_joint_posterior,2025 Atari RL_seed_47,full_Jones_universal_feedback,historical domain endpoint; k0 reset,1e+120,3.1622776601683794e-28,conditional_posterior_summary,conditional_posterior_summary,,,,,,,,,,,,,,,0.3585857969585766,,4.237545534759983e+119,7.868378253064172e+119,9.810990658627585e+119,7.353716303220402e+119,3.6912638311884954e+120,5.190743795679701e+121,published_domains/posterior_qmc_results.json,/2025 Atari RL/0,"Conditional on beta>lambda; ordinary stop/threshold columns intentionally blank. Model/prior-specific probabilities, not calibrated universal-fooming probabilities. Numerical diagnostics preserved in source JSON."
method_0128,published_joint_posterior,2025 Atari RL_seed_91,full_Jones_universal_feedback,historical domain endpoint; k0 reset,1e+120,3.1622776601683794e-28,conditional_posterior_summary,conditional_posterior_summary,,,,,,,,,,,,,,,0.36145606665077656,,4.2840984369908204e+119,7.823251641506448e+119,9.78987029210624e+119,7.49505286222115e+119,3.594008288426351e+120,4.658965714440742e+121,published_domains/posterior_qmc_results.json,/2025 Atari RL/1,"Conditional on beta>lambda; ordinary stop/threshold columns intentionally blank. Model/prior-specific probabilities, not calibrated universal-fooming probabilities. Numerical diagnostics preserved in source JSON."
method_0129,published_joint_posterior,2025 NLP_seed_47,full_Jones_universal_feedback,historical domain endpoint; k0 reset,1e+120,3.1622776601683794e-28,conditional_posterior_summary,conditional_posterior_summary,,,,,,,,,,,,,,,0.048686613231103765,,7.155169863094096e+119,9.335664641094516e+119,9.942578745135588e+119,2.5151483634368583e+120,1.4052638507928626e+121,1.731515412929253e+122,published_domains/posterior_qmc_results.json,/2025 NLP/0,"Conditional on beta>lambda; ordinary stop/threshold columns intentionally blank. Model/prior-specific probabilities, not calibrated universal-fooming probabilities. Numerical diagnostics preserved in source JSON."
method_0130,published_joint_posterior,2025 NLP_seed_91,full_Jones_universal_feedback,historical domain endpoint; k0 reset,1e+120,3.1622776601683794e-28,conditional_posterior_summary,conditional_posterior_summary,,,,,,,,,,,,,,,0.05480033646551221,,6.705920067960938e+119,9.184146466333248e+119,9.932394470871064e+119,2.0357490426197522e+120,1.1257102043617666e+121,1.4691692155608122e+122,published_domains/posterior_qmc_results.json,/2025 NLP/1,"Conditional on beta>lambda; ordinary stop/threshold columns intentionally blank. Model/prior-specific probabilities, not calibrated universal-fooming probabilities. Numerical diagnostics preserved in source JSON."
method_0131,published_joint_posterior,2024 Computer vision_seed_47,full_Jones_universal_feedback,historical domain endpoint; k0 reset,1e+120,3.1622776601683794e-28,conditional_posterior_summary,conditional_posterior_summary,,,,,,,,,,,,,,,0.12731557249972458,,6.815698898876546e+119,9.022868428316297e+119,9.911743273179221e+119,2.140406538976067e+120,9.23403632887751e+120,1.1230581178241794e+122,published_domains/posterior_qmc_results.json,/2024 Computer vision/0,"Conditional on beta>lambda; ordinary stop/threshold columns intentionally blank. Model/prior-specific probabilities, not calibrated universal-fooming probabilities. Numerical diagnostics preserved in source JSON."
method_0132,published_joint_posterior,2024 Computer vision_seed_91,full_Jones_universal_feedback,historical domain endpoint; k0 reset,1e+120,3.1622776601683794e-28,conditional_posterior_summary,conditional_posterior_summary,,,,,,,,,,,,,,,0.12232170724014545,,6.2881104877036666e+119,9.141538278932439e+119,9.924241869085562e+119,1.6940457055292293e+120,1.0648743048217757e+121,1.3099903290515373e+122,published_domains/posterior_qmc_results.json,/2024 Computer vision/1,"Conditional on beta>lambda; ordinary stop/threshold columns intentionally blank. Model/prior-specific probabilities, not calibrated universal-fooming probabilities. Numerical diagnostics preserved in source JSON."
method_0133,published_joint_posterior,2024 Atari RL_seed_47,full_Jones_universal_feedback,historical domain endpoint; k0 reset,1e+120,3.1622776601683794e-28,conditional_posterior_summary,conditional_posterior_summary,,,,,,,,,,,,,,,0.2232389826214301,,4.171712948519169e+119,7.941290991252796e+119,9.824401359268884e+119,7.157699872486275e+119,3.857413047529728e+120,5.594804902123338e+121,published_domains/posterior_qmc_results.json,/2024 Atari RL/0,"Conditional on beta>lambda; ordinary stop/threshold columns intentionally blank. Model/prior-specific probabilities, not calibrated universal-fooming probabilities. Numerical diagnostics preserved in source JSON."
method_0134,published_joint_posterior,2024 Atari RL_seed_91,full_Jones_universal_feedback,historical domain endpoint; k0 reset,1e+120,3.1622776601683794e-28,conditional_posterior_summary,conditional_posterior_summary,,,,,,,,,,,,,,,0.22604463598204394,,4.114878187743128e+119,8.041341686157755e+119,9.845538798094811e+119,6.992001727440804e+119,4.105535728043346e+120,6.374117719992128e+121,published_domains/posterior_qmc_results.json,/2024 Atari RL/1,"Conditional on beta>lambda; ordinary stop/threshold columns intentionally blank. Model/prior-specific probabilities, not calibrated universal-fooming probabilities. Numerical diagnostics preserved in source JSON."
method_0135,published_joint_posterior,2024 SAT_seed_47,full_Jones_universal_feedback,historical domain endpoint; k0 reset,1e+120,3.1622776601683794e-28,conditional_posterior_summary,conditional_posterior_summary,,,,,,,,,,,,,,,0.03738900884182163,,5.273779673936447e+119,9.096118763888036e+119,9.942121354280568e+119,1.1158556542233463e+120,1.0063400432429514e+121,1.7177530068842145e+122,published_domains/posterior_qmc_results.json,/2024 SAT/0,"Conditional on beta>lambda; ordinary stop/threshold columns intentionally blank. Model/prior-specific probabilities, not calibrated universal-fooming probabilities. Numerical diagnostics preserved in source JSON."
method_0136,published_joint_posterior,2024 SAT_seed_91,full_Jones_universal_feedback,historical domain endpoint; k0 reset,1e+120,3.1622776601683794e-28,conditional_posterior_summary,conditional_posterior_summary,,,,,,,,,,,,,,,0.042206433829683414,,5.3779995236569364e+119,8.680203646361431e+119,9.939120521339044e+119,1.1635653330609305e+120,6.576926525406722e+120,1.6325896246524283e+122,published_domains/posterior_qmc_results.json,/2024 SAT/1,"Conditional on beta>lambda; ordinary stop/threshold columns intentionally blank. Model/prior-specific probabilities, not calibrated universal-fooming probabilities. Numerical diagnostics preserved in source JSON."
method_0137,published_joint_posterior,2024 Linear programming_seed_47,full_Jones_universal_feedback,historical domain endpoint; k0 reset,1e+120,3.1622776601683794e-28,conditional_posterior_summary,conditional_posterior_summary,,,,,,,,,,,,,,,0.44999862242145106,,3.112962496650019e+119,6.946791397431637e+119,9.701308758626112e+119,4.52003128362354e+119,2.2752429662549586e+120,3.2479388154722e+121,published_domains/posterior_qmc_results.json,/2024 Linear programming/0,"Conditional on beta>lambda; ordinary stop/threshold columns intentionally blank. Model/prior-specific probabilities, not calibrated universal-fooming probabilities. Numerical diagnostics preserved in source JSON."
method_0138,published_joint_posterior,2024 Linear programming_seed_91,full_Jones_universal_feedback,historical domain endpoint; k0 reset,1e+120,3.1622776601683794e-28,conditional_posterior_summary,conditional_posterior_summary,,,,,,,,,,,,,,,0.45432056964991957,,3.1470124341717743e+119,6.95871715596725e+119,9.691406084943921e+119,4.592175899918296e+119,2.2880861507648905e+120,3.140504597685074e+121,published_domains/posterior_qmc_results.json,/2024 Linear programming/1,"Conditional on beta>lambda; ordinary stop/threshold columns intentionally blank. Model/prior-specific probabilities, not calibrated universal-fooming probabilities. Numerical diagnostics preserved in source JSON."
method_0139,inference_cost,gpqa_all_ols,raw_proxy_power,2026-04-01,1e+120,3.1622776601683794e-28,point_fit,finite_optimum,4.7427542505990235e+119,119.6760306219376,0.4742754250599024,5.257245749400976e+119,119.72075827854292,9.021366846203497e+119,119.95527234339468,within_budget,,,1.108479476611501,0.9021366846203498,3.4,1.49,,1.0,3.0340361015334467e+119,4.793572662167883e+119,5.9364147386391236e+119,,,,inference/inference_results.json,/projections/0,"finite_power_law_stop; primary date-cleaned sample, hardware-adjusted inference price, not measured FLOPs. Bootstrap intervals conditional on positive slope and fixed selected sample; explicit same-base-model variants clustered together."
method_0140,inference_cost,gpqa_all_ols,raw_proxy_power,2026-04-01,1e+120,3.1622776601683794e-28,point_fit,finite_optimum,4.0686670368357394e+119,119.60945215041322,0.40686670368357397,5.9313329631642604e+119,119.77315230440867,6.859616652957513e+119,119.83629984600455,within_budget,,,1.4578074119766613,0.6859616652957513,5.0,1.49,,1.0,2.4878826086373823e+119,4.117920397542304e+119,5.262497593694018e+119,,,,inference/inference_results.json,/projections/1,"finite_power_law_stop; primary date-cleaned sample, hardware-adjusted inference price, not measured FLOPs. Bootstrap intervals conditional on positive slope and fixed selected sample; explicit same-base-model variants clustered together."
method_0141,inference_cost,gpqa_all_ols,raw_proxy_power,2026-04-01,1e+120,3.1622776601683794e-28,point_fit,finite_optimum,4.836149426046601e+119,119.68449971111035,0.4836149426046601,5.163850573953399e+119,119.7129736666218,9.365393821502636e+119,119.97152604448854,within_budget,,,1.067760757378972,0.9365393821502637,3.4,1.4285714285714286,,1.0,3.1970672921886303e+119,4.8851867447309336e+119,5.99243981697881e+119,,,,inference/inference_results.json,/projections/2,"finite_power_law_stop; primary date-cleaned sample, hardware-adjusted inference price, not measured FLOPs. Bootstrap intervals conditional on positive slope and fixed selected sample; explicit same-base-model variants clustered together."
method_0142,inference_cost,gpqa_all_ols,raw_proxy_power,2026-04-01,1e+120,3.1622776601683794e-28,point_fit,finite_optimum,4.15928993610145e+119,119.61901919525316,0.415928993610145,5.84071006389855e+119,119.76646564815474,7.121205967421729e+119,119.85255354709842,within_budget,,,1.4042565326362206,0.7121205967421729,5.0,1.4285714285714286,,1.0,2.6326576710560966e+119,4.207055824427956e+119,5.320489884399343e+119,,,,inference/inference_results.json,/projections/3,"finite_power_law_stop; primary date-cleaned sample, hardware-adjusted inference price, not measured FLOPs. Bootstrap intervals conditional on positive slope and fixed selected sample; explicit same-base-model variants clustered together."
method_0143,inference_cost,gpqa_open_ols,raw_proxy_power,2026-04-01,1e+120,3.1622776601683794e-28,point_fit,nonpositive_improvement_incompatible_k0,,,,,,,,,,,,-0.12372319337678384,3.4,1.49,,0.355,1.8712770073314521e+118,1.5624564082043635e+119,3.751974521004037e+119,,,,inference/inference_results.json,/projections/4,"Non-positive hardware-adjusted improvement; incompatible with positive k0 calibration; primary date-cleaned sample, hardware-adjusted inference price, not measured FLOPs. Bootstrap intervals conditional on positive slope and fixed selected sample; explicit same-base-model variants clustered together."
method_0144,inference_cost,gpqa_open_ols,raw_proxy_power,2026-04-01,1e+120,3.1622776601683794e-28,point_fit,nonpositive_improvement_incompatible_k0,,,,,,,,,,,,-0.0940759523598831,5.0,1.49,,0.355,1.429280621286422e+118,1.2342765873497941e+119,3.1348160440204655e+119,,,,inference/inference_results.json,/projections/5,"Non-positive hardware-adjusted improvement; incompatible with positive k0 calibration; primary date-cleaned sample, hardware-adjusted inference price, not measured FLOPs. Bootstrap intervals conditional on positive slope and fixed selected sample; explicit same-base-model variants clustered together."
method_0145,inference_cost,gpqa_open_ols,raw_proxy_power,2026-04-01,1e+120,3.1622776601683794e-28,point_fit,nonpositive_improvement_incompatible_k0,,,,,,,,,,,,-0.08932049584687,3.4,1.4285714285714286,,0.4075,1.3339263966822347e+118,1.548103117748786e+119,3.644669282166482e+119,,,,inference/inference_results.json,/projections/6,"Non-positive hardware-adjusted improvement; incompatible with positive k0 calibration; primary date-cleaned sample, hardware-adjusted inference price, not measured FLOPs. Bootstrap intervals conditional on positive slope and fixed selected sample; explicit same-base-model variants clustered together."
method_0146,inference_cost,gpqa_open_ols,raw_proxy_power,2026-04-01,1e+120,3.1622776601683794e-28,point_fit,nonpositive_improvement_incompatible_k0,,,,,,,,,,,,-0.06791702091346158,5.0,1.4285714285714286,,0.4075,1.0175391224993933e+118,1.2224880622957825e+119,3.0365127319644178e+119,,,,inference/inference_results.json,/projections/7,"Non-positive hardware-adjusted improvement; incompatible with positive k0 calibration; primary date-cleaned sample, hardware-adjusted inference price, not measured FLOPs. Bootstrap intervals conditional on positive slope and fixed selected sample; explicit same-base-model variants clustered together."
method_0147,inference_cost,gpqa_pareto_all_ols,raw_proxy_power,2026-02-01,1e+120,3.1622776601683794e-28,point_fit,finite_optimum,6.365263256596019e+119,119.80381637005136,0.6365263256596019,3.634736743403981e+119,119.56047296126734,1.7512308884947917e+120,120.24334340878403,beyond_budget,,,0.5710269311544148,1.7512308884947916,3.4,1.49,,1.0,5.29692243284703e+119,6.420988252696184e+119,7.52548759084018e+119,,,,inference/inference_results.json,/projections/8,"finite_power_law_stop; primary date-cleaned sample, hardware-adjusted inference price, not measured FLOPs. Bootstrap intervals conditional on positive slope and fixed selected sample; explicit same-base-model variants clustered together."
method_0148,inference_cost,gpqa_pareto_all_ols,raw_proxy_power,2026-02-01,1e+120,3.1622776601683794e-28,point_fit,finite_optimum,5.7110834584391665e+119,119.75671850673713,0.5711083458439167,4.288916541560833e+119,119.63234759534323,1.3315911846493464e+120,120.1243709113939,beyond_budget,,,0.7509812407351842,1.3315911846493464,5.0,1.49,,1.0,4.613189955499889e+119,5.7701731432951995e+119,6.981087280846402e+119,,,,inference/inference_results.json,/projections/9,"finite_power_law_stop; primary date-cleaned sample, hardware-adjusted inference price, not measured FLOPs. Bootstrap intervals conditional on positive slope and fixed selected sample; explicit same-base-model variants clustered together."
method_0149,inference_cost,gpqa_pareto_all_ols,raw_proxy_power,2026-02-01,1e+120,3.1622776601683794e-28,point_fit,finite_optimum,6.410152415533336e+119,119.80686835595222,0.6410152415533336,3.589847584466664e+119,119.55507600996265,1.7856335860247053e+120,120.25179234598957,beyond_budget,,,0.5600253085663927,1.7856335860247055,3.4,1.4285714285714286,,1.0,5.371806425622256e+119,6.464519793043102e+119,7.546375274129977e+119,,,,inference/inference_results.json,/projections/10,"finite_power_law_stop; primary date-cleaned sample, hardware-adjusted inference price, not measured FLOPs. Bootstrap intervals conditional on positive slope and fixed selected sample; explicit same-base-model variants clustered together."
method_0150,inference_cost,gpqa_pareto_all_ols,raw_proxy_power,2026-02-01,1e+120,3.1622776601683794e-28,point_fit,finite_optimum,5.758668430665103e+119,119.76032207368914,0.5758668430665103,4.241331569334897e+119,119.6275022250897,1.357750116095768e+120,120.13281984859945,beyond_budget,,,0.7365125498022537,1.357750116095768,5.0,1.4285714285714286,,1.0,4.6880428121311825e+119,5.8164630391023805e+119,7.00474129740958e+119,,,,inference/inference_results.json,/projections/11,"finite_power_law_stop; primary date-cleaned sample, hardware-adjusted inference price, not measured FLOPs. Bootstrap intervals conditional on positive slope and fixed selected sample; explicit same-base-model variants clustered together."
method_0151,inference_cost,gpqa_pareto_open_ols,raw_proxy_power,2026-04-01,1e+120,3.1622776601683794e-28,point_fit,finite_optimum,5.173854888040093e+119,119.7138142438225,0.5173854888040094,4.8261451119599066e+119,119.68360037608416,1.0720471034363452e+120,120.03021386773834,beyond_budget,,,0.9327948341025267,1.0720471034363452,3.4,1.49,,1.0,3.4911425887673946e+119,5.1345391223358495e+119,6.561076850203001e+119,,,,inference/inference_results.json,/projections/12,"finite_power_law_stop; primary date-cleaned sample, hardware-adjusted inference price, not measured FLOPs. Bootstrap intervals conditional on positive slope and fixed selected sample; explicit same-base-model variants clustered together."
method_0152,inference_cost,gpqa_pareto_open_ols,raw_proxy_power,2026-04-01,1e+120,3.1622776601683794e-28,point_fit,finite_optimum,4.4908352925268625e+119,119.65232712701585,0.44908352925268624,5.509164707473137e+119,119.74108575666764,8.151572027670692e+119,119.91124137034821,within_budget,,,1.2267572397145947,0.8151572027670692,5.0,1.49,,1.0,2.89693018598069e+119,4.451922003368255e+119,5.9195473549851235e+119,,,,inference/inference_results.json,/projections/13,"finite_power_law_stop; primary date-cleaned sample, hardware-adjusted inference price, not measured FLOPs. Bootstrap intervals conditional on positive slope and fixed selected sample; explicit same-base-model variants clustered together."
method_0153,inference_cost,gpqa_pareto_open_ols,raw_proxy_power,2026-04-01,1e+120,3.1622776601683794e-28,point_fit,finite_optimum,5.2526758551697485e+119,119.72038060113536,0.5252675855169748,4.747324144830251e+119,119.67644888613273,1.106449800966259e+120,120.04393171500264,beyond_budget,,,0.903791567522271,1.1064498009662591,3.4,1.4285714285714286,,1.0,3.633699292921094e+119,5.21463888213453e+119,6.601286430149329e+119,,,,inference/inference_results.json,/projections/14,"finite_power_law_stop; primary date-cleaned sample, hardware-adjusted inference price, not measured FLOPs. Bootstrap intervals conditional on positive slope and fixed selected sample; explicit same-base-model variants clustered together."
method_0154,inference_cost,gpqa_pareto_open_ols,raw_proxy_power,2026-04-01,1e+120,3.1622776601683794e-28,point_fit,finite_optimum,4.56910206010254e+119,119.65983085900653,0.45691020601025406,5.4308979398974595e+119,119.73487164139402,8.413161342134905e+119,119.92495921761251,within_budget,,,1.1886138388809766,0.8413161342134906,5.0,1.4285714285714286,,1.0,3.0265044773103775e+119,4.531290368332961e+119,5.962642225560296e+119,,,,inference/inference_results.json,/projections/15,"finite_power_law_stop; primary date-cleaned sample, hardware-adjusted inference price, not measured FLOPs. Bootstrap intervals conditional on positive slope and fixed selected sample; explicit same-base-model variants clustered together."
method_0155,inference_cost,gpqa_pareto_open_robust,raw_proxy_power,2026-04-01,1e+120,3.1622776601683794e-28,point_fit,finite_optimum,4.773975098634887e+119,119.67888014936834,0.47739750986348867,5.226024901365113e+119,119.71817147475596,9.135002585593984e+119,119.96070867461238,within_budget,,,1.0946904400191553,0.9135002585593984,3.4,1.49,,1.0,3.14667510152522e+119,4.767369963317293e+119,6.549114205660523e+119,,,,inference/inference_results.json,/projections/16,"finite_power_law_stop; primary date-cleaned sample, hardware-adjusted inference price, not measured FLOPs. Bootstrap intervals conditional on positive slope and fixed selected sample; explicit same-base-model variants clustered together."
method_0156,inference_cost,gpqa_pareto_open_robust,raw_proxy_power,2026-04-01,1e+120,3.1622776601683794e-28,point_fit,finite_optimum,4.09891018338473e+119,119.61266840202283,0.409891018338473,5.90108981661527e+119,119.77093222480059,6.946022363265387e+119,119.84173617722224,within_budget,,,1.4396728770822602,0.6946022363265387,5.0,1.49,,1.0,2.587776345049789e+119,4.092507637415628e+119,5.906745344385421e+119,,,,inference/inference_results.json,/projections/17,"finite_power_law_stop; primary date-cleaned sample, hardware-adjusted inference price, not measured FLOPs. Bootstrap intervals conditional on positive slope and fixed selected sample; explicit same-base-model variants clustered together."
method_0157,inference_cost,gpqa_pareto_open_robust,raw_proxy_power,2026-04-01,1e+120,3.1622776601683794e-28,point_fit,finite_optimum,4.8662740262603234e+119,119.68719656097416,0.4866274026260324,5.1337259737396764e+119,119.71043268333253,9.479029560893123e+119,119.97676387764163,within_budget,,,1.0549603137916357,0.9479029560893123,3.4,1.4285714285714286,,1.0,3.304536059150451e+119,4.859900285557774e+119,6.589602373447275e+119,,,,inference/inference_results.json,/projections/18,"finite_power_law_stop; primary date-cleaned sample, hardware-adjusted inference price, not measured FLOPs. Bootstrap intervals conditional on positive slope and fixed selected sample; explicit same-base-model variants clustered together."
method_0158,inference_cost,gpqa_pareto_open_robust,raw_proxy_power,2026-04-01,1e+120,3.1622776601683794e-28,point_fit,finite_optimum,4.188618277025522e+119,119.62207078343707,0.4188618277025522,5.811381722974478e+119,119.76427940318557,7.207611677729603e+119,119.8577913802515,within_budget,,,1.3874221374742541,0.7207611677729603,5.0,1.4285714285714286,,1.0,2.7287626723148397e+119,4.182409016795459e+119,5.950109615542221e+119,,,,inference/inference_results.json,/projections/19,"finite_power_law_stop; primary date-cleaned sample, hardware-adjusted inference price, not measured FLOPs. Bootstrap intervals conditional on positive slope and fixed selected sample; explicit same-base-model variants clustered together."
method_0159,inference_cost,gpqa_pareto_open_linear_score,raw_proxy_power,2026-04-01,1e+120,3.1622776601683794e-28,point_fit,finite_optimum,4.674175362814983e+119,119.66970500195313,0.46741753628149835,5.325824637185017e+119,119.72638686237391,8.776434977186058e+119,119.94331813957922,within_budget,,,1.1394148109106423,0.8776434977186058,3.4,1.49,,0.9975,2.674461611684821e+119,4.6035883044399866e+119,6.10388036249267e+119,,,,inference/inference_results.json,/projections/20,"finite_power_law_stop; primary date-cleaned sample, hardware-adjusted inference price, not measured FLOPs. Bootstrap intervals conditional on positive slope and fixed selected sample; explicit same-base-model variants clustered together."
method_0160,inference_cost,gpqa_pareto_open_linear_score,raw_proxy_power,2026-04-01,1e+120,3.1622776601683794e-28,point_fit,finite_optimum,4.0024146482144826e+119,119.60232207932845,0.4002414648214483,5.997585351785517e+119,119.77797643713936,6.673376723222354e+119,119.82434564218909,within_budget,,,1.4984917553360195,0.6673376723222354,5.0,1.49,,0.9975,2.172933115036812e+119,3.934477817735669e+119,5.436385711854467e+119,,,,inference/inference_results.json,/projections/21,"finite_power_law_stop; primary date-cleaned sample, hardware-adjusted inference price, not measured FLOPs. Bootstrap intervals conditional on positive slope and fixed selected sample; explicit same-base-model variants clustered together."
method_0161,inference_cost,gpqa_pareto_open_linear_score,raw_proxy_power,2026-04-01,1e+120,3.1622776601683794e-28,point_fit,finite_optimum,4.770000837401189e+119,119.67851845528303,0.47700008374011893,5.229999162598811e+119,119.71850161933023,9.120461952485197e+119,119.9600168359528,within_budget,,,1.0964356906587545,0.9120461952485197,3.4,1.4285714285714286,,0.9975,2.8545532425512636e+119,4.701947246818737e+119,6.155412139929808e+119,,,,inference/inference_results.json,/projections/22,"finite_power_law_stop; primary date-cleaned sample, hardware-adjusted inference price, not measured FLOPs. Bootstrap intervals conditional on positive slope and fixed selected sample; explicit same-base-model variants clustered together."
method_0162,inference_cost,gpqa_pareto_open_linear_score,raw_proxy_power,2026-04-01,1e+120,3.1622776601683794e-28,point_fit,finite_optimum,4.0950575408617314e+119,119.61226000853921,0.4095057540861731,5.9049424591382684e+119,119.77121566997654,6.934966037686569e+119,119.84104433856267,within_budget,,,1.4419681287056298,0.693496603768657,5.0,1.4285714285714286,,0.9975,2.3299825939121874e+119,4.029214820621476e+119,5.4902231543976995e+119,,,,inference/inference_results.json,/projections/23,"finite_power_law_stop; primary date-cleaned sample, hardware-adjusted inference price, not measured FLOPs. Bootstrap intervals conditional on positive slope and fixed selected sample; explicit same-base-model variants clustered together."
method_0163,inference_cost,aime_all_ols,raw_proxy_power,2026-04-01,1e+120,3.1622776601683794e-28,point_fit,finite_optimum,5.47812102092421e+119,119.73863162232082,0.547812102092421,4.5218789790757896e+119,119.65531893496137,1.211470065048902e+120,120.08331268735945,beyond_budget,,,0.8254434251824737,1.211470065048902,3.4,1.49,,1.0,4.2827148858327945e+119,5.422135759539146e+119,6.194873598209406e+119,,,,inference/inference_results.json,/projections/24,"finite_power_law_stop; primary date-cleaned sample, hardware-adjusted inference price, not measured FLOPs. Bootstrap intervals conditional on positive slope and fixed selected sample; explicit same-base-model variants clustered together."
method_0164,inference_cost,aime_all_ols,raw_proxy_power,2026-04-01,1e+120,3.1622776601683794e-28,point_fit,finite_optimum,4.7948408849708504e+119,119.68077419984334,0.47948408849708507,5.2051591150291494e+119,119.71643400987402,9.211708574146053e+119,119.96434018996932,within_budget,,,1.0855749418806404,0.9211708574146054,5.0,1.49,,1.0,3.6288800376581755e+119,4.738521087028493e+119,5.531555277507869e+119,,,,inference/inference_results.json,/projections/25,"finite_power_law_stop; primary date-cleaned sample, hardware-adjusted inference price, not measured FLOPs. Bootstrap intervals conditional on positive slope and fixed selected sample; explicit same-base-model variants clustered together."
method_0165,inference_cost,aime_all_ols,raw_proxy_power,2026-04-01,1e+120,3.1622776601683794e-28,point_fit,finite_optimum,5.547388005846986e+119,119.7440885431828,0.5547388005846986,4.4526119941530136e+119,119.64861485184802,1.245872762578816e+120,120.09547369133477,beyond_budget,,,0.8026501822947898,1.245872762578816,3.4,1.4285714285714286,,1.0,4.392999015118988e+119,5.493115088050331e+119,6.244041579587275e+119,,,,inference/inference_results.json,/projections/26,"finite_power_law_stop; primary date-cleaned sample, hardware-adjusted inference price, not measured FLOPs. Bootstrap intervals conditional on positive slope and fixed selected sample; explicit same-base-model variants clustered together."
method_0166,inference_cost,aime_all_ols,raw_proxy_power,2026-04-01,1e+120,3.1622776601683794e-28,point_fit,finite_optimum,4.8647629912502404e+119,119.68706168651607,0.48647629912502405,5.135237008749759e+119,119.71056049257143,9.47329788861027e+119,119.97650119394464,within_budget,,,1.055598601203387,0.9473297888610269,5.0,1.4285714285714286,,1.0,3.7333215664081385e+119,4.8099541118776986e+119,5.5831833339605885e+119,,,,inference/inference_results.json,/projections/27,"finite_power_law_stop; primary date-cleaned sample, hardware-adjusted inference price, not measured FLOPs. Bootstrap intervals conditional on positive slope and fixed selected sample; explicit same-base-model variants clustered together."
method_0167,inference_cost,aime_open_ols,raw_proxy_power,2026-04-01,1e+120,3.1622776601683794e-28,point_fit,finite_optimum,3.887330507319948e+119,119.58965146664187,0.38873305073199477,6.112669492680052e+119,119.78623091445726,6.359464571043866e+119,119.8034205521846,within_budget,,,1.5724594245767711,0.6359464571043866,3.4,1.49,,0.975,1.4996575727529842e+119,3.7308045236245e+119,5.206308323698238e+119,,,,inference/inference_results.json,/projections/28,"finite_power_law_stop; primary date-cleaned sample, hardware-adjusted inference price, not measured FLOPs. Bootstrap intervals conditional on positive slope and fixed selected sample; explicit same-base-model variants clustered together."
method_0168,inference_cost,aime_open_ols,raw_proxy_power,2026-04-01,1e+120,3.1622776601683794e-28,point_fit,finite_optimum,3.25944527499515e+119,119.51314369377714,0.325944527499515,6.74055472500485e+119,119.82869563898267,4.8355742338295524e+119,119.68444805479447,within_budget,,,2.068006717804115,0.48355742338295526,5.0,1.49,,0.975,1.182920562079604e+119,3.1153174175046506e+119,4.523040515170529e+119,,,,inference/inference_results.json,/projections/29,"finite_power_law_stop; primary date-cleaned sample, hardware-adjusted inference price, not measured FLOPs. Bootstrap intervals conditional on positive slope and fixed selected sample; explicit same-base-model variants clustered together."
method_0169,inference_cost,aime_open_ols,raw_proxy_power,2026-04-01,1e+120,3.1622776601683794e-28,point_fit,finite_optimum,4.013227730109301e+119,119.60349380441953,0.4013227730109301,5.986772269890699e+119,119.77719273838439,6.703491546343004e+119,119.82630106603514,within_budget,,,1.491759918076627,0.6703491546343003,3.4,1.4285714285714286,,0.9775,1.6422759594407512e+119,3.857100914703096e+119,5.281387519762875e+119,,,,inference/inference_results.json,/projections/30,"finite_power_law_stop; primary date-cleaned sample, hardware-adjusted inference price, not measured FLOPs. Bootstrap intervals conditional on positive slope and fixed selected sample; explicit same-base-model variants clustered together."
method_0170,inference_cost,aime_open_ols,raw_proxy_power,2026-04-01,1e+120,3.1622776601683794e-28,point_fit,finite_optimum,3.376239206781219e+119,119.52843320883775,0.33762392067812186,6.623760793218782e+119,119.82110464019274,5.0971635482937684e+119,119.70732856864501,within_budget,,,1.9618754441080106,0.5097163548293768,5.0,1.4285714285714286,,0.9775,1.2999247718689888e+119,3.231517105178644e+119,4.597715835883389e+119,,,,inference/inference_results.json,/projections/31,"finite_power_law_stop; primary date-cleaned sample, hardware-adjusted inference price, not measured FLOPs. Bootstrap intervals conditional on positive slope and fixed selected sample; explicit same-base-model variants clustered together."
method_0171,inference_cost,aime_pareto_all_ols,raw_proxy_power,2026-04-01,1e+120,3.1622776601683794e-28,point_fit,finite_optimum,6.058424311002814e+119,119.78235968653958,0.6058424311002814,3.941575688997186e+119,119.59566987061683,1.5370564436742294e+120,120.18668981592275,beyond_budget,,,0.6505941952330441,1.5370564436742293,3.4,1.49,,1.0,4.4728439449196326e+119,6.078925984674751e+119,6.953103658934521e+119,,,,inference/inference_results.json,/projections/32,"finite_power_law_stop; primary date-cleaned sample, hardware-adjusted inference price, not measured FLOPs. Bootstrap intervals conditional on positive slope and fixed selected sample; explicit same-base-model variants clustered together."
method_0172,inference_cost,aime_pareto_all_ols,raw_proxy_power,2026-04-01,1e+120,3.1622776601683794e-28,point_fit,finite_optimum,5.389024357818749e+119,119.73151014656547,0.5389024357818749,4.610975642181251e+119,119.66379282803285,1.1687384137361082e+120,120.06771731853263,beyond_budget,,,0.8556234553832265,1.1687384137361083,5.0,1.49,,1.0,3.809322857099457e+119,5.410370298714715e+119,6.343954948398209e+119,,,,inference/inference_results.json,/projections/33,"finite_power_law_stop; primary date-cleaned sample, hardware-adjusted inference price, not measured FLOPs. Bootstrap intervals conditional on positive slope and fixed selected sample; explicit same-base-model variants clustered together."
method_0173,inference_cost,aime_pareto_all_ols,raw_proxy_power,2026-04-01,1e+120,3.1622776601683794e-28,point_fit,finite_optimum,6.111157342629493e+119,119.78612346554867,0.6111157342629493,3.888842657370507e+119,119.58982037194198,1.5714591412041433e+120,120.19630309360669,beyond_budget,,,0.6363512571085634,1.5714591412041432,3.4,1.4285714285714286,,1.0,4.575981235693865e+119,6.13111552070173e+119,6.984710376745387e+119,,,,inference/inference_results.json,/projections/34,"finite_power_law_stop; primary date-cleaned sample, hardware-adjusted inference price, not measured FLOPs. Bootstrap intervals conditional on positive slope and fixed selected sample; explicit same-base-model variants clustered together."
method_0174,inference_cost,aime_pareto_all_ols,raw_proxy_power,2026-04-01,1e+120,3.1622776601683794e-28,point_fit,finite_optimum,5.4439782698956284e+119,119.73591638301123,0.5443978269895628,4.5560217301043714e+119,119.65858578679466,1.1948973451825298e+120,120.07733059621657,beyond_budget,,,0.8368919757263686,1.1948973451825298,5.0,1.4285714285714286,,1.0,3.9079780256289626e+119,5.464819601379268e+119,6.378589490792503e+119,,,,inference/inference_results.json,/projections/35,"finite_power_law_stop; primary date-cleaned sample, hardware-adjusted inference price, not measured FLOPs. Bootstrap intervals conditional on positive slope and fixed selected sample; explicit same-base-model variants clustered together."
method_0175,inference_cost,aime_pareto_open_ols,raw_proxy_power,2026-04-01,1e+120,3.1622776601683794e-28,point_fit,finite_optimum,5.263385885314491e+119,119.72126521149917,0.5263385885314491,4.736614114685509e+119,119.67546800480625,1.1112127266174723e+120,120.04579720669292,beyond_budget,,,0.8999176989666026,1.1112127266174723,3.4,1.49,,0.9875,2.540556458155266e+119,5.4084340450645725e+119,6.811719709072814e+119,,,,inference/inference_results.json,/projections/36,"finite_power_law_stop; primary date-cleaned sample, hardware-adjusted inference price, not measured FLOPs. Bootstrap intervals conditional on positive slope and fixed selected sample; explicit same-base-model variants clustered together."
method_0176,inference_cost,aime_pareto_open_ols,raw_proxy_power,2026-04-01,1e+120,3.1622776601683794e-28,point_fit,finite_optimum,4.579762895333728e+119,119.66084299417992,0.4579762895333728,5.4202371046662716e+119,119.73401828487712,8.44937741079817e+119,119.92682470930279,within_budget,,,1.183519153401783,0.844937741079817,5.0,1.49,,0.9875,2.0570013454277275e+119,4.724763922520523e+119,6.189794431338645e+119,,,,inference/inference_results.json,/projections/37,"finite_power_law_stop; primary date-cleaned sample, hardware-adjusted inference price, not measured FLOPs. Bootstrap intervals conditional on positive slope and fixed selected sample; explicit same-base-model variants clustered together."
method_0177,inference_cost,aime_pareto_open_ols,raw_proxy_power,2026-04-01,1e+120,3.1622776601683794e-28,point_fit,finite_optimum,5.339332534872251e+119,119.72748696966157,0.5339332534872251,4.660667465127749e+119,119.66844811747625,1.1456154241473862e+120,120.05903885218532,beyond_budget,,,0.8728932754586828,1.1456154241473862,3.4,1.4285714285714286,,0.9925,2.659807502001642e+119,5.471063657166449e+119,6.845738132406618e+119,,,,inference/inference_results.json,/projections/38,"finite_power_law_stop; primary date-cleaned sample, hardware-adjusted inference price, not measured FLOPs. Bootstrap intervals conditional on positive slope and fixed selected sample; explicit same-base-model variants clustered together."
method_0178,inference_cost,aime_pareto_open_ols,raw_proxy_power,2026-04-01,1e+120,3.1622776601683794e-28,point_fit,finite_optimum,4.655540706777795e+119,119.6679701283534,0.46555407067777954,5.3444592932222046e+119,119.7279037735582,8.710966725262385e+119,119.94006635479519,within_budget,,,1.147978211304531,0.8710966725262386,5.0,1.4285714285714286,,0.9925,2.1601391441476434e+119,4.7877317686381966e+119,6.226772833551948e+119,,,,inference/inference_results.json,/projections/39,"finite_power_law_stop; primary date-cleaned sample, hardware-adjusted inference price, not measured FLOPs. Bootstrap intervals conditional on positive slope and fixed selected sample; explicit same-base-model variants clustered together."
method_0179,inference_cost,aime_pareto_open_robust,raw_proxy_power,2026-04-01,1e+120,3.1622776601683794e-28,point_fit,finite_optimum,4.921901369267216e+119,119.69213290656057,0.4921901369267216,5.078098630732784e+119,119.70570113182069,9.692409949424262e+119,119.98643177473988,within_budget,,,1.0317351465921032,0.9692409949424262,3.4,1.49,,0.9675,1.5358362673893165e+119,5.050994252363153e+119,6.886705246832225e+119,,,,inference/inference_results.json,/projections/40,"finite_power_law_stop; primary date-cleaned sample, hardware-adjusted inference price, not measured FLOPs. Bootstrap intervals conditional on positive slope and fixed selected sample; explicit same-base-model variants clustered together."
method_0180,inference_cost,aime_pareto_open_robust,raw_proxy_power,2026-04-01,1e+120,3.1622776601683794e-28,point_fit,finite_optimum,4.242901430920359e+119,119.62766294255978,0.42429014309203594,5.757098569079641e+119,119.76020366521003,7.36986066854619e+119,119.86745927734975,within_budget,,,1.3568777551899962,0.7369860668546191,5.0,1.49,,0.9675,1.2124312262716916e+119,4.3695092783929645e+119,6.271407502091512e+119,,,,inference/inference_results.json,/projections/41,"finite_power_law_stop; primary date-cleaned sample, hardware-adjusted inference price, not measured FLOPs. Bootstrap intervals conditional on positive slope and fixed selected sample; explicit same-base-model variants clustered together."
method_0181,inference_cost,aime_pareto_open_robust,raw_proxy_power,2026-04-01,1e+120,3.1622776601683794e-28,point_fit,finite_optimum,5.009092665741991e+119,119.6997590659974,0.5009092665741991,4.990907334258009e+119,119.69817950643314,1.00364369247234e+120,120.00157955956425,beyond_budget,,,0.9963695358226541,1.00364369247234,3.4,1.4285714285714286,,0.97,1.7465532746363355e+119,5.129097464356687e+119,6.91807508196653e+119,,,,inference/inference_results.json,/projections/42,"finite_power_law_stop; primary date-cleaned sample, hardware-adjusted inference price, not measured FLOPs. Bootstrap intervals conditional on positive slope and fixed selected sample; explicit same-base-model variants clustered together."
method_0182,inference_cost,aime_pareto_open_robust,raw_proxy_power,2026-04-01,1e+120,3.1622776601683794e-28,point_fit,finite_optimum,4.328316724015348e+119,119.63631903270372,0.4328316724015348,5.671683275984652e+119,119.75371197052961,7.631449983010407e+119,119.88260706217412,within_budget,,,1.3103669711866817,0.7631449983010407,5.0,1.4285714285714286,,0.97,1.3860517508862863e+119,4.44654322029853e+119,6.30565159709354e+119,,,,inference/inference_results.json,/projections/43,"finite_power_law_stop; primary date-cleaned sample, hardware-adjusted inference price, not measured FLOPs. Bootstrap intervals conditional on positive slope and fixed selected sample; explicit same-base-model variants clustered together."
method_0183,inference_cost,aime_pareto_open_linear_score,raw_proxy_power,2026-04-01,1e+120,3.1622776601683794e-28,point_fit,finite_optimum,4.613756791300359e+119,119.66405469747157,0.4613756791300359,5.386243208699641e+119,119.73128595951209,8.565815936139695e+119,119.93276873795949,within_budget,,,1.1674311092547993,0.8565815936139695,3.4,1.49,,0.96,2.000264166828194e+119,4.657778616904972e+119,6.604543804194192e+119,,,,inference/inference_results.json,/projections/44,"finite_power_law_stop; primary date-cleaned sample, hardware-adjusted inference price, not measured FLOPs. Bootstrap intervals conditional on positive slope and fixed selected sample; explicit same-base-model variants clustered together."
method_0184,inference_cost,aime_pareto_open_linear_score,raw_proxy_power,2026-04-01,1e+120,3.1622776601683794e-28,point_fit,finite_optimum,3.9442485932205675e+119,119.5959642793071,0.3944248593220568,6.055751406779432e+119,119.78216803873774,6.513227390419245e+119,119.81379624056936,within_budget,,,1.5353371532382991,0.6513227390419245,5.0,1.49,,0.96,1.5975286770564194e+119,3.98661083576084e+119,5.966140812869045e+119,,,,inference/inference_results.json,/projections/45,"finite_power_law_stop; primary date-cleaned sample, hardware-adjusted inference price, not measured FLOPs. Bootstrap intervals conditional on positive slope and fixed selected sample; explicit same-base-model variants clustered together."
method_0185,inference_cost,aime_pareto_open_linear_score,raw_proxy_power,2026-04-01,1e+120,3.1622776601683794e-28,point_fit,finite_optimum,4.711748771878556e+119,119.67318212602872,0.4711748771878556,5.288251228121444e+119,119.72331207892749,8.909842911438833e+119,119.94987004710121,within_budget,,,1.1223542434358271,0.8909842911438833,3.4,1.4285714285714286,,0.975,1.8483494650799233e+119,4.709100764053876e+119,6.63540110874504e+119,,,,inference/inference_results.json,/projections/46,"finite_power_law_stop; primary date-cleaned sample, hardware-adjusted inference price, not measured FLOPs. Bootstrap intervals conditional on positive slope and fixed selected sample; explicit same-base-model variants clustered together."
method_0186,inference_cost,aime_pareto_open_linear_score,raw_proxy_power,2026-04-01,1e+120,3.1622776601683794e-28,point_fit,finite_optimum,4.038682999684393e+119,119.60623976629435,0.4038682999684393,5.9613170003156065e+119,119.77534221658327,6.774816704883459e+119,119.8308975497111,within_budget,,,1.476054694260842,0.677481670488346,5.0,1.4285714285714286,,0.975,1.4705852153946399e+119,4.0361251296963495e+119,5.999288144832966e+119,,,,inference/inference_results.json,/projections/47,"finite_power_law_stop; primary date-cleaned sample, hardware-adjusted inference price, not measured FLOPs. Bootstrap intervals conditional on positive slope and fixed selected sample; explicit same-base-model variants clustered together."
method_0187,inference_cost,swe_all_ols,raw_proxy_power,2026-03-01,1e+120,3.1622776601683794e-28,point_fit,nonpositive_improvement_incompatible_k0,,,,,,,,,,,,-0.16026718488212405,3.4,1.49,,0.4825,4.566328779977057e+118,4.678635505447671e+119,6.884739605843713e+119,,,,inference/inference_results.json,/projections/48,"Non-positive hardware-adjusted improvement; incompatible with positive k0 calibration; primary date-cleaned sample, hardware-adjusted inference price, not measured FLOPs. Bootstrap intervals conditional on positive slope and fixed selected sample; explicit same-base-model variants clustered together."
method_0188,inference_cost,swe_all_ols,raw_proxy_power,2026-03-01,1e+120,3.1622776601683794e-28,point_fit,nonpositive_improvement_incompatible_k0,,,,,,,,,,,,-0.12186306898745528,5.0,1.49,,0.4825,3.5105326509415267e+118,4.0067160268441906e+119,6.2692578129837504e+119,,,,inference/inference_results.json,/projections/49,"Non-positive hardware-adjusted improvement; incompatible with positive k0 calibration; primary date-cleaned sample, hardware-adjusted inference price, not measured FLOPs. Bootstrap intervals conditional on positive slope and fixed selected sample; explicit same-base-model variants clustered together."
method_0189,inference_cost,swe_all_ols,raw_proxy_power,2026-03-01,1e+120,3.1622776601683794e-28,point_fit,nonpositive_improvement_incompatible_k0,,,,,,,,,,,,-0.12586448735221023,3.4,1.4285714285714286,,0.5,4.384438615784467e+118,4.6473565693820185e+119,6.913433084034373e+119,,,,inference/inference_results.json,/projections/50,"Non-positive hardware-adjusted improvement; incompatible with positive k0 calibration; primary date-cleaned sample, hardware-adjusted inference price, not measured FLOPs. Bootstrap intervals conditional on positive slope and fixed selected sample; explicit same-base-model variants clustered together."
method_0190,inference_cost,swe_all_ols,raw_proxy_power,2026-03-01,1e+120,3.1622776601683794e-28,point_fit,nonpositive_improvement_incompatible_k0,,,,,,,,,,,,-0.09570413754103375,5.0,1.4285714285714286,,0.5,3.3692162065431987e+118,3.976580052310061e+119,6.300573140916478e+119,,,,inference/inference_results.json,/projections/51,"Non-positive hardware-adjusted improvement; incompatible with positive k0 calibration; primary date-cleaned sample, hardware-adjusted inference price, not measured FLOPs. Bootstrap intervals conditional on positive slope and fixed selected sample; explicit same-base-model variants clustered together."
method_0191,inference_cost,swe_open_ols,raw_proxy_power,2026-03-01,1e+120,3.1622776601683794e-28,point_fit,nonpositive_improvement_incompatible_k0,,,,,,,,,,,,-3.736225710566918,3.4,1.49,,0.3143712574850299,6.019120613628518e+118,4.0289753686707635e+119,5.2341140349131844e+119,,,,inference/inference_results.json,/projections/52,"Non-positive hardware-adjusted improvement; incompatible with positive k0 calibration; primary date-cleaned sample, hardware-adjusted inference price, not measured FLOPs. Bootstrap intervals conditional on positive slope and fixed selected sample; explicit same-base-model variants clustered together."
method_0192,inference_cost,swe_open_ols,raw_proxy_power,2026-03-01,1e+120,3.1622776601683794e-28,point_fit,nonpositive_improvement_incompatible_k0,,,,,,,,,,,,-2.84093048651474,5.0,1.49,,0.3143712574850299,4.643764036286578e+118,3.390903059907118e+119,4.5506403193461965e+119,,,,inference/inference_results.json,/projections/53,"Non-positive hardware-adjusted improvement; incompatible with positive k0 calibration; primary date-cleaned sample, hardware-adjusted inference price, not measured FLOPs. Bootstrap intervals conditional on positive slope and fixed selected sample; explicit same-base-model variants clustered together."
method_0193,inference_cost,swe_open_ols,raw_proxy_power,2026-03-01,1e+120,3.1622776601683794e-28,point_fit,nonpositive_improvement_incompatible_k0,,,,,,,,,,,,-3.7018230130370045,3.4,1.4285714285714286,,0.3143712574850299,8.962539919450634e+118,4.149162886880555e+119,5.310994653959756e+119,,,,inference/inference_results.json,/projections/54,"Non-positive hardware-adjusted improvement; incompatible with positive k0 calibration; primary date-cleaned sample, hardware-adjusted inference price, not measured FLOPs. Bootstrap intervals conditional on positive slope and fixed selected sample; explicit same-base-model variants clustered together."
method_0194,inference_cost,swe_open_ols,raw_proxy_power,2026-03-01,1e+120,3.1622776601683794e-28,point_fit,nonpositive_improvement_incompatible_k0,,,,,,,,,,,,-2.8147715550683183,5.0,1.4285714285714286,,0.3143712574850299,6.964458619405431e+118,3.503223818264208e+119,4.627228863665807e+119,,,,inference/inference_results.json,/projections/55,"Non-positive hardware-adjusted improvement; incompatible with positive k0 calibration; primary date-cleaned sample, hardware-adjusted inference price, not measured FLOPs. Bootstrap intervals conditional on positive slope and fixed selected sample; explicit same-base-model variants clustered together."
method_0195,inference_cost,swe_pareto_all_ols,raw_proxy_power,2026-02-01,1e+120,3.1622776601683794e-28,point_fit,finite_optimum,5.201385766591498e+119,119.7161190649052,0.5201385766591498,4.798614233408502e+119,119.68111583785989,1.0839349682203778e+120,120.03500322704531,beyond_budget,,,0.9225645719704166,1.0839349682203778,3.4,1.49,,0.9825,2.3738296985392874e+119,5.246115765978264e+119,7.613079945163646e+119,,,,inference/inference_results.json,/projections/56,"finite_power_law_stop; primary date-cleaned sample, hardware-adjusted inference price, not measured FLOPs. Bootstrap intervals conditional on positive slope and fixed selected sample; explicit same-base-model variants clustered together."
method_0196,inference_cost,swe_pareto_all_ols,raw_proxy_power,2026-02-01,1e+120,3.1622776601683794e-28,point_fit,finite_optimum,4.5181342155674834e+119,119.65495912791559,0.45181342155674836,5.4818657844325164e+119,119.73892839826041,8.241964311490712e+119,119.91603072965518,within_budget,,,1.2133029969637559,0.8241964311490713,5.0,1.49,,0.9825,1.9138901040760042e+119,4.5625751945839204e+119,7.080476160039147e+119,,,,inference/inference_results.json,/projections/57,"finite_power_law_stop; primary date-cleaned sample, hardware-adjusted inference price, not measured FLOPs. Bootstrap intervals conditional on positive slope and fixed selected sample; explicit same-base-model variants clustered together."
method_0197,inference_cost,swe_pareto_all_ols,raw_proxy_power,2026-02-01,1e+120,3.1622776601683794e-28,point_fit,finite_optimum,5.279317286529901e+119,119.72257776384757,0.5279317286529901,4.720682713470099e+119,119.67400481161114,1.1183376657502914e+120,120.04857295223644,beyond_budget,,,0.8941843153687408,1.1183376657502915,3.4,1.4285714285714286,,0.985,2.5166541224579044e+119,5.311553881308907e+119,7.631744172652563e+119,,,,inference/inference_results.json,/projections/58,"finite_power_law_stop; primary date-cleaned sample, hardware-adjusted inference price, not measured FLOPs. Bootstrap intervals conditional on positive slope and fixed selected sample; explicit same-base-model variants clustered together."
method_0198,inference_cost,swe_pareto_all_ols,raw_proxy_power,2026-02-01,1e+120,3.1622776601683794e-28,point_fit,finite_optimum,4.595632708101539e+119,119.66234531174408,0.45956327081015386,5.404367291898461e+119,119.73274485689778,8.503553625954929e+119,119.92960045484631,within_budget,,,1.175978942436201,0.8503553625954928,5.0,1.4285714285714286,,0.985,2.0364130696404005e+119,4.627790503437735e+119,7.10171940000011e+119,,,,inference/inference_results.json,/projections/59,"finite_power_law_stop; primary date-cleaned sample, hardware-adjusted inference price, not measured FLOPs. Bootstrap intervals conditional on positive slope and fixed selected sample; explicit same-base-model variants clustered together."
method_0199,inference_cost,swe_pareto_open_ols,not_fitted,2026-03-01,1e+120,3.1622776601683794e-28,point_fit,insufficient_data,,,,,,,,,,,,,,,,,,,,,,,inference/inference_results.json,/fits/15,Insufficient sample: require >=8 usable points and full-rank design; n=6. No H/G projections fitted.
method_0200,inference_cost,swe_pareto_open_robust,not_fitted,2026-03-01,1e+120,3.1622776601683794e-28,point_fit,insufficient_data,,,,,,,,,,,,,,,,,,,,,,,inference/inference_results.json,/fits/16,Insufficient sample: require >=8 usable points and full-rank design; n=6. No H/G projections fitted.
method_0201,inference_cost,swe_pareto_open_linear_score,not_fitted,2026-03-01,1e+120,3.1622776601683794e-28,point_fit,insufficient_data,,,,,,,,,,,,,,,,,,,,,,,inference/inference_results.json,/fits/17,Insufficient sample: require >=8 usable points and full-rank design; n=6. No H/G projections fitted.
method_0202,inference_source_date_sensitivity,gpqa_all_ols_retain_flagged_dates,raw_proxy_power,2026-04-01,1e+120,3.1622776601683794e-28,point_fit,finite_optimum,4.562349908941397e+119,119.65918859038712,0.4562349908941397,5.437650091058603e+119,119.73541125760755,8.390296971192563e+119,119.92377733277957,within_budget,,,1.191852926581053,0.8390296971192563,3.4,1.49,,,,,,,,,inference/data_quality_sensitivity.json,/fits/0/with_flagged_rows_projection,Sensitivity deliberately retains independently verified date contradictions; not the corrected primary fit. Point estimates only; no uncertainty interval attached. Point-estimate sensitivity to retaining independently flagged date rows; revised clustering does not affect point estimates.
method_0203,inference_source_date_sensitivity,gpqa_open_ols_retain_flagged_dates,raw_proxy_power,2026-04-01,1e+120,3.1622776601683794e-28,point_fit,nonpositive_improvement_incompatible_k0,,,,,,,,,,,,-0.12849679401767758,3.4,1.49,,,,,,,,,inference/data_quality_sensitivity.json,/fits/1/with_flagged_rows_projection,Sensitivity deliberately retains independently verified date contradictions; not the corrected primary fit. Point estimates only; no uncertainty interval attached. Point-estimate sensitivity to retaining independently flagged date rows; revised clustering does not affect point estimates.
method_0204,inference_source_date_sensitivity,gpqa_pareto_all_ols_retain_flagged_dates,raw_proxy_power,2026-02-01,1e+120,3.1622776601683794e-28,point_fit,finite_optimum,6.043868982122678e+119,119.78131504121333,0.6043868982122679,3.9561310178773215e+119,119.59727066598857,1.5277221494462896e+120,120.18404437522476,beyond_budget,,,0.6545692882455372,1.5277221494462896,3.4,1.49,,,,,,,,,inference/data_quality_sensitivity.json,/fits/2/with_flagged_rows_projection,Sensitivity deliberately retains independently verified date contradictions; not the corrected primary fit. Point estimates only; no uncertainty interval attached. Point-estimate sensitivity to retaining independently flagged date rows; revised clustering does not affect point estimates.
method_0205,inference_source_date_sensitivity,gpqa_pareto_open_ols_retain_flagged_dates,raw_proxy_power,2026-04-01,1e+120,3.1622776601683794e-28,point_fit,finite_optimum,4.448312939498186e+119,119.64819533233222,0.44483129394981863,5.5516870605018135e+119,119.74442497766877,8.012542657791856e+119,119.90377035466345,within_budget,,,1.2480432775325603,0.8012542657791857,3.4,1.49,,,,,,,,,inference/data_quality_sensitivity.json,/fits/3/with_flagged_rows_projection,Sensitivity deliberately retains independently verified date contradictions; not the corrected primary fit. Point estimates only; no uncertainty interval attached. Point-estimate sensitivity to retaining independently flagged date rows; revised clustering does not affect point estimates.
method_0206,inference_source_date_sensitivity,gpqa_pareto_open_robust_retain_flagged_dates,raw_proxy_power,2026-04-01,1e+120,3.1622776601683794e-28,point_fit,finite_optimum,4.104101347879273e+119,119.61321807683116,0.4104101347879273,5.895898652120727e+119,119.7705500095859,6.96094283507239e+119,119.84266806724527,within_budget,,,1.4365870022111746,0.696094283507239,3.4,1.49,,,,,,,,,inference/data_quality_sensitivity.json,/fits/4/with_flagged_rows_projection,Sensitivity deliberately retains independently verified date contradictions; not the corrected primary fit. Point estimates only; no uncertainty interval attached. Point-estimate sensitivity to retaining independently flagged date rows; revised clustering does not affect point estimates.
method_0207,inference_source_date_sensitivity,gpqa_pareto_open_linear_score_retain_flagged_dates,raw_proxy_power,2026-04-01,1e+120,3.1622776601683794e-28,point_fit,finite_optimum,3.740314242949044e+119,119.57290809103621,0.3740314242949044,6.259685757050956e+119,119.79655253170816,5.97524282866105e+119,119.77635555932807,within_budget,,,1.6735721520862155,0.597524282866105,3.4,1.49,,,,,,,,,inference/data_quality_sensitivity.json,/fits/5/with_flagged_rows_projection,Sensitivity deliberately retains independently verified date contradictions; not the corrected primary fit. Point estimates only; no uncertainty interval attached. Point-estimate sensitivity to retaining independently flagged date rows; revised clustering does not affect point estimates.
method_0208,inference_source_date_sensitivity,aime_all_ols_retain_flagged_dates,raw_proxy_power,2026-04-01,1e+120,3.1622776601683794e-28,point_fit,finite_optimum,5.486696967290665e+119,119.7393109745814,0.5486696967290665,4.5133030327093345e+119,119.65449449394896,1.2156721867614107e+120,120.08481648063243,beyond_budget,,,0.8225901775905821,1.2156721867614106,3.4,1.49,,,,,,,,,inference/data_quality_sensitivity.json,/fits/6/with_flagged_rows_projection,Sensitivity deliberately retains independently verified date contradictions; not the corrected primary fit. Point estimates only; no uncertainty interval attached. Point-estimate sensitivity to retaining independently flagged date rows; revised clustering does not affect point estimates.
method_0209,inference_source_date_sensitivity,aime_open_ols_retain_flagged_dates,raw_proxy_power,2026-04-01,1e+120,3.1622776601683794e-28,point_fit,finite_optimum,3.887330507319948e+119,119.58965146664187,0.38873305073199477,6.112669492680052e+119,119.78623091445726,6.359464571043866e+119,119.8034205521846,within_budget,,,1.5724594245767711,0.6359464571043866,3.4,1.49,,,,,,,,,inference/data_quality_sensitivity.json,/fits/7/with_flagged_rows_projection,Sensitivity deliberately retains independently verified date contradictions; not the corrected primary fit. Point estimates only; no uncertainty interval attached. Point-estimate sensitivity to retaining independently flagged date rows; revised clustering does not affect point estimates.
method_0210,inference_source_date_sensitivity,aime_pareto_all_ols_retain_flagged_dates,raw_proxy_power,2026-04-01,1e+120,3.1622776601683794e-28,point_fit,finite_optimum,6.058424311002814e+119,119.78235968653958,0.6058424311002814,3.941575688997186e+119,119.59566987061683,1.5370564436742294e+120,120.18668981592275,beyond_budget,,,0.6505941952330441,1.5370564436742293,3.4,1.49,,,,,,,,,inference/data_quality_sensitivity.json,/fits/8/with_flagged_rows_projection,Sensitivity deliberately retains independently verified date contradictions; not the corrected primary fit. Point estimates only; no uncertainty interval attached. Point-estimate sensitivity to retaining independently flagged date rows; revised clustering does not affect point estimates.
method_0211,inference_source_date_sensitivity,aime_pareto_open_ols_retain_flagged_dates,raw_proxy_power,2026-04-01,1e+120,3.1622776601683794e-28,point_fit,finite_optimum,5.263385885314491e+119,119.72126521149917,0.5263385885314491,4.736614114685509e+119,119.67546800480625,1.1112127266174723e+120,120.04579720669292,beyond_budget,,,0.8999176989666026,1.1112127266174723,3.4,1.49,,,,,,,,,inference/data_quality_sensitivity.json,/fits/9/with_flagged_rows_projection,Sensitivity deliberately retains independently verified date contradictions; not the corrected primary fit. Point estimates only; no uncertainty interval attached. Point-estimate sensitivity to retaining independently flagged date rows; revised clustering does not affect point estimates.
method_0212,inference_source_date_sensitivity,aime_pareto_open_robust_retain_flagged_dates,raw_proxy_power,2026-04-01,1e+120,3.1622776601683794e-28,point_fit,finite_optimum,4.921901369267216e+119,119.69213290656057,0.4921901369267216,5.078098630732784e+119,119.70570113182069,9.692409949424262e+119,119.98643177473988,within_budget,,,1.0317351465921032,0.9692409949424262,3.4,1.49,,,,,,,,,inference/data_quality_sensitivity.json,/fits/10/with_flagged_rows_projection,Sensitivity deliberately retains independently verified date contradictions; not the corrected primary fit. Point estimates only; no uncertainty interval attached. Point-estimate sensitivity to retaining independently flagged date rows; revised clustering does not affect point estimates.
method_0213,inference_source_date_sensitivity,aime_pareto_open_linear_score_retain_flagged_dates,raw_proxy_power,2026-04-01,1e+120,3.1622776601683794e-28,point_fit,finite_optimum,4.613756791300359e+119,119.66405469747157,0.4613756791300359,5.386243208699641e+119,119.73128595951209,8.565815936139695e+119,119.93276873795949,within_budget,,,1.1674311092547993,0.8565815936139695,3.4,1.49,,,,,,,,,inference/data_quality_sensitivity.json,/fits/11/with_flagged_rows_projection,Sensitivity deliberately retains independently verified date contradictions; not the corrected primary fit. Point estimates only; no uncertainty interval attached. Point-estimate sensitivity to retaining independently flagged date rows; revised clustering does not affect point estimates.
method_0214,stockfish_cpu_years_unavailable,CPU_years_proxy_attempt,not_fitted,unavailable: no observations received,1e+120,3.1622776601683794e-28,unavailable_data_attempt,no_data_received_no_fit,,,,,,,,not_fitted,,,,,,,,,,,,,,,cpu_years/status.json,/status,Escalated network tool call interrupted by user after approximately 500 seconds; no response data or source CSV received. Source server unavailability was not established. No fit or FLOP prediction; no further download attempted.
