log10_x,central,more_completion,more_persistence
25.0906655855545,6.510416666666667e-05,0.000146484375,1.6276041666666666e-05
25.17505893387004,0.00013020833333333333,0.00029296875,3.255208333333333e-05
25.462056654194164,0.0001953125,0.00043945312499999996,4.8828125e-05
25.55365437954953,0.000439453125,0.00068359375,0.000244140625
25.6355944697144,0.0005045572916666667,0.000830078125,0.00026041666666666666
25.754832008890652,0.0005696614583333334,0.0009765625,0.0002766927083333333
25.777513933973427,0.000634765625,0.001123046875,0.00029296875
25.873368339042926,0.0006998697916666667,0.0012695312499999998,0.00030924479166666665
25.952761331243043,0.0007649739583333333,0.0014160156249999997,0.0003255208333333333
26.010424363992595,0.000830078125,0.0015624999999999997,0.000341796875
26.048445589098954,0.0008951822916666666,0.0017089843749999996,0.00035807291666666664
26.08387922364,0.0009602864583333333,0.0018554687499999995,0.0003743489583333333
26.16051034740323,0.001025390625,0.0020019531249999994,0.00039062499999999997
26.192017746286112,0.0010904947916666667,0.0021484374999999993,0.00040690104166666663
26.220656741449552,0.0011555989583333333,0.0022949218749999992,0.0004231770833333333
26.24676183326208,0.001220703125,0.002441406249999999,0.00043945312499999996
26.303950104853104,0.0012858072916666667,0.002587890624999999,0.0004557291666666666
26.326686466004364,0.0013509114583333333,0.002734374999999999,0.0004720052083333333
26.348480236825154,0.001416015625,0.002880859374999999,0.00048828124999999995
26.369498387825452,0.0014811197916666666,0.003027343749999999,0.0005045572916666666
26.417136891232296,0.0015462239583333333,0.0031738281249999987,0.0005208333333333333
26.437463499070333,0.001611328125,0.0033203124999999986,0.000537109375
26.456438342542206,0.0016764322916666666,0.0034667968749999985,0.0005533854166666668
26.47406487418487,0.0017415364583333332,0.0036132812499999984,0.0005696614583333335
26.513741110293083,0.0018066406249999999,0.0037597656249999984,0.0005859375000000002
26.53602235073657,0.0018717447916666665,0.0039062499999999983,0.0006022135416666669
26.54092914382894,0.0019368489583333332,0.004052734374999999,0.0006184895833333336
26.566821237513647,0.002001953125,0.004199218749999999,0.0006347656250000003
26.591979929760864,0.0020670572916666667,0.004345703124999999,0.0006510416666666671
26.61469971047732,0.0021321614583333336,0.0044921875,0.0006673177083333338
26.61961390354123,0.0021972656250000004,0.004638671875,0.0006835937500000005
26.642601424376995,0.0022623697916666673,0.00478515625,0.0006998697916666672
26.664529011289726,0.002327473958333334,0.004931640625000001,0.0007161458333333339
26.67916232525461,0.002392578125000001,0.005078125000000001,0.0007324218750000007
26.700578865015817,0.002457682291666668,0.005224609375000001,0.0007486979166666674
26.721086802425543,0.0025227864583333348,0.005371093750000002,0.0007649739583333341
26.724921614041136,0.0025878906250000016,0.005517578125000002,0.0007812500000000008
26.741856222564067,0.0026529947916666685,0.005664062500000002,0.0007975260416666675
26.76096625898928,0.0027180989583333354,0.005810546875000003,0.0008138020833333342
26.779782435166624,0.0027832031250000023,0.005957031250000003,0.000830078125000001
26.783754378595663,0.002848307291666669,0.0061035156250000035,0.0008463541666666677
26.797968520904853,0.002913411458333336,0.006250000000000004,0.0008626302083333344
26.822975215089293,0.002978515625000003,0.006396484375000004,0.0008789062500000011
26.83353000570728,0.0030436197916666697,0.0065429687500000045,0.0008951822916666678
26.84349389798995,0.0031087239583333366,0.006689453125000005,0.0009114583333333345
26.85626077235857,0.0031738281250000035,0.006835937500000005,0.0009277343750000013
26.878944740376745,0.0032389322916666703,0.0069824218750000056,0.000944010416666668
26.888724503078013,0.003304036458333337,0.007128906250000006,0.0009602864583333347
26.89837538208787,0.003369140625000004,0.007275390625000006,0.0009765625000000013
26.90553797700801,0.003434244791666671,0.007421875000000007,0.000992838541666668
26.92717423045184,0.003499348958333338,0.007568359375000007,0.0010091145833333345
26.936346097008883,0.0035644531250000047,0.007714843750000007,0.0010253906250000011
26.945025584994553,0.0036295572916666716,0.007861328125000008,0.0010416666666666677
26.956130957695855,0.0036946614583333384,0.008007812500000008,0.0010579427083333343
26.976023863991195,0.0037597656250000053,0.008154296875000008,0.001074218750000001
26.984639171789336,0.003824869791666672,0.008300781250000009,0.0010904947916666676
26.99314306731152,0.003889973958333339,0.008447265625000009,0.0011067708333333342
27.003930786623663,0.003955078125000006,0.00859375000000001,0.0011230468750000008
27.017703024704257,0.004020182291666672,0.00874023437500001,0.0011393229166666674
27.03107171790113,0.004085286458333339,0.00888671875000001,0.001155598958333334
27.03359069375915,0.004150390625000005,0.00903320312500001,0.0011718750000000006
27.044747735843387,0.004215494791666672,0.00917968750000001,0.0011881510416666672
27.057524613208734,0.004280598958333338,0.009326171875000011,0.0012044270833333338
27.070248404933988,0.0043457031250000045,0.009472656250000011,0.0012207031250000004
27.072952280009133,0.004410807291666671,0.009619140625000012,0.001236979166666667
27.087520437936064,0.004475911458333337,0.009765625000000012,0.0012532552083333337
27.094700354560732,0.004541015625000004,0.009912109375000012,0.0012695312500000003
27.099991012277822,0.004785156250000004,0.010156250000000012,0.0014648437500000002
27.102101007423062,0.00485026041666667,0.010302734375000013,0.0014811197916666668
27.11899460923364,0.004915364583333337,0.010449218750000013,0.0014973958333333334
27.127658284886454,0.004980468750000003,0.010595703125000014,0.001513671875
27.134782437455083,0.0050455729166666696,0.010742187500000014,0.0015299479166666667
27.141835690401976,0.005110677083333336,0.010888671875000014,0.0015462239583333333
27.157677238247047,0.005175781250000002,0.011035156250000015,0.0015624999999999999
27.166782314116332,0.005240885416666669,0.011181640625000015,0.0015787760416666665
27.16890986349177,0.005305989583333335,0.011328125000000015,0.001595052083333333
27.180067147124284,0.005371093750000002,0.011474609375000016,0.0016113281249999997
27.19120832325699,0.005436197916666668,0.011621093750000016,0.0016276041666666663
27.20015720971412,0.005501302083333335,0.011767578125000016,0.001643880208333333
27.202481931680875,0.005566406250000001,0.011914062500000017,0.0016601562499999995
27.21321653982835,0.0056315104166666675,0.012060546875000017,0.0016764322916666661
27.223672062779585,0.005696614583333334,0.012207031250000017,0.0016927083333333327
27.23595101774799,0.00576171875,0.012353515625000018,0.0017089843749999993
27.237916229655266,0.005826822916666667,0.012500000000000018,0.001725260416666666
27.24822990837737,0.005891927083333333,0.012646484375000018,0.0017415364583333326
27.258543134575586,0.00595703125,0.012792968750000019,0.0017578124999999992
27.26686896234056,0.006022135416666666,0.012939453125000019,0.0017740885416666658
27.26902507810442,0.0060872395833333325,0.01308593750000002,0.0017903645833333324
27.278992097324675,0.006152343749999999,0.01323242187500002,0.001806640624999999
27.288706747963342,0.006217447916666665,0.01337890625000002,0.0018229166666666656
27.296529396302535,0.006282552083333332,0.01352539062500002,0.0018391927083333322
27.302174363232744,0.006347656249999998,0.01367187500000002,0.0018554687499999988
27.308008289380947,0.006412760416666665,0.013818359375000021,0.0018717447916666654
27.321383581538,0.006477864583333331,0.013964843750000022,0.001888020833333332
27.328303243519464,0.006542968749999998,0.014111328125000022,0.0019042968749999987
27.33398417376657,0.006608072916666664,0.014257812500000022,0.0019205729166666653
27.339622643568532,0.0066731770833333304,0.014404296875000023,0.0019368489583333319
27.35233556778071,0.006738281249999997,0.014550781250000023,0.0019531249999999985
27.353017909062768,0.006803385416666663,0.014697265625000023,0.0019694010416666653
27.365827997804672,0.00686848958333333,0.014843750000000024,0.001985677083333332
27.371127201687884,0.006933593749999996,0.014990234375000024,0.0020019531249999985
27.376398729702963,0.006998697916666663,0.015136718750000024,0.002018229166666665
27.382273604113873,0.007063802083333329,0.015283203125000025,0.0020345052083333317
27.394490393370983,0.0071289062499999955,0.015429687500000025,0.0020507812499999984
27.39963510986915,0.007194010416666662,0.015576171875000025,0.002067057291666665
27.404962938967053,0.007259114583333328,0.015722656250000026,0.0020833333333333316
27.41180471234259,0.007324218749999995,0.015869140625000024,0.002099609374999998
27.420422522525325,0.007389322916666661,0.016015625000000023,0.002115885416666665
27.42885466843573,0.007454427083333328,0.01616210937500002,0.0021321614583333314
27.43040211965664,0.007519531249999994,0.01630859375000002,0.002148437499999998
27.438544045096048,0.0075846354166666605,0.01645507812500002,0.0021647135416666646
27.44672056980633,0.007649739583333327,0.016601562500000017,0.0021809895833333312
27.4549348016506,0.007714843749999993,0.016748046875000016,0.002197265624999998
27.456654217983473,0.00777994791666666,0.016894531250000015,0.0022135416666666644
27.465470933180743,0.007845052083333326,0.017041015625000013,0.002229817708333331
27.473576892390323,0.007910156249999993,0.017187500000000012,0.0022460937499999977
27.48157795416012,0.00797526041666666,0.01733398437500001,0.0022623697916666643
27.483046733675575,0.008040364583333326,0.01748046875000001,0.002278645833333331
27.490803602539977,0.008105468749999992,0.017626953125000008,0.0022949218749999975
27.4946596408795,0.008349609374999992,0.017871093750000008,0.0024902343749999977
27.498573417137926,0.008414713541666658,0.018017578125000006,0.0025065104166666643
27.506384238310847,0.008479817708333325,0.018164062500000005,0.002522786458333331
27.508019887021668,0.008544921874999991,0.018310546875000003,0.0025390624999999975
27.514178436973495,0.008610026041666658,0.018457031250000002,0.002555338541666664
27.525094459930266,0.008675130208333324,0.018603515625,0.0025716145833333307
27.529620010657457,0.00874023437499999,0.01875,0.0025878906249999973
27.534126908360523,0.008805338541666657,0.018896484374999998,0.002604166666666664
27.53918141376392,0.008870442708333324,0.019042968749999997,0.0026204427083333305
27.549663245201337,0.00893554687499999,0.019189453124999995,0.002636718749999997
27.554086270718372,0.009000651041666656,0.019335937499999994,0.0026529947916666637
27.55436244735905,0.009244791666666656,0.019580078124999994,0.002848307291666664
27.55867234505841,0.009309895833333323,0.019726562499999992,0.0028645833333333305
27.56514795683295,0.00937499999999999,0.01987304687499999,0.002880859374999997
27.56946009764829,0.009440104166666656,0.02001953124999999,0.0028971354166666637
27.573937444253133,0.009505208333333322,0.020166015624999988,0.0029134114583333304
27.58421378189367,0.009570312499999989,0.020312499999999987,0.002929687499999997
27.589557561031015,0.009635416666666655,0.020458984374999985,0.0029459635416666636
27.591996902748257,0.009700520833333321,0.020605468749999984,0.00296223958333333
27.59394990719118,0.009765624999999988,0.020751953124999983,0.002978515624999997
27.598324145339795,0.009830729166666654,0.02089843749999998,0.0029947916666666634
27.60366829629803,0.00989583333333332,0.02104492187499998,0.00301106770833333
27.608210564886928,0.009960937499999987,0.02119140624999998,0.0030273437499999966
27.613916427033793,0.010026041666666654,0.021337890624999977,0.0030436197916666632
27.615262437017623,0.01009114583333332,0.021484374999999976,0.00305989583333333
27.62233186968265,0.010156249999999986,0.021630859374999974,0.0030761718749999964
27.629444165453812,0.010221354166666653,0.021777343749999973,0.003092447916666663
27.635208233996156,0.01028645833333332,0.02192382812499997,0.0031087239583333297
27.636708279156935,0.010351562499999986,0.02207031249999997,0.0031249999999999963
27.64364637344379,0.010416666666666652,0.02221679687499997,0.003141276041666663
27.650451152195465,0.010481770833333319,0.022363281249999967,0.0031575520833333295
27.658489045662368,0.010546874999999985,0.022509765624999966,0.003173828124999996
27.65978384269301,0.010611979166666652,0.022656249999999965,0.0031901041666666627
27.66658536355148,0.010677083333333318,0.022802734374999963,0.0032063802083333293
27.673431348261342,0.010742187499999984,0.022949218749999962,0.003222656249999996
27.67896065805352,0.01080729166666665,0.02309570312499996,0.0032389322916666625
27.680405468562153,0.010872395833333317,0.02324218749999996,0.003255208333333329
27.687089476032533,0.010937499999999984,0.023388671874999958,0.0032714843749999957
27.693647611787817,0.01100260416666665,0.023535156249999956,0.0032877604166666624
27.698970066403216,0.011067708333333317,0.023681640624999955,0.003304036458333329
27.7028068803246,0.011132812499999983,0.023828124999999954,0.0033203124999999956
27.706789259150636,0.01119791666666665,0.023974609374999952,0.003336588541666662
27.715956530720096,0.011263020833333316,0.02412109374999995,0.003352864583333329
27.72070736852426,0.011328124999999982,0.02426757812499995,0.0033691406249999954
27.724632427539117,0.011393229166666649,0.024414062499999948,0.003385416666666662
27.728544114609075,0.011458333333333315,0.024560546874999947,0.0034016927083333286
27.737395665204243,0.011523437499999982,0.024707031249999945,0.0034179687499999952
27.73787499095829,0.011588541666666648,0.024853515624999944,0.003434244791666662
27.746853322252456,0.011653645833333314,0.024999999999999942,0.0034505208333333284
27.750587191939044,0.011718749999999981,0.02514648437499994,0.003466796874999995
27.75430547322132,0.011783854166666647,0.02529296874999994,0.0034830729166666617
27.75853123674863,0.011848958333333314,0.025439453124999938,0.0034993489583333283
27.767167656294117,0.01191406249999998,0.025585937499999937,0.003515624999999995
27.770841845982904,0.011979166666666647,0.025732421874999935,0.0035319010416666615
27.77465120171277,0.012044270833333313,0.025878906249999934,0.003548177083333328
27.779540301570513,0.01210937499999998,0.026025390624999933,0.0035644531249999947
27.785747306601287,0.012174479166666646,0.02617187499999993,0.0035807291666666613
27.79183911507713,0.012239583333333312,0.02631835937499993,0.003597005208333328
27.79296227539876,0.012304687499999979,0.02646484374999993,0.0036132812499999945
27.798889197255825,0.012369791666666645,0.026611328124999927,0.003629557291666661
27.804848174751548,0.012434895833333312,0.026757812499999926,0.0036458333333333278
27.81085135394389,0.012499999999999978,0.026904296874999924,0.0036621093749999944
27.811041763854583,0.012744140624999978,0.027148437499999924,0.0038574218749999945
27.812113529318953,0.012809244791666645,0.027294921874999923,0.003873697916666661
27.81853750150913,0.012874348958333311,0.02744140624999992,0.0038899739583333278
27.824562009912466,0.012939453124999977,0.02758789062499992,0.0039062499999999944
27.83047649278207,0.013004557291666644,0.02773437499999992,0.003922526041666661
27.83156723423843,0.01306966145833331,0.027880859374999917,0.003938802083333328
27.837305057646272,0.013134765624999977,0.028027343749999916,0.003955078124999995
27.84309421121747,0.013199869791666643,0.028173828124999915,0.003971354166666661
27.848927829938095,0.01326497395833331,0.028320312499999913,0.003987630208333328
27.850154916658077,0.013330078124999976,0.028466796874999912,0.0040039062499999944
27.854790195101305,0.013395182291666642,0.02861328124999991,0.004020182291666661
27.859543832386755,0.013639322916666642,0.02885742187499991,0.004215494791666661
27.863000245003654,0.013704427083333309,0.02900390624999991,0.004231770833333328
27.866417600234836,0.013769531249999975,0.029150390624999908,0.0042480468749999944
27.869822450525007,0.013834635416666642,0.029296874999999906,0.004264322916666661
27.87363487235207,0.013899739583333308,0.029443359374999905,0.004280598958333328
27.88159552913387,0.013964843749999975,0.029589843749999904,0.004296874999999994
27.88496744132333,0.014029947916666641,0.029736328124999902,0.004313151041666661
27.888465034977933,0.014095052083333308,0.0298828124999999,0.0043294270833333275
27.895162766179485,0.014160156249999974,0.0300292968749999,0.004345703124999994
27.896207802098356,0.01422526041666664,0.030175781249999898,0.004361979166666661
27.901830214295163,0.014290364583333307,0.030322265624999897,0.004378255208333327
27.90749680470881,0.014355468749999973,0.030468749999999895,0.004394531249999994
27.912799933203583,0.01442057291666664,0.030615234374999894,0.0044108072916666605
27.91394936917477,0.014485677083333306,0.030761718749999892,0.004427083333333327
27.91950262448949,0.014550781249999973,0.03090820312499989,0.004443359374999994
27.924965859828426,0.014615885416666639,0.03105468749999989,0.00445963541666666
27.929500153332935,0.014680989583333305,0.03120117187499989,0.004475911458333327
27.932752920215844,0.014746093749999972,0.03134765624999989,0.004492187499999994
27.93599911761745,0.014811197916666638,0.03149414062499989,0.00450846354166666
27.943758222478507,0.014876302083333305,0.03164062499999989,0.004524739583333327
27.947249949913637,0.014941406249999971,0.031787109374999886,0.004541015624999993
27.950604298987116,0.015006510416666638,0.031933593749999885,0.00455729166666666
27.953811583813387,0.015071614583333304,0.03208007812499988,0.004573567708333327
27.961339039358112,0.01513671874999997,0.03222656249999988,0.004589843749999993
27.96453286597309,0.015201822916666637,0.03237304687499988,0.00460611979166666
27.96770988430248,0.015266927083333303,0.03251953124999988,0.0046223958333333265
27.970880932121037,0.01533203124999997,0.03266601562499988,0.004638671874999993
27.9784620049679,0.015397135416666636,0.032812499999999876,0.00465494791666666
27.981890887560542,0.015462239583333303,0.032958984374999875,0.004671223958333326
27.985169396381863,0.015527343749999969,0.033105468749999874,0.004687499999999993
27.988304474531308,0.015592447916666636,0.03325195312499987,0.0047037760416666595
27.99566493746312,0.015657552083333304,0.03339843749999987,0.004720052083333326
27.997675322757324,0.015901692708333304,0.03364257812499987,0.004915364583333326
27.999974071407053,0.01596679687499997,0.03378906249999987,0.004931640624999993
28.000947851563065,0.016031901041666637,0.03393554687499987,0.0049479166666666595
28.001751381491086,0.016097005208333303,0.03408203124999987,0.004964192708333326
28.00618925142783,0.01616210937499997,0.034228515624999865,0.004980468749999993
28.006708599000714,0.016227213541666636,0.034374999999999864,0.004996744791666659
28.011475195771308,0.016292317708333302,0.03452148437499986,0.005013020833333326
28.01642431466231,0.01635742187499997,0.03466796874999986,0.0050292968749999925
28.01751449048009,0.016422526041666635,0.03481445312499986,0.005045572916666659
28.022701328657217,0.0164876302083333,0.03496093749999986,0.005061848958333326
28.027807082189312,0.016552734374999968,0.03510742187499986,0.005078124999999992
28.03129601831763,0.016617838541666635,0.035253906249999856,0.005094401041666659
28.036531799035433,0.0166829427083333,0.035400390624999854,0.005110677083333326
28.041696194212932,0.016748046874999967,0.03554687499999985,0.005126953124999992
28.04266264070683,0.016813151041666634,0.03569335937499985,0.005143229166666659
28.047025851281344,0.0168782552083333,0.03583984374999985,0.005159505208333325
28.052087649466724,0.016943359374999967,0.03598632812499985,0.005175781249999992
28.057189197601215,0.017008463541666633,0.03613281249999985,0.005192057291666659
28.05828407048827,0.0170735677083333,0.036279296874999846,0.005208333333333325
28.06225554540273,0.017138671874999966,0.036425781249999845,0.005224609374999992
28.069383874597985,0.017203776041666632,0.03657226562499984,0.0052408854166666585
28.072461534026353,0.0172688802083333,0.03671874999999984,0.005257161458333325
28.075399382581622,0.017333984374999965,0.03686523437499984,0.005273437499999992
28.079204496788332,0.017399088541666632,0.03701171874999984,0.005289713541666658
28.086132634196407,0.017464192708333298,0.03715820312499984,0.005305989583333325
28.089180095841904,0.017529296874999965,0.037304687499999836,0.0053222656249999915
28.092217933195855,0.01759440104166663,0.037451171874999835,0.005338541666666658
28.09449795046978,0.017659505208333297,0.03759765624999983,0.005354817708333325
28.101492814815124,0.017724609374999964,0.03774414062499983,0.005371093749999991
28.104513229967395,0.01778971354166663,0.03789062499999983,0.005387369791666658
28.10739683405756,0.017854817708333297,0.03803710937499983,0.0054036458333333245
28.111147360459206,0.017919921874999963,0.03818359374999983,0.005419921874999991
28.11794932118969,0.01798502604166663,0.038330078124999827,0.005436197916666658
28.120941698618804,0.018050130208333296,0.038476562499999825,0.005452473958333324
28.123924835129618,0.018115234374999963,0.038623046874999824,0.005468749999999991
28.127732816205736,0.01818033854166663,0.03876953124999982,0.005485026041666658
28.13268055551351,0.018245442708333295,0.03891601562499982,0.005501302083333324
28.137549743274363,0.018310546874999962,0.03906249999999982,0.005517578124999991
28.138477312007343,0.01837565104166663,0.03920898437499982,0.005533854166666657
28.142619731884515,0.018440755208333295,0.03935546874999982,0.005550130208333324
28.147409976031145,0.01850585937499996,0.039501953124999815,0.005566406249999991
28.152240012890665,0.018570963541666628,0.039648437499999814,0.005582682291666657
28.15327685778461,0.018636067708333294,0.03979492187499981,0.005598958333333324
28.158233179104716,0.01870117187499996,0.03994140624999981,0.0056152343749999905
28.163070528194513,0.018766276041666627,0.04008789062499981,0.005631510416666657
28.167898235964056,0.018831380208333293,0.04023437499999981,0.005647786458333324
28.168777040347297,0.01889648437499996,0.04038085937499981,0.00566406249999999
28.173814029175595,0.018961588541666626,0.040527343749999806,0.005680338541666657
28.178491362263212,0.019026692708333293,0.040673828124999804,0.0056966145833333235
28.183279885352785,0.01909179687499996,0.0408203124999998,0.00571289062499999
28.1842738927198,0.019156901041666625,0.0409667968749998,0.005729166666666657
28.18797503821776,0.019222005208333292,0.0411132812499998,0.005745442708333323
28.194647294721324,0.01928710937499996,0.0412597656249998,0.00576171874999999
28.197480937933285,0.019352213541666625,0.0414062499999998,0.0057779947916666565
28.199719972702788,0.01941731770833329,0.041552734374999796,0.005794270833333323
28.200255802029616,0.019482421874999958,0.041699218749999795,0.00581054687499999
28.202845969789298,0.019547526041666624,0.04184570312499979,0.005826822916666656
28.20935419595284,0.01961263020833329,0.04199218749999979,0.005843098958333323
28.21216668762338,0.019677734374999957,0.04213867187499979,0.00585937499999999
28.215034050091138,0.019742838541666623,0.04228515624999979,0.005875651041666656
28.21784855231607,0.01980794270833329,0.04243164062499979,0.005891927083333323
28.224420466814,0.019873046874999956,0.042578124999999786,0.005908203124999989
28.22721186058414,0.019938151041666623,0.042724609374999785,0.005924479166666656
28.22994572160249,0.02000325520833329,0.042871093749999784,0.005940755208333323
28.232511840466472,0.020068359374999956,0.04301757812499978,0.005957031249999989
28.23892475680157,0.020133463541666622,0.04316406249999978,0.005973307291666656
28.241696361901493,0.02019856770833329,0.04331054687499978,0.0059895833333333225
28.244522143018575,0.020263671874999955,0.04345703124999978,0.006005859374999989
28.248098939466,0.02032877604166662,0.04360351562499978,0.006022135416666656
28.24924826883174,0.020393880208333288,0.043749999999999775,0.006038411458333322
28.2527228387158,0.020458984374999954,0.043896484374999774,0.006054687499999989
28.25733690732931,0.02052408854166662,0.04404296874999977,0.0060709635416666555
28.2581771092884,0.020589192708333287,0.04418945312499977,0.006087239583333322
28.26300756804568,0.020654296874999954,0.04433593749999977,0.006103515624999989
28.264724921733464,0.02071940104166662,0.04448242187499977,0.006119791666666655
28.26748162848939,0.020784505208333286,0.04462890624999977,0.006136067708333322
28.272063700469182,0.020849609374999953,0.044775390624999765,0.0061523437499999886
28.273015051678236,0.02091471354166662,0.044921874999999764,0.006168619791666655
28.27740476168502,0.02115885416666662,0.045166015624999764,0.006363932291666655
28.279007352179804,0.021223958333333286,0.04531249999999976,0.006380208333333322
28.279867296306904,0.021289062499999952,0.04545898437499976,0.0063964843749999886
28.28433164720745,0.02135416666666662,0.04560546874999976,0.006412760416666655
28.28890595789076,0.021419270833333285,0.04575195312499976,0.006429036458333322
28.29402204567958,0.02148437499999995,0.04589843749999976,0.006445312499999988
28.29499189430953,0.021549479166666618,0.046044921874999756,0.006461588541666655
28.299519938805616,0.021614583333333284,0.046191406249999754,0.006477864583333322
28.30385363249931,0.02167968749999995,0.04633789062499975,0.006494140624999988
28.307514831420377,0.021744791666666617,0.04648437499999975,0.006510416666666655
28.31011991970363,0.021809895833333284,0.04663085937499975,0.006526692708333321
28.312780772255508,0.02187499999999995,0.04677734374999975,0.006542968749999988
28.31903970585048,0.021940104166666616,0.04692382812499975,0.006559244791666655
28.32042968249124,0.022184244791666616,0.04716796874999975,0.006754557291666655
28.321013810961094,0.022249348958333283,0.047314453124999746,0.006770833333333321
28.323710944840904,0.02231445312499995,0.047460937499999745,0.006787109374999988
28.32635607402313,0.022379557291666616,0.04760742187499974,0.006803385416666655
28.33247134608965,0.022444661458333282,0.04775390624999974,0.006819661458333321
28.33575986974742,0.02250976562499995,0.04790039062499974,0.006835937499999988
28.33833327228566,0.022574869791666615,0.04804687499999974,0.0068522135416666545
28.340961928370756,0.02263997395833328,0.04819335937499974,0.006868489583333321
28.34714579462352,0.022705078124999948,0.048339843749999736,0.006884765624999988
28.349110043746418,0.022770182291666614,0.048486328124999735,0.006901041666666654
28.3517758293442,0.02283528645833328,0.048632812499999734,0.006917317708333321
28.35438922203971,0.022900390624999947,0.04877929687499973,0.0069335937499999875
28.36043287669895,0.022965494791666614,0.04892578124999973,0.006949869791666654
28.363993346192377,0.02303059895833328,0.04907226562499973,0.006966145833333321
28.36482206480169,0.023095703124999947,0.04921874999999973,0.006982421874999987
28.369125589958863,0.023160807291666613,0.04936523437499973,0.006998697916666654
28.373536569797487,0.02322591145833328,0.049511718749999725,0.0070149739583333206
28.378484979550656,0.023291015624999946,0.049658203124999724,0.007031249999999987
28.37942069128622,0.023356119791666612,0.04980468749999972,0.007047526041666654
28.383699151624572,0.02342122395833328,0.04995117187499972,0.00706380208333332
28.387973248579073,0.023486328124999945,0.05009765624999972,0.007080078124999987
28.389828477934095,0.02355143229166661,0.05024414062499972,0.007096354166666654
28.39589490974373,0.023616536458333278,0.05039062499999972,0.00711263020833332
28.398457276868765,0.023681640624999944,0.050537109374999716,0.007128906249999987
28.400962957957756,0.02374674479166661,0.050683593749999714,0.007145182291666653
28.402998683308223,0.023811848958333277,0.05083007812499971,0.00716145833333332
28.40892398808731,0.023876953124999944,0.05097656249999971,0.007177734374999987
28.4115122139524,0.02394205729166661,0.05112304687499971,0.007194010416666653
28.414077296613936,0.024007161458333277,0.05126953124999971,0.00721028645833332
28.417457022048,0.024072265624999943,0.05141601562499971,0.0072265624999999865
28.42178302934813,0.02413736979166661,0.051562499999999706,0.007242838541666653
28.425070985900607,0.024202473958333276,0.051708984374999704,0.00725911458333332
28.425998624756406,0.024267578124999942,0.0518554687499997,0.007275390624999986
28.426811019553114,0.02433268229166661,0.0520019531249997,0.007291666666666653
28.43176025021224,0.024397786458333275,0.0521484374999997,0.0073079427083333195
28.43596081824817,0.02446289062499994,0.0522949218749997,0.007324218749999986
28.44015472028867,0.024527994791666608,0.0524414062499997,0.007340494791666653
28.441065587886957,0.024593098958333275,0.052587890624999696,0.007356770833333319
28.44450918283449,0.02465820312499994,0.052734374999999695,0.007373046874999986
28.44879288363403,0.024723307291666607,0.05288085937499969,0.0073893229166666526
28.452967715957215,0.024788411458333274,0.05302734374999969,0.007405598958333319
28.4537723856549,0.02485351562499994,0.05317382812499969,0.007421874999999986
28.45866111117234,0.024918619791666607,0.05332031249999969,0.007438151041666652
28.46282342633472,0.024983723958333273,0.05346679687499969,0.007454427083333319
28.46578567939864,0.02504882812499994,0.053613281249999686,0.007470703124999986
28.466976516150716,0.025113932291666606,0.053759765624999685,0.007486979166666652
28.46787887528025,0.025179036458333273,0.053906249999999684,0.007503255208333319
28.47120751864009,0.02524414062499994,0.05405273437499968,0.007519531249999985
28.47709775406562,0.025309244791666605,0.05419921874999968,0.007535807291666652
28.479586359890565,0.025374348958333272,0.05434570312499968,0.007552083333333319
28.48202030960295,0.025439453124999938,0.05449218749999968,0.007568359374999985
28.48398496231393,0.025504557291666605,0.05463867187499968,0.007584635416666652
28.48974292729169,0.02556966145833327,0.054785156249999675,0.0076009114583333185
28.49222118002165,0.025634765624999938,0.054931640624999674,0.007617187499999985
28.494752245849316,0.025699869791666604,0.05507812499999967,0.007633463541666652
28.496317612912932,0.025944010416666604,0.05532226562499967,0.007828776041666652
28.49942549514927,0.02600911458333327,0.05546874999999967,0.00784505208333332
28.501862603067316,0.026074218749999937,0.05561523437499967,0.007861328124999987
28.504363535418655,0.026139322916666603,0.05576171874999967,0.007877604166666654
28.510216330642415,0.02620442708333327,0.05590820312499967,0.007893880208333322
28.51239847498514,0.026269531249999936,0.056054687499999666,0.00791015624999999
28.514939118164936,0.026334635416666603,0.056201171874999664,0.007926432291666657
28.517429812385323,0.02639973958333327,0.05634765624999966,0.007942708333333324
28.523152682109696,0.026464843749999935,0.05649414062499966,0.007958984374999992
28.526461346186057,0.026529947916666602,0.05664062499999966,0.00797526041666666
28.52722127202876,0.02659505208333327,0.05678710937499966,0.007991536458333327
28.53136119900924,0.026660156249999935,0.05693359374999966,0.008007812499999994
28.535499646847644,0.0267252604166666,0.057080078124999656,0.008024088541666662
28.53974659581387,0.026790364583333268,0.057226562499999654,0.008040364583333329
28.54060276906647,0.026855468749999934,0.05737304687499965,0.008056640624999997
28.544726286778733,0.0269205729166666,0.05751953124999965,0.008072916666666664
28.548749479694727,0.026985677083333267,0.05766601562499965,0.008089192708333331
28.552563382111604,0.027050781249999933,0.05781249999999965,0.008105468749999999
28.553317402907425,0.0271158854166666,0.05795898437499965,0.008121744791666666
28.553492330194597,0.027180989583333266,0.058105468749999646,0.008138020833333334
28.55742581858549,0.027246093749999933,0.058251953124999645,0.008154296875000001
28.56153324433939,0.0273111979166666,0.05839843749999964,0.008170572916666669
28.565735729692587,0.027376302083333266,0.05854492187499964,0.008186848958333336
28.566585576462938,0.027441406249999932,0.05869140624999964,0.008203125000000004
28.570678748763772,0.0275065104166666,0.05883789062499964,0.008219401041666671
28.574672631176114,0.027571614583333265,0.05898437499999964,0.008235677083333339
28.577945350101103,0.02763671874999993,0.059130859374999636,0.008251953125000006
28.580333642975628,0.027701822916666598,0.059277343749999635,0.008268229166666674
28.582777773081588,0.027766927083333264,0.059423828124999634,0.008284505208333341
28.587351112599336,0.02783203124999993,0.05957031249999963,0.008300781250000009
28.588498980523067,0.027897135416666597,0.05971679687499963,0.008317057291666676
28.590619873123295,0.027962239583333263,0.05986328124999963,0.008333333333333344
28.591644731880805,0.02802734374999993,0.06000976562499963,0.008349609375000011
28.593104371240575,0.028092447916666596,0.06015624999999963,0.008365885416666679
28.595540287589216,0.028157552083333263,0.060302734374999625,0.008382161458333346
28.601138472718077,0.02822265624999993,0.060449218749999624,0.008398437500000014
28.602293297418917,0.028287760416666596,0.06059570312499962,0.008414713541666681
28.60245230825295,0.028352864583333262,0.06074218749999962,0.008430989583333348
28.608121952591887,0.02841796874999993,0.06088867187499962,0.008447265625000016
28.608390246159967,0.02866210937499993,0.06113281249999962,0.008642578125000015
28.610514584246516,0.028727213541666595,0.06127929687499962,0.008658854166666683
28.612859338196024,0.02879231770833326,0.06142578124999962,0.00867513020833335
28.614749531255136,0.028857421874999928,0.061572265624999616,0.008691406250000018
28.620297421167223,0.028922526041666594,0.061718749999999614,0.008707682291666685
28.62268393949893,0.02898763020833326,0.06186523437499961,0.008723958333333353
28.625125017436485,0.029052734374999927,0.06201171874999961,0.00874023437500002
28.62830577288663,0.029117838541666594,0.06215820312499961,0.008756510416666688
28.632361711566656,0.02918294270833326,0.06230468749999961,0.008772786458333355
28.636319805060545,0.029248046874999926,0.06245117187499961,0.008789062500000023
28.63708109637833,0.029313151041666593,0.0625976562499996,0.00880533854166669
28.64171894544399,0.02937825520833326,0.06274414062499961,0.008821614583333358
28.64566569775792,0.029443359374999926,0.06289062499999962,0.008837890625000025
28.649611716055393,0.029508463541666592,0.06303710937499962,0.008854166666666692
28.650467152870625,0.02957356770833326,0.06318359374999963,0.00887044270833336
28.653709721034833,0.029638671874999925,0.06333007812499963,0.008886718750000027
28.65774225940075,0.02970377604166659,0.06347656249999964,0.008902994791666695
28.661699151708863,0.029768880208333258,0.06362304687499964,0.008919270833333362
28.662434631021632,0.029833984374999924,0.06376953124999965,0.00893554687500003
28.667058830725843,0.02989908854166659,0.06391601562499966,0.008951822916666697
28.67098362200896,0.029964192708333257,0.06406249999999966,0.008968098958333365
28.6715024052453,0.030208333333333257,0.06430664062499966,0.009163411458333364
28.6749079946122,0.030273437499999924,0.06445312499999967,0.009179687500000032
28.675758809281113,0.03033854166666659,0.06459960937499967,0.009195963541666699
28.678891509670176,0.030403645833333257,0.06474609374999968,0.009212239583333367
28.684462193921277,0.030468749999999923,0.06489257812499968,0.009228515625000034
28.686312127392465,0.030712890624999923,0.06513671874999968,0.009423828125000033
28.686815003525616,0.03077799479166659,0.06528320312499969,0.0094401041666667
28.689119977822084,0.030843098958333256,0.0654296874999997,0.009456380208333368
28.690050986209055,0.030908203124999922,0.0655761718749997,0.009472656250000036
28.690990714997337,0.03097330729166659,0.0657226562499997,0.009488932291666703
28.696446153890605,0.031038411458333255,0.06586914062499971,0.00950520833333337
28.69879340667528,0.03110351562499992,0.06601562499999972,0.009521484375000038
28.701194688212105,0.031168619791666588,0.06616210937499972,0.009537760416666706
28.70561943753743,0.031233723958333254,0.06630859374999973,0.009554036458333373
28.70762962098055,0.03129882812499992,0.06645507812499973,0.00957031250000004
28.707940600562843,0.03136393229166659,0.06660156249999974,0.009586588541666708
28.710313432681833,0.03142903645833326,0.06674804687499974,0.009602864583333376
28.71587486731312,0.03149414062499993,0.06689453124999975,0.009619140625000043
28.717935131497445,0.0315592447916666,0.06704101562499976,0.00963541666666671
28.720352397101355,0.03162434895833327,0.06718749999999976,0.009651692708333378
28.722719870804507,0.03168945312499994,0.06733398437499977,0.009667968750000045
28.728167843412376,0.03175455729166661,0.06748046874999977,0.009684244791666713
28.731330833214265,0.03181966145833328,0.06762695312499978,0.00970052083333338
28.732053105740977,0.03188476562499995,0.06777343749999978,0.009716796875000048
28.735999497008535,0.03194986979166662,0.06791992187499979,0.009733072916666715
28.739943762581877,0.03201497395833329,0.0680664062499998,0.009749348958333383
28.74398455748937,0.03208007812499996,0.0682128906249998,0.00976562500000005
28.74480012370884,0.03214518229166663,0.0683593749999998,0.009781901041666718
28.748225908230996,0.0322102864583333,0.06850585937499981,0.009798177083333385
28.74873816629794,0.03227539062499997,0.06865234374999982,0.009814453125000053
28.75257951988315,0.03234049479166664,0.06879882812499982,0.00983072916666672
28.75622597274723,0.03240559895833331,0.06894531249999983,0.009847005208333388
28.756945366494275,0.03247070312499998,0.06909179687499983,0.009863281250000055
28.760875849471397,0.03253580729166665,0.06923828124999984,0.009879557291666723
28.764804418106152,0.03260091145833332,0.06938476562499984,0.00989583333333339
28.76885192007051,0.03266601562499999,0.06953124999999985,0.009912109375000058
28.769654049531653,0.03273111979166666,0.06967773437499986,0.009928385416666725
28.77357703761717,0.03279622395833333,0.06982421874999986,0.009944661458333393
28.7774039902096,0.032861328125,0.06997070312499987,0.00996093750000006
28.78053053084217,0.03292643229166667,0.07011718749999987,0.009977213541666727
28.78282344531685,0.03299153645833334,0.07026367187499988,0.009993489583333395
28.785167642573185,0.03305664062500001,0.07041015624999988,0.010009765625000062
28.785818945587767,0.03312174479166668,0.07055664062499989,0.01002604166666673
28.790623534241018,0.03318684895833335,0.0707031249999999,0.010042317708333397
28.790662993348707,0.03325195312500002,0.0708496093749999,0.010058593750000065
28.792122216670144,0.03349609375000002,0.0710937499999999,0.010253906250000064
28.792711332780964,0.03356119791666669,0.0712402343749999,0.010270182291666732
28.79510054208583,0.03362630208333336,0.07138671874999991,0.0102864583333334
28.79744087765456,0.03369140625000003,0.07153320312499992,0.010302734375000067
28.802827364815865,0.0337565104166667,0.07167968749999992,0.010319010416666734
28.80443962217201,0.03382161458333337,0.07182617187499993,0.010335286458333402
28.808347699933236,0.03388671875000004,0.07197265624999993,0.010351562500000069
28.812257243040584,0.03395182291666671,0.07211914062499994,0.010367838541666737
28.812968079916487,0.03401692708333338,0.07226562499999994,0.010384114583333404
28.817069390630905,0.03408203125000005,0.07241210937499995,0.010400390625000071
28.82087179075118,0.03414713541666672,0.07255859374999996,0.010416666666666739
28.824775591102565,0.03421223958333339,0.07270507812499996,0.010432942708333406
28.8255854085671,0.03427734375000006,0.07285156249999997,0.010449218750000074
28.828596050376788,0.03434244791666673,0.07299804687499997,0.010465494791666741
28.83405939496387,0.0344075520833334,0.07314453124999998,0.010481770833333409
28.836382217830316,0.03447265625000007,0.07329101562499998,0.010498046875000076
28.838662595225916,0.034537760416666737,0.07343749999999999,0.010514322916666744
28.840802695439574,0.034602864583333406,0.073583984375,0.010530598958333411
28.845403641731544,0.034847005208333406,0.073828125,0.01072591145833341
28.846165637238336,0.034912109375000076,0.073974609375,0.010742187500000078
28.84848559903607,0.034977213541666746,0.07412109375,0.010758463541666746
28.85085665061287,0.035042317708333416,0.07426757812500001,0.010774739583333413
28.853183902297665,0.035107421875000086,0.07441406250000002,0.01079101562500008
28.854166148156096,0.035172526041666756,0.07456054687500002,0.010807291666666748
28.858633857803085,0.035237630208333426,0.07470703125000003,0.010823567708333415
28.860951122873857,0.035302734375000096,0.07485351562500003,0.010839843750000083
28.863226086478814,0.035367838541666766,0.07500000000000004,0.01085611979166675
28.86535295023816,0.035432942708333436,0.07514648437500004,0.010872395833333418
28.870699973752664,0.035498046875000105,0.07529296875000005,0.010888671875000085
28.87301483928997,0.035563151041666775,0.07543945312500006,0.010904947916666753
28.8753808164825,0.035628255208333445,0.07558593750000006,0.01092122395833342
28.87838954941321,0.035693359375000115,0.07573242187500007,0.010937500000000088
28.881449324977332,0.035758463541666785,0.07587890625000007,0.010953776041666755
28.88226882645268,0.035823567708333455,0.07602539062500008,0.010970052083333423
28.886150219548576,0.035888671875000125,0.07617187500000008,0.01098632812500009
28.88685595860044,0.035953776041666795,0.07631835937500009,0.011002604166666758
28.890916717397065,0.036018880208333465,0.0764648437500001,0.011018880208333425
28.894693276446155,0.036083984375000135,0.0766113281250001,0.011035156250000093
28.89857128951996,0.036149088541666805,0.0767578125000001,0.01105143229166676
28.899375589855193,0.036214192708333474,0.07690429687500011,0.011067708333333428
28.90445971103192,0.036279296875000144,0.07705078125000012,0.011083984375000095
28.905188936317163,0.036344401041666814,0.07719726562500012,0.011100260416666763
28.907338523125855,0.036409505208333484,0.07734375000000013,0.01111653645833343
28.90898612245564,0.036474609375000154,0.07749023437500013,0.011132812500000097
28.91288144320362,0.036539713541666824,0.07763671875000014,0.011149088541666765
28.917261762590332,0.036604817708333494,0.07778320312500014,0.011165364583333432
28.918089137863248,0.036669921875000164,0.07792968750000015,0.0111816406250001
28.921883988922477,0.036735026041666834,0.07807617187500016,0.011197916666666767
28.9256776378165,0.036800130208333504,0.07822265625000016,0.011214192708333435
28.92880882372405,0.036865234375000173,0.07836914062500017,0.011230468750000102
28.93104959616292,0.03693033854166684,0.07851562500000017,0.01124674479166677
28.93333776519689,0.03699544270833351,0.07866210937500018,0.011263020833333437
28.9387347962096,0.03706054687500018,0.07880859375000018,0.011279296875000105
28.9404498042694,0.03712565104166685,0.07895507812500019,0.011295572916666772
28.942782467490947,0.03719075520833352,0.0791015625000002,0.01131184895833344
28.94506957256821,0.03725585937500019,0.0792480468750002,0.011328125000000107
28.94717439821108,0.03732096354166686,0.0793945312500002,0.011344401041666775
28.95037130300396,0.03738606770833353,0.07954101562500021,0.011360677083333442
28.95074025058512,0.0374511718750002,0.07968750000000022,0.01137695312500011
28.95322546430411,0.03751627604166687,0.07983398437500022,0.011393229166666777
28.955290842290527,0.03758138020833354,0.07998046875000023,0.011409505208333445
28.955464246665635,0.03764648437500021,0.08012695312500023,0.011425781250000112
28.957802443775915,0.03771158854166688,0.08027343750000024,0.01144205729166678
28.961007387357583,0.03777669270833355,0.08041992187500024,0.011458333333333447
28.96314304826004,0.03784179687500022,0.08056640625000025,0.011474609375000114
28.964844869044647,0.03790690104166689,0.08071289062500026,0.011490885416666782
28.967175792449876,0.03797200520833356,0.08085937500000026,0.01150716145833345
28.969461325593272,0.03803710937500023,0.08100585937500027,0.011523437500000117
28.97063444270116,0.0381022135416669,0.08115234375000027,0.011539713541666784
28.974759798117947,0.03816731770833357,0.08129882812500028,0.011555989583333452
28.97789815352845,0.03823242187500024,0.08144531250000028,0.01157226562500012
28.9786250622678,0.03829752604166691,0.08159179687500029,0.011588541666666787
28.982412612606876,0.03836263020833358,0.0817382812500003,0.011604817708333454
28.984344180279848,0.03860677083333358,0.0819824218750003,0.011800130208333454
28.986298303605352,0.03867187500000025,0.0821289062500003,0.011816406250000121
28.99065679787307,0.03873697916666692,0.0822753906250003,0.011832682291666789
28.991482366778147,0.03880208333333359,0.08242187500000031,0.011848958333333456
28.995269510340993,0.03886718750000026,0.08256835937500032,0.011865234375000124
28.99905615817674,0.03893229166666693,0.08271484375000032,0.011881510416666791
29.002689643448463,0.0389973958333336,0.08286132812500033,0.011897786458333458
29.00349258430466,0.03906250000000027,0.08300781250000033,0.011914062500000126
29.00735590272991,0.03912760416666694,0.08315429687500034,0.011930338541666793
29.011120431021933,0.03919270833333361,0.08330078125000034,0.011946614583333461
29.014808540510955,0.03925781250000028,0.08344726562500035,0.011962890625000128
29.015497734128108,0.03932291666666695,0.08359375000000036,0.011979166666666796
29.019361391758103,0.03938802083333362,0.08374023437500036,0.011995442708333463
29.023224752803205,0.03945312500000029,0.08388671875000037,0.01201171875000013
29.026207791732833,0.03951822916666696,0.08403320312500037,0.012027994791666798
29.02856065403369,0.03958333333333363,0.08417968750000038,0.012044270833333466
29.03086553299929,0.0396484375000003,0.08432617187500038,0.012060546875000133
29.03618718680094,0.03971354166666697,0.08447265625000039,0.0120768229166668
29.0386946760925,0.03977864583333364,0.0846191406250004,0.012093098958333468
29.04095572238353,0.03984375000000031,0.0847656250000004,0.012109375000000136
29.043261258220195,0.03990885416666698,0.0849121093750004,0.012125651041666803
29.046757618294315,0.03997395833333365,0.08505859375000041,0.01214192708333347
29.0486770579906,0.04003906250000032,0.08520507812500042,0.012158203125000138
29.050800272557,0.04010416666666699,0.08535156250000042,0.012174479166666806
29.053154639875768,0.04016927083333366,0.08549804687500043,0.012190755208333473
29.055461037664656,0.04023437500000033,0.08564453125000043,0.01220703125000014
29.06078649679387,0.040299479166667,0.08579101562500044,0.012223307291666808
29.06328403527928,0.04036458333333367,0.08593750000000044,0.012239583333333475
29.065546878531705,0.04042968750000034,0.08608398437500045,0.012255859375000143
29.067854383375945,0.04049479166666701,0.08623046875000046,0.01227213541666681
29.068197617439683,0.04055989583333368,0.08637695312500046,0.012288411458333478
29.072364608481383,0.04062500000000035,0.08652343750000047,0.012304687500000145
29.0732764354968,0.04069010416666702,0.08666992187500047,0.012320963541666813
29.073649914998796,0.04075520833333369,0.08681640625000048,0.01233723958333348
29.076274935435386,0.04082031250000036,0.08696289062500048,0.012353515625000148
29.077079444382836,0.04088541666666703,0.08710937500000049,0.012369791666666815
29.08095045835623,0.0409505208333337,0.0872558593750005,0.012386067708333483
29.084723100426174,0.04101562500000037,0.0874023437500005,0.01240234375000015
29.08839246623367,0.04108072916666704,0.0875488281250005,0.012418619791666818
29.089098800783898,0.04114583333333371,0.08769531250000051,0.012434895833333485
29.09289341130089,0.04121093750000038,0.08784179687500052,0.012451171875000153
29.092972319363312,0.04127604166666705,0.08798828125000052,0.01246744791666682
29.096846305588738,0.04134114583333372,0.08813476562500053,0.012483723958333488
29.099435042538012,0.04140625000000039,0.08828125000000053,0.012500000000000155
29.103235783635895,0.04147135416666706,0.08842773437500054,0.012516276041666823
29.10704692686754,0.04153645833333373,0.08857421875000054,0.01253255208333349
29.107864756197444,0.0416015625000004,0.08872070312500055,0.012548828125000158
29.11109859911232,0.04166666666666707,0.08886718750000056,0.012565104166666825
29.115001267913566,0.04173177083333374,0.08901367187500056,0.012581380208333492
29.11880345554812,0.04179687500000041,0.08916015625000057,0.01259765625000016
29.119535206877337,0.041861979166667077,0.08930664062500057,0.012613932291666827
29.122675610896533,0.041927083333333746,0.08945312500000058,0.012630208333333495
29.12799809958707,0.041992187500000416,0.08959960937500058,0.012646484375000162
29.130296628069228,0.042057291666667086,0.08974609375000059,0.01266276041666683
29.132637969438296,0.042122395833333756,0.0898925781250006,0.012679036458333497
29.134003706102487,0.042187500000000426,0.0900390625000006,0.012695312500000165
29.13551662696635,0.042252604166667096,0.0901855468750006,0.012711588541666832
29.136305483858568,0.042496744791667096,0.0904296875000006,0.012906901041666832
29.138957834411293,0.042561848958333766,0.09057617187500061,0.012923177083333499
29.140937965001015,0.042626953125000436,0.09072265625000062,0.012939453125000167
29.143239076718977,0.042692057291667106,0.09086914062500062,0.012955729166666834
29.145489973940684,0.042757161458333776,0.09101562500000063,0.012972005208333501
29.14740027654325,0.042822265625000445,0.09116210937500063,0.012988281250000169
29.152734501144728,0.042887369791667115,0.09130859375000064,0.013004557291666836
29.15503810381335,0.042952473958333785,0.09145507812500064,0.013020833333333504
29.15738474925236,0.043017578125000455,0.09160156250000065,0.013037109375000171
29.160258082503248,0.043082682291667125,0.09174804687500066,0.013053385416666839
29.164967778397074,0.043147786458333795,0.09189453125000066,0.013069661458333506
29.1651407315916,0.043212890625000465,0.09204101562500067,0.013085937500000174
29.165692308744973,0.043277994791667135,0.09218750000000067,0.013102213541666841
29.16799906514471,0.043343098958333805,0.09233398437500068,0.013118489583333509
29.17025561976283,0.043408203125000475,0.09248046875000068,0.013134765625000176
29.1734230136092,0.043473307291667145,0.09262695312500069,0.013151041666666844
29.177248796408065,0.043538411458333814,0.0927734375000007,0.013167317708333511
29.181073471301698,0.043603515625000484,0.0929199218750007,0.013183593750000179
29.181909078188472,0.043668619791667154,0.0930664062500007,0.013199869791666846
29.18515342147913,0.043733723958333824,0.09321289062500071,0.013216145833333514
29.189083919782508,0.043798828125000494,0.09335937500000072,0.013232421875000181
29.189487014273546,0.043863932291667164,0.09350585937500072,0.013248697916666849
29.19291396140724,0.043929036458333834,0.09365234375000073,0.013264973958333516
29.1936511907269,0.043994140625000504,0.09379882812500073,0.013281250000000184
29.196307299982813,0.044238281250000504,0.09404296875000073,0.013476562500000183
29.198233991463947,0.044303385416667174,0.09418945312500074,0.01349283854166685
29.20059522908224,0.044368489583333844,0.09433593750000074,0.013509114583333518
29.202911099168123,0.044433593750000513,0.09448242187500075,0.013525390625000185
29.20827111908776,0.04449869791666718,0.09462890625000075,0.013541666666666853
29.209058269446476,0.04474283854166718,0.09487304687500075,0.013736979166666852
29.209098009960588,0.04480794270833385,0.09501953125000076,0.01375325520833352
29.21034274029386,0.04487304687500052,0.09516601562500077,0.013769531250000187
29.21126381902538,0.04493815104166719,0.09531250000000077,0.013785807291666854
29.21352929415854,0.04500325520833386,0.09545898437500078,0.013802083333333522
29.215844250745786,0.04506835937500053,0.09560546875000078,0.01381835937500019
29.221318531893186,0.0451334635416672,0.09575195312500079,0.013834635416666857
29.22440950131059,0.04519856770833387,0.0958984375000008,0.013850911458333524
29.22524679104057,0.04526367187500054,0.0960449218750008,0.013867187500000192
29.229100740110983,0.04532877604166721,0.0961914062500008,0.01388346354166686
29.232957370017896,0.04539388020833388,0.09633789062500081,0.013899739583333527
29.233107516526175,0.04563802083333388,0.09658203125000081,0.014095052083333526
29.236315732211448,0.04570312500000055,0.09672851562500082,0.014111328125000194
29.237060419762248,0.04576822916666722,0.09687500000000082,0.014127604166666861
29.240202442051903,0.04601236979166722,0.09711914062500082,0.01432291666666686
29.24092116847883,0.04607747395833389,0.09726562500000083,0.014339192708333528
29.244878907694257,0.04614257812500056,0.09741210937500083,0.014355468750000195
29.247456454209104,0.04620768229166723,0.09755859375000084,0.014371744791666863
29.24884616153341,0.04645182291666723,0.09780273437500084,0.014567057291666862
29.249423535983873,0.0465169270833339,0.09794921875000084,0.01458333333333353
29.250264313318866,0.04658203125000057,0.09809570312500085,0.014599609375000197
29.25413283879731,0.04664713541666724,0.09824218750000085,0.014615885416666865
29.25800449077253,0.04671223958333391,0.09838867187500086,0.014632161458333532
29.2594974647517,0.04677734375000058,0.09853515625000087,0.0146484375000002
29.261388459394297,0.04684244791666725,0.09868164062500087,0.014664713541666867
29.26213609544529,0.04690755208333392,0.09882812500000088,0.014680989583333534
29.26601245925885,0.04697265625000059,0.09897460937500088,0.014697265625000202
29.269986508073647,0.04703776041666726,0.09912109375000089,0.01471354166666687
29.272055475931875,0.04710286458333393,0.0992675781250009,0.014729817708333537
29.273089085961,0.0471679687500006,0.0994140625000009,0.014746093750000204
29.275477309363403,0.04723307291666727,0.0995605468750009,0.014762369791666872
29.276922032302224,0.04729817708333394,0.09970703125000091,0.01477864583333354
29.277814933637575,0.04736328125000061,0.09985351562500092,0.014794921875000207
29.278082916088277,0.04742838541666728,0.10000000000000092,0.014811197916666874
29.283242730872725,0.04749348958333395,0.10014648437500093,0.014827473958333542
29.286283463660364,0.04755859375000062,0.10029296875000093,0.01484375000000021
29.28857623099386,0.04762369791666729,0.10043945312500094,0.014860026041666877
29.290919412860436,0.04768880208333396,0.10058593750000094,0.014876302083333544
29.29646157223786,0.04775390625000063,0.10073242187500095,0.014892578125000212
29.296757239026466,0.0478190104166673,0.10087890625000095,0.014908854166666879
29.302228771410807,0.04788411458333397,0.10102539062500096,0.014925130208333547
29.304135616052896,0.04794921875000064,0.10117187500000097,0.014941406250000214
29.30460881632635,0.04801432291666731,0.10131835937500097,0.014957682291666882
29.307035694446306,0.04807942708333398,0.10146484375000098,0.014973958333333549
29.309544817170536,0.04814453125000065,0.10161132812500098,0.014990234375000216
29.31016178963611,0.04820963541666732,0.10175781250000099,0.015006510416666884
29.315088667545982,0.04827473958333399,0.101904296875001,0.015022786458333551
29.31747479116703,0.04833984375000066,0.102050781250001,0.015039062500000219
29.31921333350909,0.04858398437500066,0.102294921875001,0.015234375000000218
29.31980617338111,0.04864908854166733,0.102441406250001,0.015250651041666886
29.322999872030927,0.048714192708334,0.10258789062500101,0.015266927083333553
29.326854880643797,0.048958333333334,0.10283203125000101,0.015462239583333552
29.326896698421344,0.04902343750000067,0.10297851562500102,0.01547851562500022
29.33088908758121,0.04908854166666734,0.10312500000000102,0.015494791666666887
29.331717694876406,0.04915364583333401,0.10327148437500103,0.015511067708333555
29.335418991367757,0.04921875000000068,0.10341796875000103,0.015527343750000222
29.33942205707639,0.04928385416666735,0.10356445312500104,0.01554361979166689
29.342891946929388,0.04934895833333402,0.10371093750000104,0.015559895833333557
29.34342519203371,0.04941406250000069,0.10385742187500105,0.015576171875000225
29.344159980280672,0.04947916666666736,0.10400390625000105,0.015592447916666892
29.34744569835565,0.04954427083333403,0.10415039062500106,0.01560872395833356
29.348470990850817,0.0496093750000007,0.10429687500000107,0.015625000000000226
29.352389397661884,0.04967447916666737,0.10444335937500107,0.01564127604166689
29.35360901816693,0.04973958333333404,0.10458984375000108,0.015657552083333557
29.35640411860459,0.04980468750000071,0.10473632812500108,0.015673828125000223
29.35723733408151,0.04986979166666738,0.10488281250000109,0.01569010416666689
29.358757321950335,0.05011393229166738,0.10512695312500109,0.015885416666666888
29.360972139021246,0.05017903645833405,0.1052734375000011,0.015901692708333554
29.364998170790145,0.05024414062500072,0.1054199218750011,0.01591796875000022
29.368249382596417,0.05030924479166739,0.1055664062500011,0.015934244791666885
29.369024600013574,0.05037434895833406,0.10571289062500111,0.01595052083333355
29.3697642304621,0.05043945312500073,0.10585937500000112,0.015966796875000216
29.372980464017672,0.0505045572916674,0.10600585937500112,0.015983072916666882
29.37543322652328,0.05056966145833407,0.10615234375000113,0.015999348958333548
29.376856821711208,0.05063476562500074,0.10629882812500113,0.016015625000000214
29.37783775471736,0.05069986979166741,0.10644531250000114,0.01603190104166688
29.378542952412634,0.05076497395833408,0.10659179687500114,0.016048177083333545
29.38096304218054,0.05083007812500075,0.10673828125000115,0.01606445312500021
29.383431036941708,0.050895182291667417,0.10688476562500115,0.016080729166666877
29.38595189244228,0.050960286458334086,0.10703125000000116,0.016097005208333542
29.391635405099432,0.051025390625000756,0.10717773437500117,0.016113281250000208
29.394063333429997,0.051090494791667426,0.10732421875000117,0.016129557291666874
29.39643593756093,0.051155598958334096,0.10747070312500118,0.01614583333333354
29.39995038706808,0.051220703125000766,0.10761718750000118,0.016162109375000205
29.402406582312405,0.051285807291667436,0.10776367187500119,0.01617838541666687
29.404808132519573,0.051350911458334106,0.1079101562500012,0.016194661458333537
29.41039153362599,0.051416015625000776,0.1080566406250012,0.016210937500000203
29.413518161589128,0.051481119791667446,0.1082031250000012,0.01622721354166687
29.415879136655953,0.051546223958334116,0.10834960937500121,0.016243489583333534
29.41828906792661,0.051611328125000785,0.10849609375000122,0.0162597656250002
29.4220748716311,0.051676432291667455,0.10864257812500122,0.016276041666666866
29.42399677725679,0.051741536458334125,0.10878906250000123,0.01629231770833353
29.427207817955992,0.051806640625000795,0.10893554687500123,0.016308593750000197
29.42807981524519,0.051871744791667465,0.10908203125000124,0.016324869791666863
29.428355243072495,0.051936848958334135,0.10922851562500124,0.01634114583333353
29.428881080135465,0.052001953125000805,0.10937500000000125,0.016357421875000194
29.43210339132751,0.052067057291667475,0.10952148437500125,0.01637369791666686
29.43612872347742,0.052132161458334145,0.10966796875000126,0.016389973958333526
29.439651594255608,0.052197265625000815,0.10981445312500127,0.01640625000000019
29.440428193550996,0.052262369791667485,0.10996093750000127,0.016422526041666857
29.444465673975763,0.052327473958334154,0.11010742187500128,0.016438802083333523
29.448603706868624,0.052392578125000824,0.11025390625000128,0.01645507812500019
29.449758429279843,0.052457682291667494,0.11040039062500129,0.016471354166666854
29.45336168271594,0.052522786458334164,0.1105468750000013,0.01648763020833352
29.45424005004815,0.052587890625000834,0.1106933593750013,0.016503906250000186
29.45829360289077,0.052652994791667504,0.1108398437500013,0.01652018229166685
29.462349328040585,0.052718098958334174,0.11098632812500131,0.016536458333333517
29.46407401735449,0.052783203125000844,0.11113281250000132,0.016552734375000183
29.46588612027058,0.052848307291667514,0.11127929687500132,0.01656901041666685
29.46666866410572,0.052913411458334184,0.11142578125000133,0.016585286458333515
29.47074061869493,0.052978515625000853,0.11157226562500133,0.01660156250000018
29.474907309239075,0.05304361979166752,0.11171875000000134,0.016617838541666846
29.478178823825697,0.05310872395833419,0.11186523437500134,0.016634114583333512
29.47849310532941,0.05335286458333419,0.11210937500000134,0.01682942708333351
29.478763992013903,0.05341796875000086,0.11225585937500135,0.016845703125000177
29.480689772607793,0.05348307291666753,0.11240234375000135,0.016861979166666843
29.483145216585143,0.0535481770833342,0.11254882812500136,0.01687825520833351
29.488855216767043,0.05361328125000087,0.11269531250000137,0.016894531250000174
29.48971154496756,0.05367838541666754,0.11284179687500137,0.01691080729166684
29.49204055764199,0.05374348958333421,0.11298828125000138,0.016927083333333506
29.49445598607708,0.05380859375000088,0.11313476562500138,0.01694335937500017
29.496922031415124,0.05387369791666755,0.11328125000000139,0.016959635416666837
29.502763584431815,0.05393880208333422,0.1134277343750014,0.016975911458333503
29.503073682219895,0.05400390625000089,0.1135742187500014,0.01699218750000017
29.504568564708137,0.05406901041666756,0.1137207031250014,0.017008463541666834
29.50584827097124,0.05431315104166756,0.1139648437500014,0.017203776041666834
29.50750754329386,0.05437825520833423,0.11411132812500141,0.0172200520833335
29.50794108938501,0.0544433593750009,0.11425781250000142,0.017236328125000165
29.50884592001216,0.05450846354166757,0.11440429687500142,0.01725260416666683
29.511355906638848,0.05457356770833424,0.11455078125000143,0.017268880208333497
29.51392019324099,0.05463867187500091,0.11469726562500143,0.017285156250000162
29.516535252836515,0.05470377604166758,0.11484375000000144,0.017301432291666828
29.521432112852303,0.05476888020833425,0.11499023437500144,0.017317708333333494
29.52234037898212,0.05483398437500092,0.11513671875000145,0.01733398437500016
29.522440419564457,0.05489908854166759,0.11528320312500145,0.017350260416666825
29.52496172446842,0.05496419270833426,0.11542968750000146,0.01736653645833349
29.527429374064003,0.05502929687500093,0.11557617187500147,0.017382812500000157
29.53079566783079,0.0550944010416676,0.11572265625000147,0.017399088541666823
29.534919812105606,0.05515950520833427,0.11586914062500148,0.01741536458333349
29.539150859070777,0.05522460937500094,0.11601562500000148,0.017431640625000154
29.54002727039524,0.05528971354166761,0.11616210937500149,0.01744791666666682
29.54396597284043,0.05535481770833428,0.1163085937500015,0.017464192708333486
29.546225183006836,0.05541992187500095,0.1164550781250015,0.01748046875000015
29.548210635830618,0.05548502604166762,0.1166015625000015,0.017496744791666817
29.552461324015777,0.05555013020833429,0.11674804687500151,0.017513020833333483
29.55323991523818,0.05561523437500096,0.11689453125000152,0.01752929687500015
29.55790030860583,0.05568033854166763,0.11704101562500152,0.017545572916666814
29.561984134104733,0.0557454427083343,0.11718750000000153,0.01756184895833348
29.56625577539265,0.05581054687500097,0.11733398437500153,0.017578125000000146
29.567140728654692,0.05587565104166764,0.11748046875000154,0.01759440104166681
29.571104286842385,0.05594075520833431,0.11762695312500154,0.017610677083333477
29.575390456525557,0.05600585937500098,0.11777343750000155,0.017626953125000143
29.576784528276047,0.05607096354166765,0.11791992187500155,0.01764322916666681
29.579683086946083,0.05613606770833432,0.11806640625000156,0.017659505208333474
29.580469388135818,0.05620117187500099,0.11821289062500157,0.01767578125000014
29.583106406126685,0.05626627604166766,0.11835937500000157,0.017692057291666806
29.583558603493305,0.05633138020833433,0.11850585937500158,0.01770833333333347
29.583913200526645,0.056396484375001,0.11865234375000158,0.017724609375000137
29.589851108882257,0.05646158854166767,0.11879882812500159,0.017740885416666803
29.590911578303935,0.05652669270833434,0.1189453125000016,0.01775716145833347
29.59243380544958,0.05659179687500101,0.1190917968750016,0.017773437500000135
29.595072065205933,0.05665690104166768,0.1192382812500016,0.0177897135416668
29.597751056724015,0.05672200520833435,0.11938476562500161,0.017805989583333466
29.60012247948665,0.05678710937500102,0.11953125000000162,0.017822265625000132
29.600452152002973,0.05685221354166769,0.11967773437500162,0.017838541666666798
29.60199818290059,0.05691731770833436,0.11982421875000163,0.017854817708333463
29.603830961714905,0.05698242187500103,0.11997070312500163,0.01787109375000013
29.606427523039716,0.0570475260416677,0.12011718750000164,0.017887369791666795
29.608969146162103,0.05711263020833437,0.12026367187500164,0.01790364583333346
29.614010758511096,0.05717773437500104,0.12041015625000165,0.017919921875000126
29.61491520543248,0.05724283854166771,0.12055664062500165,0.017936197916666792
29.619280837277035,0.05730794270833438,0.12070312500000166,0.017952473958333458
29.623540387403164,0.05737304687500105,0.12084960937500167,0.017968750000000124
29.627689315014823,0.05743815104166772,0.12099609375000167,0.01798502604166679
29.628486957637588,0.05750325520833439,0.12114257812500168,0.018001302083333455
29.62856581469683,0.05756835937500106,0.12128906250000168,0.01801757812500012
29.632876332129698,0.05763346354166773,0.12143554687500169,0.018033854166666786
29.63415586839272,0.0576985677083344,0.1215820312500017,0.018050130208333452
29.63420229110046,0.05776367187500107,0.1217285156250017,0.018066406250000118
29.637269599727105,0.05782877604166774,0.1218750000000017,0.018082682291666784
29.640681917226807,0.05789388020833441,0.12202148437500171,0.01809895833333345
29.642478193159587,0.05795898437500108,0.12216796875000172,0.018115234375000115
29.64336765366151,0.05802408854166775,0.12231445312500172,0.01813151041666678
29.64599790382999,0.05808919270833442,0.12246093750000173,0.018147786458333447
29.650415699915115,0.05815429687500109,0.12260742187500173,0.018164062500000112
29.652087019046576,0.05821940104166776,0.12275390625000174,0.018180338541666778
29.654945068292523,0.058284505208334426,0.12290039062500174,0.018196614583333444
29.656966119676703,0.058349609375001096,0.12304687500000175,0.01821289062500011
29.657540517304973,0.058414713541667766,0.12319335937500175,0.018229166666666775
29.660186412270004,0.058479817708334436,0.12333984375000176,0.01824544270833344
29.66043527539147,0.058544921875001106,0.12348632812500177,0.018261718750000107
29.666418577154147,0.058610026041667776,0.12363281250000177,0.018277994791666773
29.668892058290997,0.058675130208334446,0.12377929687500178,0.01829427083333344
29.67158129211677,0.058740234375001116,0.12392578125000178,0.018310546875000104
29.67424306913064,0.058805338541667786,0.12407226562500179,0.01832682291666677
29.680405731492748,0.058870442708334456,0.12421875000000179,0.018343098958333436
29.683292754634877,0.058935546875001125,0.1243652343750018,0.0183593750000001
29.68331242911266,0.059000651041667795,0.1245117187500018,0.018375651041666767
29.68588742678132,0.059065755208334465,0.12465820312500181,0.018391927083333433
29.685939775390313,0.059130859375001135,0.12480468750000182,0.0184082031250001
29.688618249508608,0.059195963541667805,0.12495117187500182,0.018424479166666764
29.694927735166637,0.059261067708334475,0.12509765625000183,0.01844075520833343
29.697852333324963,0.059326171875001145,0.12524414062500183,0.018457031250000096
29.698411335663152,0.059391276041667815,0.12539062500000184,0.01847330729166676
29.69934835088129,0.059456380208334485,0.12553710937500184,0.018489583333333427
29.703872491326464,0.059521484375001155,0.12568359375000185,0.018505859375000093
29.70461591154076,0.059586588541667825,0.12583007812500185,0.01852213541666676
29.70696539757177,0.059651692708334494,0.12597656250000186,0.018538411458333424
29.7082862944063,0.059716796875001164,0.12612304687500187,0.01855468750000009
29.71260428270112,0.059781901041667834,0.12626953125000187,0.018570963541666756
29.71288858958125,0.059847005208334504,0.12641601562500188,0.01858723958333342
29.713431547807048,0.059912109375001174,0.12656250000000188,0.018603515625000087
29.71359465851614,0.059977213541667844,0.1267089843750019,0.018619791666666753
29.71798470753913,0.060042317708334514,0.1268554687500019,0.01863606770833342
29.722543319907356,0.060107421875001184,0.1270019531250019,0.018652343750000085
29.725597241621493,0.060172526041667854,0.1271484375000019,0.01866861979166675
29.730083659497357,0.060237630208334524,0.1272949218750019,0.018684895833333416
29.734579789870473,0.060302734375001193,0.12744140625000192,0.018701171875000082
29.735560912807134,0.06036783854166786,0.12758789062500192,0.018717447916666748
29.738287946544386,0.06061197916666786,0.12783203125000192,0.018912760416666747
29.739382381974877,0.06067708333333453,0.12797851562500193,0.018929036458333413
29.741956977684403,0.0607421875000012,0.12812500000000193,0.01894531250000008
29.744015492131332,0.06080729166666787,0.12827148437500194,0.018961588541666744
29.74854134195041,0.06087239583333454,0.12841796875000194,0.01897786458333341
29.749411247124705,0.06093750000000121,0.12856445312500195,0.018994140625000076
29.750614380420284,0.06100260416666788,0.12871093750000195,0.01901041666666674
29.75317000056267,0.06106770833333455,0.12885742187500196,0.019026692708333407
29.754651319695,0.06113281250000122,0.12900390625000197,0.019042968750000073
29.759531484800156,0.06119791666666789,0.12915039062500197,0.01905924479166674
29.762056768160637,0.06126302083333456,0.12929687500000198,0.019075520833333404
29.76228134827112,0.06132812500000123,0.12944335937500198,0.01909179687500007
29.765089295080557,0.0613932291666679,0.129589843750002,0.019108072916666736
29.768527801585904,0.06145833333333457,0.129736328125002,0.0191243489583334
29.774862942739674,0.06152343750000124,0.129882812500002,0.019140625000000067
29.77504929289956,0.06158854166666791,0.130029296875002,0.019156901041666733
29.775103658598994,0.06165364583333458,0.130175781250002,0.0191731770833334
29.777820243455142,0.06171875000000125,0.13032226562500202,0.019189453125000065
29.78053754069322,0.06178385416666792,0.13046875000000202,0.01920572916666673
29.782208164496726,0.06184895833333459,0.13061523437500203,0.019222005208333396
29.782842656475328,0.06191406250000126,0.13076171875000203,0.019238281250000062
29.78447996600192,0.06197916666666793,0.13090820312500204,0.019254557291666727
29.786587357372724,0.0620442708333346,0.13105468750000204,0.019270833333333393
29.7892981299688,0.06210937500000127,0.13120117187500205,0.01928710937500006
29.792088972366816,0.06217447916666794,0.13134765625000205,0.019303385416666725
29.79294963952727,0.06223958333333461,0.13149414062500206,0.01931966145833339
29.794938981738085,0.06230468750000128,0.13164062500000207,0.019335937500000056
29.798443863548997,0.06236979166666795,0.13178710937500207,0.019352213541666722
29.805064602296795,0.06243489583333462,0.13193359375000208,0.019368489583333388
29.80788657698155,0.06250000000000129,0.13208007812500208,0.019384765625000053
29.810637100084165,0.06256510416666795,0.1322265625000021,0.01940104166666672
29.8144981948063,0.06263020833333462,0.1323730468750021,0.019417317708333385
29.815255137435603,0.06269531250000128,0.1325195312500021,0.01943359375000005
29.81743272762398,0.06276041666666794,0.1326660156250021,0.019449869791666716
29.819186290367192,0.0628255208333346,0.1328125000000021,0.019466145833333382
29.81962714413707,0.06289062500000127,0.13295898437500211,0.019482421875000048
29.822093131755455,0.06295572916666793,0.13310546875000212,0.019498697916666714
29.823886332340376,0.0630208333333346,0.13325195312500213,0.01951497395833338
29.824048854212464,0.0632649739583346,0.13349609375000213,0.01971028645833338
29.82491228267376,0.06333007812500126,0.13364257812500213,0.019726562500000044
29.82892358079622,0.06339518229166792,0.13378906250000214,0.01974283854166671
29.833770520509397,0.06346028645833458,0.13393554687500214,0.019759114583333376
29.838507110291747,0.06352539062500125,0.13408203125000215,0.01977539062500004
29.839417701192662,0.06359049479166791,0.13422851562500215,0.019791666666666707
29.84454724135888,0.06365559895833457,0.13437500000000216,0.019807942708333373
29.845504070903814,0.06372070312500124,0.13452148437500216,0.01982421875000004
29.845736287582653,0.0637858072916679,0.13466796875000217,0.019840494791666705
29.848747270965717,0.0640299479166679,0.13491210937500217,0.020035807291666704
29.84928477829534,0.06409505208333456,0.13505859375000218,0.02005208333333337
29.85405252635141,0.06416015625000122,0.13520507812500218,0.020068359375000035
29.85409806956741,0.06422526041666789,0.1353515625000022,0.0200846354166667
29.855106742275524,0.06429036458333455,0.1354980468750022,0.020100911458333367
29.85532822498805,0.06435546875000121,0.1356445312500022,0.020117187500000033
29.85920320993167,0.06442057291666788,0.1357910156250022,0.0201334635416667
29.860165805639404,0.06448567708333454,0.1359375000000022,0.020149739583333364
29.865061441131093,0.0645507812500012,0.13608398437500221,0.02016601562500003
29.869916746489153,0.06461588541666786,0.13623046875000222,0.020182291666666696
29.87081675670262,0.06468098958333453,0.13637695312500223,0.02019856770833336
29.87481981006043,0.06474609375000119,0.13652343750000223,0.020214843750000027
29.877268703967356,0.06481119791666785,0.13666992187500224,0.020231119791666693
29.8816268120828,0.06487630208333452,0.13681640625000224,0.02024739583333336
29.884521825690456,0.06494140625000118,0.13696289062500225,0.020263671875000024
29.88755168383174,0.06500651041666784,0.13710937500000225,0.02027994791666669
29.89020748545477,0.0650716145833345,0.13725585937500226,0.020296223958333356
29.89048749992993,0.06513671875000117,0.13740234375000226,0.02031250000000002
29.89512562205082,0.06520182291666783,0.13754882812500227,0.020328776041666687
29.897201532038345,0.0652669270833345,0.13769531250000228,0.020345052083333353
29.900122384153043,0.06533203125000116,0.13784179687500228,0.02036132812500002
29.903051714106304,0.06539713541666782,0.1379882812500023,0.020377604166666684
29.906239467520347,0.06546223958333448,0.1381347656250023,0.02039388020833335
29.90659119257734,0.06552734375000115,0.1382812500000023,0.020410156250000016
29.90767378724102,0.06559244791666781,0.1384277343750023,0.02042643229166668
29.91023196132427,0.06565755208333447,0.1385742187500023,0.020442708333333347
29.91317014043937,0.06572265625000114,0.13872070312500231,0.020458984375000013
29.91490830982792,0.0657877604166678,0.13886718750000232,0.02047526041666668
29.916118203622336,0.06585286458333446,0.13901367187500233,0.020491536458333345
29.91920391948098,0.06591796875000112,0.13916015625000233,0.02050781250000001
29.921928803802516,0.06598307291666779,0.13930664062500234,0.020524088541666676
29.926815486758382,0.06604817708333445,0.13945312500000234,0.020540364583333342
29.92904924169696,0.06611328125000111,0.13959960937500235,0.020556640625000008
29.932025100149964,0.06617838541666778,0.13974609375000235,0.020572916666666673
29.935009797833995,0.06624348958333444,0.13989257812500236,0.02058919270833334
29.935024053025614,0.0663085937500011,0.14003906250000236,0.020605468750000005
29.93824643924612,0.06637369791666776,0.14018554687500237,0.02062174479166667
29.939149153107675,0.06643880208333443,0.14033203125000238,0.020638020833333336
29.944150573297613,0.06650390625000109,0.14047851562500238,0.020654296875000002
29.94685587346358,0.06656901041666775,0.1406250000000024,0.020670572916666668
29.949234348138763,0.06663411458333442,0.1407714843750024,0.020686848958333334
29.950300074294283,0.06669921875000108,0.1409179687500024,0.020703125
29.95197632756824,0.06676432291666774,0.1410644531250024,0.020719401041666665
29.95313607533341,0.0668294270833344,0.1412109375000024,0.02073567708333333
29.955662390386287,0.06689453125000107,0.14135742187500241,0.020751953124999997
29.95703023499765,0.06695963541666773,0.14150390625000242,0.020768229166666662
29.960838628170336,0.0670247395833344,0.14165039062500243,0.020784505208333328
29.96597460618584,0.06708984375000106,0.14179687500000243,0.020800781249999994
29.966926578159583,0.06715494791666772,0.14194335937500244,0.02081705729166666
29.97107754631398,0.06722005208333438,0.14208984375000244,0.020833333333333325
29.97180318142491,0.06728515625000105,0.14223632812500245,0.02084960937499999
29.973777755108895,0.06735026041666771,0.14238281250000245,0.020865885416666657
29.974892454908325,0.06741536458333437,0.14252929687500246,0.020882161458333322
29.977364019960007,0.06748046875000104,0.14267578125000246,0.020898437499999988
29.97984115138116,0.0675455729166677,0.14282226562500247,0.020914713541666654
29.980097571786864,0.06761067708333436,0.14296875000000248,0.02093098958333332
29.98525952233252,0.06767578125000102,0.14311523437500248,0.020947265624999985
29.99128373213064,0.06774088541666769,0.1432617187500025,0.02096354166666665
29.992283685305168,0.06780598958333435,0.1434082031250025,0.020979817708333317
29.99620595005735,0.06787109375000101,0.1435546875000025,0.020996093749999983
29.997546692463253,0.06793619791666768,0.1437011718750025,0.02101236979166665
30.00071985936408,0.06800130208333434,0.1438476562500025,0.021028645833333314
30.00207996413244,0.068066406250001,0.14399414062500251,0.02104492187499998
30.002893811481098,0.06813151041666766,0.14414062500000252,0.021061197916666646
30.00421789732196,0.06819661458333433,0.14428710937500253,0.02107747395833331
30.004574959831373,0.06826171875000099,0.14443359375000253,0.021093749999999977
30.007030078450125,0.06832682291666765,0.14458007812500254,0.021110026041666643
30.010260695931592,0.06839192708333432,0.14472656250000254,0.02112630208333331
30.0134986959145,0.06845703125000098,0.14487304687500255,0.021142578124999974
30.015770506067515,0.06852213541666764,0.14501953125000255,0.02115885416666664
30.0208709632739,0.0685872395833343,0.14516601562500256,0.021175130208333306
30.02331360527478,0.06865234375000097,0.14531250000000256,0.02119140624999997
30.026440719762167,0.06871744791666763,0.14545898437500257,0.021207682291666637
30.02667365454175,0.0687825520833343,0.14560546875000258,0.021223958333333303
30.029242511798873,0.06884765625000096,0.14575195312500258,0.02124023437499997
30.02971313780667,0.06891276041666762,0.1458984375000026,0.021256510416666635
30.03730338588462,0.06897786458333428,0.1460449218750026,0.0212727864583333
30.039579520288477,0.06904296875000095,0.1461914062500026,0.021289062499999966
30.03968368611747,0.06910807291666761,0.1463378906250026,0.021305338541666632
30.041128573833827,0.06917317708333427,0.1464843750000026,0.021321614583333297
30.04443235115011,0.06923828125000094,0.14663085937500261,0.021337890624999963
30.047803867167385,0.0693033854166676,0.14677734375000262,0.02135416666666663
30.053262709011495,0.06936848958333426,0.14692382812500263,0.021370442708333295
30.055285903786757,0.06943359375000092,0.14707031250000263,0.02138671874999996
30.0559269390323,0.06949869791666759,0.14721679687500264,0.021402994791666626
30.056455645955367,0.06956380208333425,0.14736328125000264,0.021419270833333292
30.057802183766174,0.06962890625000091,0.14750976562500265,0.021435546874999958
30.061002225806668,0.06969401041666758,0.14765625000000265,0.021451822916666623
30.06435128804016,0.06975911458333424,0.14780273437500266,0.02146809895833329
30.06668692274224,0.0698242187500009,0.14794921875000266,0.021484374999999955
30.07212081950501,0.06988932291666757,0.14809570312500267,0.02150065104166662
30.072343636445652,0.06995442708333423,0.14824218750000268,0.021516927083333286
30.07643509391671,0.07001953125000089,0.14838867187500268,0.021533203124999952
30.07712856657697,0.07008463541666755,0.1485351562500027,0.021549479166666618
30.07762708224151,0.07014973958333422,0.1486816406250027,0.021565755208333284
30.08060496486682,0.07039388020833422,0.1489257812500027,0.021761067708333283
30.083197555620263,0.07045898437500088,0.1490722656250027,0.02177734374999995
30.088724854927012,0.07052408854166754,0.1492187500000027,0.021793619791666614
30.0896340992388,0.0705891927083342,0.1493652343750027,0.02180989583333328
30.09519700678759,0.07065429687500087,0.14951171875000271,0.021826171874999946
30.095950809762808,0.07071940104166753,0.14965820312500272,0.02184244791666661
30.096268914319506,0.0707845052083342,0.14980468750000273,0.021858723958333277
30.101912429155018,0.07084960937500086,0.14995117187500273,0.021874999999999943
30.102102315361705,0.07091471354166752,0.15009765625000274,0.02189127604166661
30.107649684967853,0.07097981770833418,0.15024414062500274,0.021907552083333275
30.110019290802303,0.07104492187500085,0.15039062500000275,0.02192382812499994
30.1102448349156,0.07111002604166751,0.15053710937500275,0.021940104166666606
30.11161477059029,0.07117513020833417,0.15068359375000276,0.021956380208333272
30.11460931831096,0.07124023437500084,0.15083007812500276,0.021972656249999938
30.11620960978555,0.0713053385416675,0.15097656250000277,0.021988932291666603
30.117899845923272,0.07137044270833416,0.15112304687500278,0.02200520833333327
30.12137392062944,0.07143554687500082,0.15126953125000278,0.022021484374999935
30.124862399495797,0.07150065104166749,0.1514160156250028,0.0220377604166666
30.1273709411537,0.07156575520833415,0.1515625000000028,0.022054036458333266
30.128508479903676,0.07163085937500081,0.1517089843750028,0.022070312499999932
30.129433404119503,0.07169596354166748,0.1518554687500028,0.022086588541666598
30.131618064492834,0.07176106770833414,0.1520019531250028,0.022102864583333263
30.13548937601674,0.0718261718750008,0.15214843750000281,0.02211914062499993
30.13624993041286,0.07189127604166747,0.15229492187500282,0.022135416666666595
30.13880498658835,0.07195638020833413,0.15244140625000283,0.02215169270833326
30.139008772230348,0.07202148437500079,0.15258789062500283,0.022167968749999926
30.14240186045819,0.07208658854166745,0.15273437500000284,0.022184244791666592
30.14708255513091,0.07215169270833412,0.15288085937500284,0.022200520833333258
30.152126536389424,0.07221679687500078,0.15302734375000285,0.022216796874999924
30.15286433277869,0.07228190104166744,0.15317382812500285,0.02223307291666659
30.1553034225293,0.0723470052083341,0.15332031250000286,0.022249348958333255
30.15676787884892,0.07241210937500077,0.15346679687500286,0.02226562499999992
30.15726638054479,0.07247721354166743,0.15361328125000287,0.022281901041666587
30.15875392490813,0.0725423177083341,0.15375976562500288,0.022298177083333252
30.160022893168502,0.07260742187500076,0.15390625000000288,0.022314453124999918
30.166679763278335,0.07267252604166742,0.1540527343750029,0.022330729166666584
30.172699193919463,0.07273763020833408,0.1541992187500029,0.02234700520833325
30.173018400912586,0.07298177083333408,0.1544433593750029,0.02254231770833325
30.178676786603223,0.07304687500000075,0.1545898437500029,0.022558593749999915
30.179811219954395,0.07311197916666741,0.1547363281250029,0.02257486979166658
30.18005037261236,0.07317708333333407,0.1548828125000029,0.022591145833333246
30.184313614528023,0.07324218750000074,0.15502929687500291,0.022607421874999912
30.184763208697483,0.0733072916666674,0.15517578125000292,0.022623697916666578
30.1853656634365,0.07337239583333406,0.15532226562500293,0.022639973958333243
30.188365268085448,0.07343750000000072,0.15546875000000293,0.02265624999999991
30.18894834925777,0.07350260416666739,0.15561523437500294,0.022672526041666575
30.190710556206145,0.07356770833333405,0.15576171875000294,0.02268880208333324
30.191462447785952,0.07363281250000071,0.15590820312500295,0.022705078124999906
30.194551205061178,0.07369791666666738,0.15605468750000295,0.022721354166666572
30.196792212953923,0.07376302083333404,0.15620117187500296,0.022737630208333238
30.19807649128545,0.0738281250000007,0.15634765625000296,0.022753906249999904
30.19908272972036,0.07389322916666737,0.15649414062500297,0.02277018229166657
30.203445585177793,0.07395833333333403,0.15664062500000298,0.022786458333333235
30.204909285875168,0.07402343750000069,0.15678710937500298,0.0228027343749999
30.211106853172556,0.07408854166666735,0.156933593750003,0.022819010416666567
30.21483677692686,0.07415364583333402,0.157080078125003,0.022835286458333232
30.21627892338281,0.07421875000000068,0.157226562500003,0.022851562499999898
30.21726303812327,0.07428385416666734,0.157373046875003,0.022867838541666564
30.21843150962393,0.074348958333334,0.157519531250003,0.02288411458333323
30.22160930195112,0.07441406250000067,0.15766601562500301,0.022900390624999895
30.22340939828716,0.07447916666666733,0.15781250000000302,0.02291666666666656
30.231465157605,0.074544270833334,0.15795898437500303,0.022932942708333227
30.231990088397435,0.07460937500000066,0.15810546875000303,0.022949218749999892
30.235777241617164,0.07467447916666732,0.15825195312500304,0.022965494791666558
30.236549520443106,0.07473958333333398,0.15839843750000304,0.022981770833333224
30.239581140192836,0.07480468750000065,0.15854492187500305,0.02299804687499989
30.241966598039586,0.07486979166666731,0.15869140625000305,0.023014322916666555
30.24229797682395,0.07493489583333397,0.15883789062500306,0.02303059895833322
30.250994747442217,0.07500000000000064,0.15898437500000306,0.023046874999999887
30.251161036050917,0.0750651041666673,0.15913085937500307,0.023063151041666553
30.25325380444164,0.07513020833333396,0.15927734375000308,0.02307942708333322
30.25500650133645,0.07519531250000062,0.15942382812500308,0.023095703124999884
30.255235813998674,0.07526041666666729,0.1595703125000031,0.02311197916666655
30.256230719467407,0.07532552083333395,0.1597167968750031,0.023128255208333216
30.257681013659777,0.07539062500000061,0.1598632812500031,0.02314453124999988
30.25871575823176,0.07545572916666728,0.1600097656250031,0.023160807291666547
30.260554629774543,0.07552083333333394,0.1601562500000031,0.023177083333333213
30.26076458859596,0.0755859375000006,0.16030273437500311,0.02319335937499988
30.262272105634533,0.07565104166666727,0.16044921875000312,0.023209635416666544
30.26587954157508,0.07571614583333393,0.16059570312500313,0.02322591145833321
30.269816555955636,0.07578125000000059,0.16074218750000313,0.023242187499999876
30.269973298451056,0.07584635416666725,0.16088867187500314,0.02325846354166654
30.273610037804737,0.07591145833333392,0.16103515625000314,0.023274739583333207
30.282584907571373,0.07597656250000058,0.16118164062500315,0.023291015624999873
30.286254830019015,0.07604166666666724,0.16132812500000315,0.02330729166666654
30.288319187544744,0.0761067708333339,0.16147460937500316,0.023323567708333205
30.289174665792817,0.07617187500000057,0.16162109375000316,0.02333984374999987
30.29010056075637,0.07623697916666723,0.16176757812500317,0.023356119791666536
30.29028943783548,0.07648111979166723,0.16201171875000317,0.023551432291666535
30.29395779873776,0.0765462239583339,0.16215820312500318,0.0235677083333332
30.29560211048037,0.07661132812500056,0.16230468750000318,0.023583984374999867
30.303244442354252,0.07667643229166722,0.1624511718750032,0.023600260416666533
30.308473226078995,0.07674153645833388,0.1625976562500032,0.023616536458333198
30.30859452280843,0.07680664062500055,0.1627441406250032,0.023632812499999864
30.309860286448178,0.07687174479166721,0.1628906250000032,0.02364908854166653
30.30987600175972,0.07693684895833387,0.1630371093750032,0.023665364583333195
30.3122363039982,0.07700195312500054,0.16318359375000321,0.02368164062499986
30.316477672817214,0.0770670572916672,0.16333007812500322,0.023697916666666527
30.321222190796252,0.07713216145833386,0.16347656250000323,0.023714192708333193
30.32304790971943,0.07719726562500052,0.16362304687500323,0.02373046874999986
30.32933283417518,0.07726236979166719,0.16376953125000324,0.023746744791666524
30.33026746049016,0.07732747395833385,0.16391601562500324,0.02376302083333319
30.330890999480353,0.07739257812500051,0.16406250000000325,0.023779296874999856
30.33150664743624,0.07745768229166718,0.16420898437500325,0.02379557291666652
30.33259347137712,0.07752278645833384,0.16435546875000326,0.023811848958333187
30.338246882127613,0.0775878906250005,0.16450195312500326,0.023828124999999853
30.34099074500573,0.07765299479166717,0.16464843750000327,0.02384440104166652
30.34342692887966,0.07771809895833383,0.16479492187500328,0.023860677083333184
30.34511609156047,0.07778320312500049,0.16494140625000328,0.02387695312499985
30.350304240889123,0.07784830729166715,0.1650878906250033,0.023893229166666516
30.350592267037516,0.07791341145833382,0.1652343750000033,0.02390950520833318
30.351427690905172,0.07797851562500048,0.1653808593750033,0.023925781249999847
30.352866357510425,0.07804361979166714,0.1655273437500033,0.023942057291666513
30.35426502511156,0.0781087239583338,0.1656738281250033,0.02395833333333318
30.355053374713883,0.07817382812500047,0.16582031250000331,0.023974609374999845
30.357794849404527,0.07823893229166713,0.16596679687500332,0.02399088541666651
30.359732105986073,0.0783040364583338,0.16611328125000333,0.024007161458333176
30.366551752005144,0.07836914062500046,0.16625976562500333,0.024023437499999842
30.370984487881053,0.07843424479166712,0.16640625000000334,0.024039713541666508
30.37403685973769,0.07849934895833378,0.16655273437500334,0.024055989583333173
30.375313566525374,0.07856445312500045,0.16669921875000335,0.02407226562499984
30.37759785475494,0.07862955729166711,0.16684570312500335,0.024088541666666505
30.381437883714327,0.07869466145833377,0.16699218750000336,0.02410481770833317
30.382296245651276,0.07875976562500044,0.16713867187500336,0.024121093749999836
30.38231595578213,0.0788248697916671,0.16728515625000337,0.024137369791666502
30.383477601180676,0.07888997395833376,0.16743164062500338,0.024153645833333168
30.386889694024987,0.07895507812500042,0.16757812500000338,0.024169921874999833
30.387646641625143,0.07902018229166709,0.1677246093750034,0.0241861979166665
30.389455308832016,0.07908528645833375,0.1678710937500034,0.024202473958333165
30.39511160240984,0.07915039062500041,0.1680175781250034,0.02421874999999983
30.398759582032422,0.07921549479166708,0.1681640625000034,0.024235026041666496
30.39950814852702,0.07928059895833374,0.1683105468750034,0.024251302083333162
30.40235361741897,0.0793457031250004,0.16845703125000341,0.024267578124999828
30.403747538940294,0.07941080729166707,0.16860351562500342,0.024283854166666494
30.403803558511292,0.07947591145833373,0.16875000000000343,0.02430013020833316
30.403812956645034,0.07954101562500039,0.16889648437500343,0.024316406249999825
30.404205144579443,0.07960611979166705,0.16904296875000344,0.02433268229166649
30.409009544458844,0.07967122395833372,0.16918945312500344,0.024348958333333157
30.410799149802237,0.07973632812500038,0.16933593750000345,0.024365234374999822
30.41291258790081,0.07980143229166704,0.16948242187500345,0.024381510416666488
30.413789626550336,0.0798665364583337,0.16962890625000346,0.024397786458333154
30.41787808007079,0.07993164062500037,0.16977539062500346,0.02441406249999982
30.422189466146826,0.07999674479166703,0.16992187500000347,0.024430338541666485
30.4265168809435,0.0800618489583337,0.17006835937500347,0.02444661458333315
30.4325085238328,0.08012695312500036,0.17021484375000348,0.024462890624999817
30.4369488347648,0.08019205729166702,0.17036132812500349,0.024479166666666483
30.439370270270658,0.08025716145833368,0.1705078125000035,0.02449544270833315
30.441035379930057,0.08032226562500035,0.1706542968750035,0.024511718749999814
30.44310492432457,0.08038736979166701,0.1708007812500035,0.02452799479166648
30.445904000709284,0.08045247395833367,0.1709472656250035,0.024544270833333146
30.44969612486444,0.08051757812500034,0.1710937500000035,0.02456054687499981
30.451005153853995,0.080582682291667,0.17124023437500352,0.024576822916666477
30.452489768214942,0.08064778645833366,0.17138671875000352,0.024593098958333143
30.452538065160955,0.08071289062500032,0.17153320312500353,0.02460937499999981
30.454266996626615,0.08077799479166699,0.17167968750000354,0.024625651041666474
30.45496158148873,0.08084309895833365,0.17182617187500354,0.02464192708333314
30.45885796803596,0.08090820312500031,0.17197265625000355,0.024658203124999806
30.461870358343933,0.08097330729166698,0.17211914062500355,0.02467447916666647
30.46214562255082,0.08103841145833364,0.17226562500000356,0.024690755208333137
30.468161909341767,0.0811035156250003,0.17241210937500356,0.024707031249999803
30.472879215780317,0.08116861979166697,0.17255859375000357,0.02472330729166647
30.474881561257146,0.08123372395833363,0.17270507812500357,0.024739583333333134
30.4775812190121,0.08129882812500029,0.17285156250000358,0.0247558593749998
30.48205659094692,0.08136393229166695,0.17299804687500359,0.024772135416666466
30.48567066389545,0.08142903645833362,0.1731445312500036,0.02478841145833313
30.486022112882907,0.08149414062500028,0.1732910156250036,0.024804687499999797
30.488314551283803,0.08155924479166694,0.1734375000000036,0.024820963541666463
30.49309090034982,0.0816243489583336,0.1735839843750036,0.02483723958333313
30.49603919172813,0.08168945312500027,0.1737304687500036,0.024853515624999795
30.497779176438023,0.08175455729166693,0.17387695312500362,0.02486979166666646
30.498719528463766,0.0818196614583336,0.17402343750000362,0.024886067708333126
30.503926809660108,0.08188476562500026,0.17416992187500363,0.024902343749999792
30.505150617316907,0.08194986979166692,0.17431640625000364,0.024918619791666458
30.505633474395868,0.08201497395833358,0.17446289062500364,0.024934895833333123
30.50587288437708,0.08208007812500025,0.17460937500000365,0.02495117187499979
30.512286793372727,0.08214518229166691,0.17475585937500365,0.024967447916666455
30.513910519459856,0.08221028645833357,0.17490234375000366,0.02498372395833312
30.514561212530023,0.08227539062500024,0.17504882812500366,0.024999999999999786
30.518085061671854,0.0823404947916669,0.17519531250000367,0.025016276041666452
30.52027533490261,0.08240559895833356,0.17534179687500367,0.025032552083333118
30.52086431125679,0.08247070312500022,0.17548828125000368,0.025048828124999784
30.521130930079988,0.08253580729166689,0.17563476562500369,0.02506510416666645
30.522691195484917,0.08260091145833355,0.1757812500000037,0.025081380208333115
30.524012477156223,0.08266601562500021,0.1759277343750037,0.02509765624999978
30.526761493179414,0.08273111979166688,0.1760742187500037,0.025113932291666446
30.530785884354753,0.08279622395833354,0.1762207031250037,0.025130208333333112
30.53232894953385,0.0828613281250002,0.1763671875000037,0.025146484374999778
30.539059698819663,0.08292643229166687,0.17651367187500372,0.025162760416666444
30.54371326286112,0.08299153645833353,0.17666015625000372,0.02517903645833311
30.54717633208424,0.08305664062500019,0.17680664062500373,0.025195312499999775
30.554147727870003,0.08312174479166685,0.17695312500000374,0.02521158854166644
30.555469413206843,0.08318684895833352,0.17709960937500374,0.025227864583333107
30.55726435907968,0.08325195312500018,0.17724609375000375,0.025244140624999772
30.558215598379455,0.08331705729166684,0.17739257812500375,0.025260416666666438
30.559330926467368,0.0833821614583335,0.17753906250000376,0.025276692708333104
30.56004761917495,0.08344726562500017,0.17768554687500376,0.02529296874999977
30.56155668674532,0.08351236979166683,0.17783203125000377,0.025309244791666435
30.566316906749183,0.0835774739583335,0.17797851562500377,0.0253255208333331
30.566685415998975,0.08364257812500016,0.17812500000000378,0.025341796874999767
30.56737778994179,0.08370768229166682,0.17827148437500379,0.025358072916666433
30.5738710186837,0.08377278645833348,0.1784179687500038,0.0253743489583331
30.575224058175824,0.08383789062500015,0.1785644531250038,0.025390624999999764
30.57524865214729,0.08390299479166681,0.1787109375000038,0.02540690104166643
30.578615815800877,0.08396809895833347,0.1788574218750038,0.025423177083333096
30.581523779732056,0.08403320312500014,0.1790039062500038,0.02543945312499976
30.582724150705957,0.0840983072916668,0.17915039062500382,0.025455729166666427
30.583777782461933,0.08416341145833346,0.17929687500000382,0.025472005208333093
30.585404672796955,0.08422851562500012,0.17944335937500383,0.02548828124999976
30.592009517039724,0.08429361979166679,0.17958984375000384,0.025504557291666424
30.592307579220996,0.08435872395833345,0.17973632812500384,0.02552083333333309
30.593556009967006,0.08442382812500011,0.17988281250000385,0.025537109374999756
30.594760652029805,0.08448893229166678,0.18002929687500385,0.02555338541666642
30.598945081484008,0.08455403645833344,0.18017578125000386,0.025569661458333087
30.604301259911637,0.0846191406250001,0.18032226562500386,0.025585937499999753
30.60892948048486,0.08468424479166677,0.18046875000000387,0.02560221354166642
30.609620921399888,0.08474934895833343,0.18061523437500387,0.025618489583333084
30.614970521188297,0.08481445312500009,0.18076171875000388,0.02563476562499975
30.6169359595015,0.08487955729166675,0.18090820312500389,0.025651041666666416
30.618833295429372,0.08494466145833342,0.1810546875000039,0.02566731770833308
30.620486323436975,0.08500976562500008,0.1812011718750039,0.025683593749999747
30.620715409497116,0.08507486979166674,0.1813476562500039,0.025699869791666413
30.622791010084253,0.0851399739583334,0.1814941406250039,0.02571614583333308
30.623318048122464,0.08520507812500007,0.1816406250000039,0.025732421874999745
30.624534619294536,0.08527018229166673,0.18178710937500392,0.02574869791666641
30.62484371287156,0.0853352864583334,0.18193359375000392,0.025764973958333076
30.62759087869309,0.08540039062500006,0.18208007812500393,0.025781249999999742
30.62896957695136,0.08546549479166672,0.18222656250000394,0.025797526041666408
30.63137829121354,0.08553059895833338,0.18237304687500394,0.025813802083333073
30.636849891722523,0.08559570312500005,0.18251953125000395,0.02583007812499974
30.642134698349267,0.08566080729166671,0.18266601562500395,0.025846354166666405
30.645292476394005,0.08572591145833337,0.18281250000000396,0.02586263020833307
30.64856141838428,0.08579101562500004,0.18295898437500396,0.025878906249999736
30.65092503129415,0.0858561197916667,0.18310546875000397,0.025895182291666402
30.65170742688778,0.08592122395833336,0.18325195312500397,0.025911458333333068
30.65239565217749,0.08598632812500002,0.18339843750000398,0.025927734374999734
30.658042639751734,0.08605143229166669,0.18354492187500399,0.0259440104166664
30.660110174058016,0.08611653645833335,0.183691406250004,0.025960286458333065
30.663511337207005,0.08618164062500001,0.183837890625004,0.02597656249999973
30.669094601959248,0.08624674479166668,0.183984375000004,0.025992838541666397
30.672272156756836,0.08631184895833334,0.184130859375004,0.026009114583333062
30.672772026656272,0.086376953125,0.184277343750004,0.026025390624999728
30.673645124838053,0.08644205729166667,0.18442382812500402,0.026041666666666394
30.673913612897323,0.08650716145833333,0.18457031250000402,0.02605794270833306
30.676497320700097,0.08657226562499999,0.18471679687500403,0.026074218749999725
30.677431968531103,0.08663736979166665,0.18486328125000404,0.02609049479166639
30.6818076137353,0.08670247395833332,0.18500976562500404,0.026106770833333057
30.68425886217219,0.08676757812499998,0.18515625000000405,0.026123046874999722
30.685366709261615,0.08683268229166664,0.18530273437500405,0.026139322916666388
30.687411472678058,0.0868977864583333,0.18544921875000406,0.026155598958333054
30.689111041382496,0.08696289062499997,0.18559570312500406,0.02617187499999972
30.689415908408936,0.08720703124999997,0.18583984375000406,0.02636718749999972
30.693055666360536,0.08727213541666663,0.18598632812500407,0.026383463541666385
30.69312469514069,0.0873372395833333,0.18613281250000407,0.02639973958333305
30.694981282549342,0.08740234374999996,0.18627929687500408,0.026416015624999716
30.699849868493818,0.08746744791666662,0.18642578125000409,0.026432291666666382
30.704309363548685,0.08753255208333328,0.1865722656250041,0.026448567708333048
30.705312979089545,0.08759765624999995,0.1867187500000041,0.026464843749999713
30.706699725042295,0.08766276041666661,0.1868652343750041,0.02648111979166638
30.707236712953787,0.08772786458333327,0.1870117187500041,0.026497395833333045
30.71378949393969,0.08779296874999994,0.1871582031250041,0.02651367187499971
30.714458435434164,0.0878580729166666,0.18730468750000412,0.026529947916666376
30.716517466916684,0.08792317708333326,0.18745117187500412,0.026546223958333042
30.719108383210685,0.08798828124999993,0.18759765625000413,0.026562499999999708
30.721572433395774,0.08805338541666659,0.18774414062500414,0.026578776041666374
30.72635063683911,0.08811848958333325,0.18789062500000414,0.02659505208333304
30.727596439652867,0.08818359374999991,0.18803710937500415,0.026611328124999705
30.72982321714742,0.08824869791666658,0.18818359375000415,0.02662760416666637
30.736173587286583,0.08831380208333324,0.18833007812500416,0.026643880208333037
30.74091239758008,0.0883789062499999,0.18847656250000416,0.026660156249999702
30.746988096711608,0.08844401041666657,0.18862304687500417,0.026676432291666368
30.74791699518773,0.08850911458333323,0.18876953125000417,0.026692708333333034
30.74867302327195,0.08857421874999989,0.18891601562500418,0.0267089843749997
30.74886098781334,0.08863932291666655,0.18906250000000419,0.026725260416666365
30.751088125989124,0.08870442708333322,0.1892089843750042,0.02674153645833303
30.752094934475437,0.08876953124999988,0.1893554687500042,0.026757812499999697
30.755838541021827,0.08883463541666654,0.1895019531250042,0.026774088541666363
30.756950548568614,0.0888997395833332,0.1896484375000042,0.026790364583333028
30.75697714872643,0.08896484374999987,0.1897949218750042,0.026806640624999694
30.759056344964065,0.08902994791666653,0.18994140625000422,0.02682291666666636
30.764993306631546,0.0890950520833332,0.19008789062500422,0.026839192708333025
30.76676704632865,0.08916015624999986,0.19023437500000423,0.02685546874999969
30.76951529011724,0.08922526041666652,0.19038085937500424,0.026871744791666357
30.772702455970855,0.08929036458333318,0.19052734375000424,0.026888020833333023
30.775322903487563,0.08935546874999985,0.19067382812500425,0.02690429687499969
30.775564428072737,0.08942057291666651,0.19082031250000425,0.026920572916666354
30.77917248732812,0.08948567708333317,0.19096679687500426,0.02693684895833302
30.78051457912836,0.08955078124999984,0.19111328125000426,0.026953124999999686
30.781386521402467,0.0896158854166665,0.19125976562500427,0.02696940104166635
30.78264578535694,0.08968098958333316,0.19140625000000427,0.026985677083333017
30.78707366115377,0.08974609374999983,0.19155273437500428,0.027001953124999683
30.78738661704088,0.08981119791666649,0.19169921875000429,0.02701822916666635
30.790639104509086,0.08987630208333315,0.1918457031250043,0.027034505208333014
30.79196692109978,0.08994140624999981,0.1919921875000043,0.02705078124999968
30.795393862523948,0.09000651041666648,0.1921386718750043,0.027067057291666346
30.800977979634347,0.09007161458333314,0.1922851562500043,0.02708333333333301
30.802549648199506,0.0901367187499998,0.1924316406250043,0.027099609374999677
30.80717135814546,0.09020182291666647,0.19257812500000432,0.027115885416666343
30.8080414066743,0.09026692708333313,0.19272460937500432,0.02713216145833301
30.811314917088165,0.09033203124999979,0.19287109375000433,0.027148437499999675
30.814251084220253,0.09039713541666645,0.19301757812500434,0.02716471354166634
30.8162734064348,0.09046223958333312,0.19316406250000434,0.027180989583333006
30.816614891972492,0.09052734374999978,0.19331054687500435,0.027197265624999672
30.81833869220684,0.09059244791666644,0.19345703125000435,0.027213541666666338
30.822389165568392,0.0906575520833331,0.19360351562500436,0.027229817708333003
30.82363628995592,0.09072265624999977,0.19375000000000436,0.02724609374999967
30.82552812550621,0.09078776041666643,0.19389648437500437,0.027262369791666335
30.827291507985297,0.0908528645833331,0.19404296875000437,0.027278645833333
30.830414396136664,0.09091796874999976,0.19418945312500438,0.027294921874999666
30.834199126872377,0.09098307291666642,0.19433593750000439,0.027311197916666332
30.835725748173193,0.09104817708333308,0.1944824218750044,0.027327473958332998
30.838610718202304,0.09111328124999975,0.1946289062500044,0.027343749999999663
30.84295972259355,0.09117838541666641,0.1947753906250044,0.02736002604166633
30.8436740199254,0.09124348958333307,0.1949218750000044,0.027376302083332995
30.84515267992443,0.09130859374999974,0.1950683593750044,0.02739257812499966
30.84759580468954,0.0913736979166664,0.19521484375000442,0.027408854166666326
30.85463802748814,0.09143880208333306,0.19536132812500442,0.027425130208332992
30.855835635102355,0.09150390624999973,0.19550781250000443,0.027441406249999658
30.857022949972546,0.09156901041666639,0.19565429687500444,0.027457682291666324
30.861466998664287,0.09163411458333305,0.19580078125000444,0.02747395833333299
30.86158406426831,0.09169921874999971,0.19594726562500445,0.027490234374999655
30.864925175471893,0.09176432291666638,0.19609375000000445,0.02750651041666632
30.86754544878162,0.09182942708333304,0.19624023437500446,0.027522786458332987
30.87256879963611,0.0918945312499997,0.19638671875000446,0.027539062499999652
30.873195479770608,0.09195963541666637,0.19653320312500447,0.027555338541666318
30.87774717774997,0.09202473958333303,0.19667968750000447,0.027571614583332984
30.881178164220817,0.09208984374999969,0.19682617187500448,0.02758789062499965
30.88129445970044,0.09215494791666635,0.19697265625000449,0.027604166666666315
30.884299518319565,0.09222005208333302,0.1971191406250045,0.02762044270833298
30.884468521157785,0.09228515624999968,0.1972656250000045,0.027636718749999647
30.888559216258553,0.09235026041666634,0.1974121093750045,0.027652994791666313
30.891539125789244,0.092415364583333,0.1975585937500045,0.02766927083333298
30.89279277737838,0.09248046874999967,0.1977050781250045,0.027685546874999644
30.895672367273583,0.09254557291666633,0.19785156250000452,0.02770182291666631
30.89867888655147,0.092610677083333,0.19799804687500452,0.027718098958332976
30.898712371773467,0.09267578124999966,0.19814453125000453,0.02773437499999964
30.90715632552228,0.09274088541666632,0.19829101562500454,0.027750651041666307
30.909430610009466,0.09280598958333298,0.19843750000000454,0.027766927083332973
30.910401770391115,0.09287109374999965,0.19858398437500455,0.02778320312499964
30.91240099702305,0.09293619791666631,0.19873046875000455,0.027799479166666304
30.915863688098213,0.09300130208333297,0.19887695312500456,0.02781575520833297
30.9160150918643,0.09306640624999964,0.19902343750000456,0.027832031249999636
30.91842759193944,0.0931315104166663,0.19916992187500457,0.0278483072916663
30.920632403027348,0.09319661458333296,0.19931640625000457,0.027864583333332967
30.921346218851784,0.09326171874999963,0.19946289062500458,0.027880859374999633
30.924849189534484,0.09332682291666629,0.19960937500000459,0.0278971354166663
30.926628392952363,0.09339192708333295,0.1997558593750046,0.027913411458332964
30.933714022434508,0.09345703124999961,0.1999023437500046,0.02792968749999963
30.934590901287155,0.09352213541666628,0.2000488281250046,0.027945963541666296
30.941021817010828,0.09358723958333294,0.2001953125000046,0.02796223958333296
30.941489196307085,0.0936523437499996,0.2003417968750046,0.027978515624999627
30.946435694602183,0.09371744791666627,0.20048828125000462,0.027994791666666293
30.947747996732517,0.09378255208333293,0.20063476562500462,0.02801106770833296
30.949129394623277,0.09384765624999959,0.20078125000000463,0.028027343749999625
30.952651085377298,0.09391276041666625,0.20092773437500464,0.02804361979166629
30.95387346709792,0.09397786458333292,0.20107421875000464,0.028059895833332956
30.956160709786683,0.09404296874999958,0.20122070312500465,0.028076171874999622
30.95686831300552,0.09410807291666624,0.20136718750000465,0.028092447916666288
30.9573537790463,0.0941731770833329,0.20151367187500466,0.028108723958332953
30.959403979603564,0.09423828124999957,0.20166015625000466,0.02812499999999962
30.96276432414914,0.09430338541666623,0.20180664062500467,0.028141276041666285
30.96771862781253,0.0943684895833329,0.20195312500000467,0.02815755208333295
30.968256389544823,0.09443359374999956,0.20209960937500468,0.028173828124999616
30.971450734164367,0.09449869791666622,0.20224609375000469,0.028190104166666282
30.97611812141484,0.09456380208333288,0.2023925781250047,0.028206380208332948
30.978136246463514,0.09462890624999955,0.2025390625000047,0.028222656249999614
30.979615258649023,0.09469401041666621,0.2026855468750047,0.02823893229166628
30.983098936817388,0.09475911458333287,0.2028320312500047,0.028255208333332945
30.989221326730853,0.09482421874999954,0.2029785156250047,0.02827148437499961
30.98954122245218,0.0948893229166662,0.20312500000000472,0.028287760416666276
30.99156919060625,0.09495442708333286,0.20327148437500472,0.028304036458332942
30.992056218968603,0.09501953124999953,0.20341796875000473,0.028320312499999608
30.992698510455593,0.09508463541666619,0.20356445312500474,0.028336588541666274
30.99618320342234,0.09514973958333285,0.20371093750000474,0.02835286458333294
30.997158526712923,0.09521484374999951,0.20385742187500475,0.028369140624999605
31.002635352220455,0.09527994791666618,0.20400390625000475,0.02838541666666627
31.002848185882627,0.09534505208333284,0.20415039062500476,0.028401692708332937
31.003263185537023,0.0954101562499995,0.20429687500000476,0.028417968749999602
31.00400879639492,0.09547526041666617,0.20444335937500477,0.028434244791666268
31.01101783063637,0.09554036458333283,0.20458984375000477,0.028450520833332934
31.012751786492984,0.09560546874999949,0.20473632812500478,0.0284667968749996
31.015225887930676,0.09567057291666616,0.20488281250000479,0.028483072916666265
31.02039263116709,0.09573567708333282,0.2050292968750048,0.02849934895833293
31.02270674873403,0.09580078124999948,0.2051757812500048,0.028515624999999597
31.02498226733407,0.09586588541666614,0.2053222656250048,0.028531901041666263
31.025546268712223,0.0959309895833328,0.2054687500000048,0.02854817708333293
31.025915520104917,0.09599609374999947,0.2056152343750048,0.028564453124999594
31.02767358530494,0.09606119791666613,0.20576171875000482,0.02858072916666626
31.02970969375339,0.0961263020833328,0.20590820312500482,0.028597005208332926
31.03111136911251,0.09619140624999946,0.20605468750000483,0.02861328124999959
31.03957395108783,0.09625651041666612,0.20620117187500484,0.028629557291666257
31.03998045297282,0.09632161458333278,0.20634765625000484,0.028645833333332923
31.04788340111158,0.09638671874999945,0.20649414062500485,0.02866210937499959
31.05059478056375,0.09645182291666611,0.20664062500000485,0.028678385416666254
31.05155092252195,0.09651692708333277,0.20678710937500486,0.02869466145833292
31.05440157196276,0.09658203124999944,0.20693359375000486,0.028710937499999586
31.0554989190706,0.0966471354166661,0.20708007812500487,0.02872721354166625
31.057941329643675,0.09671223958333276,0.20722656250000487,0.028743489583332917
31.05825567912139,0.09677734374999943,0.20737304687500488,0.028759765624999583
31.06163772501436,0.09684244791666609,0.20751953125000488,0.02877604166666625
31.064986468683585,0.09690755208333275,0.2076660156250049,0.028792317708332914
31.06889378320817,0.09697265624999941,0.2078125000000049,0.02880859374999958
31.07405228745788,0.09703776041666608,0.2079589843750049,0.028824869791666246
31.075055437934672,0.09710286458333274,0.2081054687500049,0.02884114583333291
31.076638969423616,0.0971679687499994,0.2082519531250049,0.028857421874999577
31.07782657351775,0.09723307291666607,0.20839843750000492,0.028873697916666243
31.07902175601634,0.09729817708333273,0.20854492187500492,0.02888997395833291
31.0868654487969,0.09736328124999939,0.20869140625000493,0.028906249999999575
31.08737152437664,0.09742838541666606,0.20883789062500493,0.02892252604166624
31.087559465910974,0.09749348958333272,0.20898437500000494,0.028938802083332906
31.091376860884996,0.09755859374999938,0.20913085937500495,0.028955078124999572
31.092504662573983,0.09762369791666604,0.20927734375000495,0.028971354166666238
31.095295388731532,0.09768880208333271,0.20942382812500496,0.028987630208332903
31.0953033377533,0.09775390624999937,0.20957031250000496,0.02900390624999957
31.096822757676925,0.09781901041666603,0.20971679687500497,0.029020182291666235
31.100917436563943,0.0978841145833327,0.20986328125000497,0.0290364583333329
31.110799375684387,0.09794921874999936,0.21000976562500498,0.029052734374999566
31.11285221120842,0.09801432291666602,0.21015625000000498,0.029069010416666232
31.113073322062423,0.09807942708333268,0.210302734375005,0.029085286458332898
31.1139017610531,0.09814453124999935,0.210449218750005,0.029101562499999564
31.115324540699447,0.09820963541666601,0.210595703125005,0.02911783854166623
31.118856877111853,0.09827473958333267,0.210742187500005,0.029134114583332895
31.123341432282302,0.09833984374999934,0.210888671875005,0.02915039062499956
31.124003614377365,0.098404947916666,0.21103515625000502,0.029166666666666227
31.12502141207433,0.09847005208333266,0.21118164062500502,0.029182942708332892
31.125358146938968,0.09853515624999933,0.21132812500000503,0.029199218749999558
31.128413617568683,0.09860026041666599,0.21147460937500503,0.029215494791666224
31.133344041237503,0.09866536458333265,0.21162109375000504,0.02923177083333289
31.13386703374287,0.09873046874999931,0.21176757812500505,0.029248046874999555
31.13667200247477,0.09879557291666598,0.21191406250000505,0.02926432291666622
31.1372170487833,0.09886067708333264,0.21206054687500506,0.029280598958332887
31.13852051067216,0.0989257812499993,0.21220703125000506,0.029296874999999552
31.14127686973418,0.09899088541666597,0.21235351562500507,0.029313151041666218
31.14163935837277,0.09905598958333263,0.21250000000000507,0.029329427083332884
31.146889902577957,0.09912109374999929,0.21264648437500508,0.02934570312499955
31.147135242725778,0.09918619791666596,0.21279296875000508,0.029361979166666215
31.1474934017517,0.09925130208333262,0.2129394531250051,0.02937825520833288
31.16531847488128,0.09931640624999928,0.2130859375000051,0.029394531249999547
31.17103003703242,0.09938151041666594,0.2132324218750051,0.029410807291666213
31.17109908327135,0.09944661458333261,0.2133789062500051,0.02942708333333288
31.171576539747782,0.09951171874999927,0.2135253906250051,0.029443359374999544
31.17213988667138,0.09957682291666593,0.21367187500000512,0.02945963541666621
31.17375930024782,0.0996419270833326,0.21381835937500512,0.029475911458332876
31.17563925727228,0.09970703124999926,0.21396484375000513,0.02949218749999954
31.18185748359258,0.09977213541666592,0.21411132812500513,0.029508463541666207
31.18555585090388,0.09983723958333258,0.21425781250000514,0.029524739583332873
31.18664295925612,0.09990234374999925,0.21440429687500515,0.02954101562499954
31.186832991160458,0.09996744791666591,0.21455078125000515,0.029557291666666204
31.187609857384142,0.10003255208333257,0.21469726562500516,0.02957356770833287
31.189144962750863,0.10009765624999924,0.21484375000000516,0.029589843749999536
31.1895608819259,0.1001627604166659,0.21499023437500517,0.0296061197916662
31.18961241896887,0.10022786458333256,0.21513671875000517,0.029622395833332867
31.192287077384727,0.10029296874999923,0.21528320312500518,0.029638671874999533
31.195172711560737,0.10035807291666589,0.21542968750000518,0.0296549479166662
31.20352345921044,0.10042317708333255,0.2155761718750052,0.029671223958332864
31.204940184685952,0.10066731770833255,0.2158203125000052,0.029866536458332864
31.207043128004827,0.10073242187499921,0.2159667968750052,0.02988281249999953
31.20807659594764,0.10079752604166588,0.2161132812500052,0.029899088541666195
31.208497059511565,0.10086263020833254,0.2162597656250052,0.02991536458333286
31.21434992958537,0.1009277343749992,0.2164062500000052,0.029931640624999527
31.214426435825914,0.10099283854166587,0.21655273437500522,0.029947916666666193
31.218976413172857,0.10105794270833253,0.21669921875000522,0.029964192708332858
31.221381638964285,0.10112304687499919,0.21684570312500523,0.029980468749999524
31.22372052515419,0.10118815104166586,0.21699218750000523,0.02999674479166619
31.22482594615616,0.10125325520833252,0.21713867187500524,0.030013020833332855
31.22517988976003,0.10131835937499918,0.21728515625000525,0.03002929687499952
31.226396622829235,0.10138346354166584,0.21743164062500525,0.030045572916666187
31.23180408329941,0.10144856770833251,0.21757812500000526,0.030061848958332853
31.232345994240813,0.10151367187499917,0.21772460937500526,0.03007812499999952
31.23884559816397,0.10157877604166583,0.21787109375000527,0.030094401041666184
31.239654068513968,0.1016438802083325,0.21801757812500527,0.03011067708333285
31.241179522065806,0.10170898437499916,0.21816406250000528,0.030126953124999516
31.24403452641637,0.10177408854166582,0.21831054687500528,0.03014322916666618
31.24805374408732,0.10183919270833248,0.2184570312500053,0.030159505208332847
31.250071891328705,0.10190429687499915,0.2186035156250053,0.030175781249999513
31.250225763179,0.10196940104166581,0.2187500000000053,0.03019205729166618
31.250782989416045,0.10203450520833247,0.2188964843750053,0.030208333333332844
31.251687902384393,0.10209960937499914,0.2190429687500053,0.03022460937499951
31.258462736437764,0.1021647135416658,0.21918945312500532,0.030240885416666176
31.262990217759015,0.10222981770833246,0.21933593750000532,0.03025716145833284
31.26545052250593,0.10229492187499913,0.21948242187500533,0.030273437499999507
31.26676888485048,0.10236002604166579,0.21962890625000533,0.030289713541666173
31.26849063433582,0.10242513020833245,0.21977539062500534,0.03030598958333284
31.27525693089992,0.10249023437499911,0.21992187500000535,0.030322265624999505
31.276144712129177,0.10255533854166578,0.22006835937500535,0.03033854166666617
31.27796366891739,0.10262044270833244,0.22021484375000536,0.030354817708332836
31.282861848644902,0.1026855468749991,0.22036132812500536,0.030371093749999502
31.285010705716193,0.10275065104166577,0.22050781250000537,0.030387369791666168
31.288821147413316,0.10281575520833243,0.22065429687500537,0.030403645833332833
31.29122192668457,0.10288085937499909,0.22080078125000538,0.0304199218749995
31.291725256953505,0.10294596354166576,0.22094726562500538,0.030436197916666165
31.292460746661952,0.10301106770833242,0.2210937500000054,0.03045247395833283
31.29713991109813,0.10307617187499908,0.2212402343750054,0.030468749999999496
31.29932192449467,0.10314127604166574,0.2213867187500054,0.030485026041666162
31.30363130402013,0.10320638020833241,0.2215332031250054,0.030501302083332828
31.30492590602663,0.10327148437499907,0.2216796875000054,0.030517578124999493
31.306059266676588,0.10333658854166573,0.22182617187500542,0.03053385416666616
31.30824782357408,0.1034016927083324,0.22197265625000542,0.030550130208332825
31.309527220514184,0.10346679687499906,0.22211914062500543,0.03056640624999949
31.313438178917608,0.10353190104166572,0.22226562500000543,0.030582682291666156
31.314300223582983,0.10359700520833239,0.22241210937500544,0.030598958333332822
31.314524378946157,0.10366210937499905,0.22255859375000545,0.030615234374999488
31.320096068105233,0.10372721354166571,0.22270507812500545,0.030631510416666154
31.323021500790365,0.10379231770833237,0.22285156250000546,0.03064778645833282
31.326875673353346,0.10385742187499904,0.22299804687500546,0.030664062499999485
31.33004802321127,0.1039225260416657,0.22314453125000547,0.03068033854166615
31.339859132150984,0.10398763020833236,0.22329101562500547,0.030696614583332817
31.340518050018737,0.10405273437499903,0.22343750000000548,0.030712890624999482
31.342132991192432,0.10411783854166569,0.22358398437500548,0.030729166666666148
31.346248257682735,0.10418294270833235,0.2237304687500055,0.030745442708332814
31.346916617263258,0.10424804687499901,0.2238769531250055,0.03076171874999948
31.347383373836347,0.10431315104166568,0.2240234375000055,0.030777994791666145
31.350226782835197,0.10437825520833234,0.2241699218750055,0.03079427083333281
31.351115852172505,0.104443359374999,0.2243164062500055,0.030810546874999477
31.351542631899537,0.10450846354166567,0.22446289062500552,0.030826822916666143
31.352286228322665,0.10457356770833233,0.22460937500000552,0.03084309895833281
31.35464685110204,0.10463867187499899,0.22475585937500553,0.030859374999999474
31.354713374882223,0.10470377604166566,0.22490234375000553,0.03087565104166614
31.36105626699708,0.10476888020833232,0.22504882812500554,0.030891927083332806
31.361150464827507,0.10483398437499898,0.22519531250000555,0.03090820312499947
31.361535850404355,0.10489908854166564,0.22534179687500555,0.030924479166666137
31.36740600575643,0.10496419270833231,0.22548828125000556,0.030940755208332803
31.369635407982976,0.10502929687499897,0.22563476562500556,0.03095703124999947
31.371977568319988,0.10509440104166563,0.22578125000000557,0.030973307291666134
31.37293539532725,0.10533854166666563,0.22602539062500557,0.031168619791666134
31.3731701736219,0.1054036458333323,0.22617187500000557,0.0311848958333328
31.384540832985177,0.10546874999999896,0.22631835937500558,0.031201171874999465
31.385503287935915,0.10553385416666562,0.22646484375000558,0.03121744791666613
31.390461068828785,0.10559895833333229,0.2266113281250056,0.031233723958332796
31.391569132929067,0.10566406249999895,0.2267578125000056,0.031249999999999462
31.391906119447174,0.10572916666666561,0.2269042968750056,0.03126627604166613
31.392906764482657,0.10579427083333227,0.2270507812500056,0.0312825520833328
31.393816573701937,0.10585937499999894,0.2271972656250056,0.03129882812499946
31.396963276756647,0.1059244791666656,0.22734375000000562,0.03131510416666613
31.399010467866493,0.10598958333333226,0.22749023437500562,0.031331380208332794
31.40736759444944,0.10605468749999893,0.22763671875000563,0.03134765624999946
31.41006170585329,0.10611979166666559,0.22778320312500563,0.031363932291666126
31.417525065031707,0.10618489583333225,0.22792968750000564,0.03138020833333279
31.419852577340276,0.10624999999999891,0.22807617187500565,0.03139648437499946
31.42111271513437,0.10631510416666558,0.22822265625000565,0.03141276041666612
31.42228132219707,0.10638020833333224,0.22836914062500566,0.03142903645833279
31.42361372550587,0.1064453124999989,0.22851562500000566,0.031445312499999455
31.425903769480776,0.10651041666666557,0.22866210937500567,0.03146158854166612
31.426207762763124,0.10657552083333223,0.22880859375000567,0.031477864583332786
31.4305287540774,0.10664062499999889,0.22895507812500568,0.03149414062499945
31.43121347863932,0.10670572916666556,0.22910156250000568,0.03151041666666612
31.43198357747522,0.10677083333333222,0.2292480468750057,0.03152669270833278
31.434717016540613,0.10683593749999888,0.2293945312500057,0.03154296874999945
31.435769668413172,0.10690104166666554,0.2295410156250057,0.031559244791666115
31.437270627612538,0.10696614583333221,0.2296875000000057,0.03157552083333278
31.439664856711175,0.10703124999999887,0.2298339843750057,0.031591796874999446
31.44527293232404,0.10709635416666553,0.22998046875000572,0.03160807291666611
31.44997237801988,0.1071614583333322,0.23012695312500572,0.03162434895833278
31.45169295224029,0.10722656249999886,0.23027343750000573,0.031640624999999444
31.45346867944611,0.10729166666666552,0.23041992187500573,0.03165690104166611
31.45970275795084,0.10735677083333219,0.23056640625000574,0.031673177083332775
31.464918594355705,0.10742187499999885,0.23071289062500575,0.03168945312499944
31.46809164677454,0.10748697916666551,0.23085937500000575,0.031705729166666106
31.46945867964804,0.10755208333333217,0.23100585937500576,0.03172200520833277
31.47122875166782,0.10761718749999884,0.23115234375000576,0.03173828124999944
31.472518131063,0.1076822916666655,0.23129882812500577,0.031754557291666104
31.47356686583511,0.10774739583333216,0.23144531250000577,0.03177083333333277
31.476006032802637,0.10781249999999883,0.23159179687500578,0.031787109374999435
31.47876090362155,0.10787760416666549,0.23173828125000578,0.0318033854166661
31.479243197189835,0.10794270833333215,0.2318847656250058,0.03181966145833277
31.480190593576975,0.10800781249999881,0.2320312500000058,0.03183593749999943
31.484303022004088,0.10807291666666548,0.2321777343750058,0.0318522135416661
31.48681775426095,0.10813802083333214,0.2323242187500058,0.031868489583332764
31.488189320775497,0.1082031249999988,0.2324707031250058,0.03188476562499943
31.49705290255422,0.10826822916666547,0.23261718750000582,0.031901041666666095
31.49717422932741,0.10833333333333213,0.23276367187500582,0.03191731770833276
31.500431780995275,0.10839843749999879,0.23291015625000583,0.03193359374999943
31.50547604546969,0.10846354166666546,0.23305664062500583,0.03194986979166609
31.505496514743268,0.10852864583333212,0.23320312500000584,0.03196614583333276
31.507881937268323,0.10859374999999878,0.23334960937500585,0.031982421874999424
31.509651712758775,0.10865885416666544,0.23349609375000585,0.03199869791666609
31.513330786324527,0.10872395833333211,0.23364257812500586,0.032014973958332756
31.51434836791548,0.10878906249999877,0.23378906250000586,0.03203124999999942
31.51468442556622,0.10885416666666543,0.23393554687500587,0.03204752604166609
31.517892085611894,0.1089192708333321,0.23408203125000587,0.03206380208333275
31.517913293132995,0.10898437499999876,0.23422851562500588,0.03208007812499942
31.518428163286774,0.10904947916666542,0.23437500000000588,0.032096354166666084
31.532709588175145,0.10911458333333209,0.2345214843750059,0.03211263020833275
31.535928684638783,0.10917968749999875,0.2346679687500059,0.032128906249999416
31.53599042206722,0.10924479166666541,0.2348144531250059,0.03214518229166608
31.539607063104135,0.10930989583333207,0.2349609375000059,0.03216145833333275
31.54134652761855,0.10937499999999874,0.2351074218750059,0.03217773437499941
31.543895494240388,0.1094401041666654,0.23525390625000592,0.03219401041666608
31.546542863134583,0.10950520833333206,0.23540039062500592,0.032210286458332744
31.550891796034463,0.10957031249999873,0.23554687500000593,0.03222656249999941
31.552488173209444,0.10963541666666539,0.23569335937500593,0.032242838541666076
31.556907329529544,0.10970052083333205,0.23583984375000594,0.03225911458333274
31.55691673123698,0.10976562499999871,0.23598632812500595,0.03227539062499941
31.55974437446217,0.10983072916666538,0.23613281250000595,0.03229166666666607
31.563092730802435,0.10989583333333204,0.23627929687500596,0.03230794270833274
31.56484945263845,0.1099609374999987,0.23642578125000596,0.032324218749999405
31.572888866332033,0.11002604166666537,0.23657226562500597,0.03234049479166607
31.574107235309903,0.11009114583333203,0.23671875000000597,0.032356770833332736
31.578836888765828,0.11015624999999869,0.23686523437500598,0.0323730468749994
31.58351049034225,0.11022135416666536,0.23701171875000598,0.03238932291666607
31.58759299101113,0.11028645833333202,0.237158203125006,0.03240559895833273
31.58917628756795,0.11035156249999868,0.237304687500006,0.0324218749999994
31.593476079409555,0.11041666666666534,0.237451171875006,0.032438151041666065
31.59381983315764,0.11048177083333201,0.237597656250006,0.03245442708333273
31.59662437016921,0.11054687499999867,0.237744140625006,0.032470703124999396
31.596785435485113,0.11061197916666533,0.23789062500000602,0.03248697916666606
31.59777446075925,0.110677083333332,0.23803710937500602,0.03250325520833273
31.59919189283284,0.11074218749999866,0.23818359375000603,0.032519531249999394
31.60024175004811,0.11080729166666532,0.23833007812500603,0.03253580729166606
31.602214120284064,0.11087239583333199,0.23847656250000604,0.032552083333332725
31.6065420417473,0.11093749999999865,0.23862304687500605,0.03256835937499939
31.6098608110336,0.11100260416666531,0.23876953125000605,0.032584635416666057
31.610885602296506,0.11106770833333197,0.23891601562500606,0.03260091145833272
31.612007450050687,0.11113281249999864,0.23906250000000606,0.03261718749999939
31.613360500498747,0.1111979166666653,0.23920898437500607,0.032633463541666054
31.623115225924582,0.11126302083333196,0.23935546875000607,0.03264973958333272
31.62483878102673,0.11132812499999863,0.23950195312500608,0.032666015624999385
31.62554254197756,0.11139322916666529,0.23964843750000608,0.03268229166666605
31.629313377837715,0.11145833333333195,0.2397949218750061,0.03269856770833272
31.62934342049628,0.11152343749999861,0.2399414062500061,0.03271484374999938
31.63350574534475,0.11158854166666528,0.2400878906250061,0.03273111979166605
31.63449928943794,0.11165364583333194,0.2402343750000061,0.032747395833332714
31.637682130912054,0.1117187499999986,0.2403808593750061,0.03276367187499938
31.638795393222612,0.11178385416666527,0.24052734375000612,0.032779947916666045
31.642754024914257,0.11184895833333193,0.24067382812500612,0.03279622395833271
31.646661597882435,0.11191406249999859,0.24082031250000613,0.03281249999999938
31.650074523183093,0.11197916666666526,0.24096679687500613,0.03282877604166604
31.653663959704065,0.11204427083333192,0.24111328125000614,0.03284505208333271
31.656491940283757,0.11210937499999858,0.24125976562500615,0.032861328124999374
31.65879353641443,0.11217447916666524,0.24140625000000615,0.03287760416666604
31.66180353444784,0.11223958333333191,0.24155273437500616,0.032893880208332706
31.66267471515535,0.11230468749999857,0.24169921875000616,0.03291015624999937
31.66428686388984,0.11236979166666523,0.24184570312500617,0.03292643229166604
31.667118638375698,0.1124348958333319,0.24199218750000617,0.0329427083333327
31.672542925430353,0.11249999999999856,0.24213867187500618,0.03295898437499937
31.674848877829778,0.11256510416666522,0.24228515625000618,0.032975260416666034
31.67490692634027,0.11263020833333189,0.2424316406250062,0.0329915364583327
31.679231359818797,0.11269531249999855,0.2425781250000062,0.033007812499999366
31.68508527127246,0.11276041666666521,0.2427246093750062,0.03302408854166603
31.686407634506928,0.11282552083333187,0.2428710937500062,0.0330403645833327
31.68755765886405,0.11289062499999854,0.2430175781250062,0.03305664062499936
31.690902575695116,0.1129557291666652,0.24316406250000622,0.03307291666666603
31.692834604098085,0.11302083333333186,0.24331054687500622,0.033089192708332694
31.698535247624772,0.11308593749999853,0.24345703125000623,0.03310546874999936
31.701530471758904,0.11315104166666519,0.24360351562500623,0.033121744791666026
31.707847736513703,0.11321614583333185,0.24375000000000624,0.03313802083333269
31.71059157790343,0.11328124999999852,0.24389648437500625,0.03315429687499936
31.713356333132307,0.11334635416666518,0.24404296875000625,0.03317057291666602
31.714344609921916,0.11341145833333184,0.24418945312500626,0.03318684895833269
31.714748444972052,0.1134765624999985,0.24433593750000626,0.033203124999999355
31.72280405294276,0.11354166666666517,0.24448242187500627,0.03321940104166602
31.72396945270188,0.11360677083333183,0.24462890625000627,0.033235677083332686
31.7248881678385,0.11367187499999849,0.24477539062500628,0.03325195312499935
31.726489029821053,0.11373697916666516,0.24492187500000628,0.03326822916666602
31.727433657774476,0.11380208333333182,0.2450683593750063,0.03328450520833268
31.727884648040103,0.11386718749999848,0.2452148437500063,0.03330078124999935
31.73062347381377,0.11393229166666514,0.2453613281250063,0.033317057291666015
31.736046278734953,0.11399739583333181,0.2455078125000063,0.03333333333333268
31.73740307310231,0.11424153645833181,0.2457519531250063,0.03352864583333268
31.73901841000702,0.11430664062499847,0.2458984375000063,0.03354492187499935
31.73952286356083,0.11437174479166513,0.24604492187500632,0.033561197916666015
31.739832811522977,0.1144368489583318,0.24619140625000632,0.03357747395833268
31.74643859882532,0.11450195312499846,0.24633789062500633,0.033593749999999346
31.748537831116987,0.11456705729166512,0.24648437500000633,0.03361002604166601
31.756655795616755,0.11463216145833179,0.24663085937500634,0.03362630208333268
31.76182752568185,0.11469726562499845,0.24677734375000634,0.033642578124999344
31.762033282433507,0.11476236979166511,0.24692382812500635,0.03365885416666601
31.76229585162112,0.11482747395833177,0.24707031250000636,0.033675130208332675
31.76256864910995,0.11489257812499844,0.24721679687500636,0.03369140624999934
31.76331730948867,0.1149576822916651,0.24736328125000637,0.03370768229166601
31.7659042030536,0.11502278645833176,0.24750976562500637,0.03372395833333267
31.77030274677715,0.11508789062499843,0.24765625000000638,0.03374023437499934
31.772257385799808,0.11515299479166509,0.24780273437500638,0.033756510416666004
31.773323234636297,0.11521809895833175,0.2479492187500064,0.03377278645833267
31.775286932038235,0.11528320312499842,0.2480957031250064,0.033789062499999335
31.77587180534792,0.11534830729166508,0.2482421875000064,0.033805338541666
31.77695294497372,0.11541341145833174,0.2483886718750064,0.03382161458333267
31.779391181969327,0.1154785156249984,0.2485351562500064,0.03383789062499933
31.781426461659805,0.11554361979166507,0.24868164062500642,0.033854166666666
31.7942836281922,0.11560872395833173,0.24882812500000642,0.033870442708332664
31.802583632110284,0.11567382812499839,0.24897460937500643,0.03388671874999933
31.805106672120814,0.11573893229166506,0.24912109375000643,0.033902994791665995
31.8086554742079,0.11580403645833172,0.24926757812500644,0.03391927083333266
31.81118135659701,0.11586914062499838,0.24941406250000644,0.03393554687499933
31.811897084278,0.11593424479166504,0.24956054687500645,0.03395182291666599
31.814639652849618,0.11599934895833171,0.24970703125000646,0.03396809895833266
31.815886270018105,0.11606445312499837,0.24985351562500646,0.033984374999999324
31.82422614637386,0.11612955729166503,0.25000000000000644,0.03400065104166599
31.83008837164721,0.1161946614583317,0.2501464843750064,0.034016927083332656
31.830728842735407,0.11625976562499836,0.2502929687500064,0.03403320312499932
31.834058062920057,0.11632486979166502,0.2504394531250064,0.03404947916666599
31.838374046365928,0.11638997395833169,0.25058593750000635,0.03406575520833265
31.83871958386155,0.11645507812499835,0.25073242187500633,0.03408203124999932
31.840785504159403,0.11652018229166501,0.2508789062500063,0.034098307291665984
31.840810228400795,0.11658528645833167,0.2510253906250063,0.03411458333333265
31.84443716236247,0.11665039062499834,0.25117187500000626,0.034130859374999316
31.847175245484628,0.11689453124999834,0.25141601562500626,0.03432617187499932
31.84793908197012,0.116959635416665,0.25156250000000624,0.034342447916665984
31.852034949535987,0.11702473958333166,0.2517089843750062,0.03435872395833265
31.853944320908255,0.11708984374999833,0.2518554687500062,0.034374999999999316
31.85930417480988,0.11715494791666499,0.2520019531250062,0.03439127604166598
31.86162690205274,0.11722005208333165,0.25214843750000615,0.03440755208333265
31.863488062283004,0.11728515624999832,0.25229492187500613,0.03442382812499931
31.86697769439997,0.11735026041666498,0.2524414062500061,0.03444010416666598
31.86743866877097,0.11741536458333164,0.2525878906250061,0.034456380208332645
31.87022800579102,0.1174804687499983,0.25273437500000606,0.03447265624999931
31.874154277615418,0.11754557291666497,0.25288085937500604,0.034488932291665976
31.877191780729525,0.11761067708333163,0.253027343750006,0.03450520833333264
31.881164857716332,0.11767578124999829,0.253173828125006,0.03452148437499931
31.882648779334435,0.11774088541666496,0.253320312500006,0.03453776041666597
31.88507304740958,0.11780598958333162,0.25346679687500595,0.03455403645833264
31.886264926880695,0.11787109374999828,0.25361328125000593,0.034570312499999305
31.89409628247264,0.11793619791666494,0.2537597656250059,0.03458658854166597
31.898514712181893,0.11800130208333161,0.2539062500000059,0.034602864583332636
31.89866607262106,0.11806640624999827,0.25405273437500586,0.0346191406249993
31.899225982309375,0.11813151041666493,0.25419921875000584,0.03463541666666597
31.90184130707368,0.1181966145833316,0.2543457031250058,0.03465169270833263
31.90250835825505,0.11826171874999826,0.2544921875000058,0.0346679687499993
31.902825929379848,0.11832682291666492,0.2546386718750058,0.034684244791665965
31.90347894485128,0.11839192708333159,0.25478515625000575,0.03470052083333263
31.90478858665043,0.11845703124999825,0.25493164062500573,0.034716796874999296
31.91474045143344,0.11852213541666491,0.2550781250000057,0.03473307291666596
31.919193269700084,0.11858723958333157,0.2552246093750057,0.03474934895833263
31.91965677721944,0.11865234374999824,0.25537109375000566,0.034765624999999294
31.92110983725677,0.1187174479166649,0.25551757812500564,0.03478190104166596
31.924320636573224,0.11878255208333156,0.2556640625000056,0.034798177083332625
31.93021259947217,0.11884765624999823,0.2558105468750056,0.03481445312499929
31.93454819788102,0.11891276041666489,0.2559570312500056,0.03483072916666596
31.93934636873492,0.11897786458333155,0.25610351562500555,0.03484700520833262
31.942548085927815,0.11904296874999822,0.25625000000000553,0.03486328124999929
31.94492357431019,0.11910807291666488,0.2563964843750055,0.034879557291665954
31.946270746119563,0.11917317708333154,0.2565429687500055,0.03489583333333262
31.950121965041912,0.1192382812499982,0.25668945312500546,0.034912109374999285
31.95192415438898,0.11930338541666487,0.25683593750000544,0.03492838541666595
31.956701236855835,0.11936848958333153,0.2569824218750054,0.03494466145833262
31.958966028733315,0.1194335937499982,0.2571289062500054,0.03496093749999928
31.961598313440987,0.11949869791666486,0.2572753906250054,0.03497721354166595
31.9650118489982,0.11956380208333152,0.25742187500000535,0.034993489583332614
31.97204894623701,0.11962890624999818,0.25756835937500533,0.03500976562499928
31.975300281714382,0.11969401041666484,0.2577148437500053,0.035026041666665945
31.977642998955304,0.11975911458333151,0.2578613281250053,0.03504231770833261
31.97974305644817,0.11982421874999817,0.25800781250000526,0.03505859374999928
31.989039595058056,0.11988932291666483,0.25815429687500524,0.03507486979166594
31.990120964392,0.1199544270833315,0.2583007812500052,0.03509114583333261
31.99722955604172,0.12001953124999816,0.2584472656250052,0.035107421874999274
31.99735655619847,0.12008463541666482,0.2585937500000052,0.03512369791666594
31.99942841746492,0.12014973958333149,0.25874023437500515,0.035139973958332606
32.00038845867633,0.12021484374999815,0.25888671875000513,0.03515624999999927
32.004676120065774,0.12027994791666481,0.2590332031250051,0.03517252604166594
32.00863203354387,0.12034505208333147,0.2591796875000051,0.0351888020833326
32.0090249832622,0.12041015624999814,0.25932617187500506,0.03520507812499927
32.00931549329075,0.1204752604166648,0.25947265625000504,0.035221354166665934
32.01735033127525,0.12054036458333146,0.259619140625005,0.0352376302083326
32.017936336949276,0.12060546874999813,0.259765625000005,0.035253906249999266
32.02639319715826,0.12067057291666479,0.259912109375005,0.03527018229166593
32.02764064733837,0.12073567708333145,0.26005859375000495,0.0352864583333326
32.03039365150109,0.12080078124999812,0.26020507812500493,0.03530273437499926
32.0308095791409,0.12086588541666478,0.2603515625000049,0.03531901041666593
32.031781961120785,0.12093098958333144,0.2604980468750049,0.035335286458332595
32.04034045846954,0.1209960937499981,0.26064453125000486,0.03535156249999926
32.04391666311315,0.12106119791666477,0.26079101562500484,0.035367838541665926
32.04722501429924,0.12112630208333143,0.2609375000000048,0.03538411458333259
32.04821097366093,0.1211914062499981,0.2610839843750048,0.03540039062499926
32.05128301644888,0.12125651041666476,0.2612304687500048,0.03541666666666592
32.05849672130456,0.12132161458333142,0.26137695312500475,0.03543294270833259
32.064779431255744,0.12138671874999808,0.26152343750000473,0.035449218749999255
32.066689933390066,0.12145182291666475,0.2616699218750047,0.03546549479166592
32.06717279435091,0.12151692708333141,0.2618164062500047,0.035481770833332586
32.06754675115714,0.12158203124999807,0.26196289062500466,0.03549804687499925
32.0700383159279,0.12164713541666473,0.26210937500000464,0.03551432291666592
32.070930247423235,0.1217122395833314,0.2622558593750046,0.035530598958332583
32.074243537823506,0.12177734374999806,0.2624023437500046,0.03554687499999925
32.07780221002386,0.12184244791666472,0.2625488281250046,0.035563151041665915
32.077863910018024,0.12190755208333139,0.26269531250000455,0.03557942708333258
32.0836769065717,0.12197265624999805,0.26284179687500453,0.035595703124999246
32.08437898357235,0.12203776041666471,0.2629882812500045,0.03561197916666591
32.08574689857112,0.12228190104166471,0.2632324218750045,0.035807291666665915
32.086794367796024,0.12234700520833137,0.2633789062500045,0.03582356770833258
32.08719316322878,0.12241210937499804,0.26352539062500446,0.035839843749999246
32.10088887475292,0.1224772135416647,0.26367187500000444,0.03585611979166591
32.10451410455075,0.12254231770833136,0.2638183593750044,0.03587239583333258
32.10757415568931,0.12260742187499803,0.2639648437500044,0.035888671874999244
32.109309231978294,0.12267252604166469,0.2641113281250044,0.03590494791666591
32.114125790414185,0.12273763020833135,0.26425781250000435,0.035921223958332575
32.11829703711993,0.12280273437499802,0.26440429687500433,0.03593749999999924
32.1215856320163,0.12286783854166468,0.2645507812500043,0.03595377604166591
32.130343755803025,0.12293294270833134,0.2646972656250043,0.03597005208333257
32.13239539599838,0.122998046874998,0.26484375000000426,0.03598632812499924
32.13835915929583,0.12306315104166467,0.26499023437500424,0.036002604166665904
32.139046349735516,0.12312825520833133,0.2651367187500042,0.03601888020833257
32.14194600945174,0.123193359374998,0.2652832031250042,0.036035156249999235
32.14676671122688,0.12325846354166466,0.2654296875000042,0.0360514322916659
32.14811372437601,0.12332356770833132,0.26557617187500415,0.03606770833333257
32.15091498718031,0.12338867187499798,0.26572265625000413,0.03608398437499923
32.15499581800421,0.12345377604166465,0.2658691406250041,0.0361002604166659
32.158098298207065,0.12351888020833131,0.2660156250000041,0.036116536458332564
32.159612523511406,0.12358398437499797,0.26616210937500406,0.03613281249999923
32.16322080595554,0.12364908854166463,0.26630859375000404,0.036149088541665896
32.16450318192139,0.1237141927083313,0.266455078125004,0.03616536458333256
32.165344658347124,0.12377929687499796,0.266601562500004,0.03618164062499923
32.16770110991922,0.12384440104166462,0.266748046875004,0.03619791666666589
32.16889318609367,0.12390950520833129,0.26689453125000395,0.03621419270833256
32.171243959660195,0.12397460937499795,0.26704101562500393,0.036230468749999224
32.17303588741466,0.12403971354166461,0.2671875000000039,0.03624674479166589
32.17482486848079,0.12410481770833127,0.2673339843750039,0.036263020833332556
32.18068387519343,0.12416992187499794,0.26748046875000386,0.03627929687499922
32.18162643989029,0.1242350260416646,0.26762695312500384,0.03629557291666589
32.189443311757,0.12430013020833126,0.2677734375000038,0.03631184895833255
32.19105023382597,0.12436523437499793,0.2679199218750038,0.03632812499999922
32.19497870174959,0.12443033854166459,0.2680664062500038,0.036344401041665884
32.195084139906996,0.12449544270833125,0.26821289062500375,0.03636067708333255
32.195347868156695,0.12456054687499792,0.26835937500000373,0.036376953124999216
32.20100937839649,0.12462565104166458,0.2685058593750037,0.03639322916666588
32.2046013805747,0.12469075520833124,0.2686523437500037,0.03640950520833255
32.20693728795958,0.1247558593749979,0.26879882812500366,0.03642578124999921
32.212536792886176,0.12482096354166457,0.26894531250000364,0.03644205729166588
32.22747712638083,0.12488606770833123,0.2690917968750036,0.036458333333332545
32.22937071879796,0.1249511718749979,0.2692382812500036,0.03647460937499921
32.230582754722015,0.12501627604166457,0.2693847656250036,0.036490885416665876
32.230734368657316,0.12508138020833123,0.26953125000000355,0.03650716145833254
32.23083725270354,0.1251464843749979,0.26967773437500353,0.03652343749999921
32.231192658090876,0.12521158854166456,0.2698242187500035,0.03653971354166587
32.23228941022492,0.12527669270833122,0.2699707031250035,0.03655598958333254
32.24446431386356,0.12534179687499789,0.27011718750000346,0.036572265624999205
32.2464412795544,0.12540690104166455,0.27026367187500344,0.03658854166666587
32.25672774797937,0.1254720052083312,0.2704101562500034,0.036604817708332536
32.261256373735215,0.12553710937499787,0.2705566406250034,0.0366210937499992
32.2655779517914,0.12560221354166454,0.2707031250000034,0.03663736979166587
32.26632431269953,0.1256673177083312,0.27084960937500335,0.036653645833332534
32.27101268201015,0.12573242187499786,0.27099609375000333,0.0366699218749992
32.272979317441795,0.12579752604166453,0.2711425781250033,0.036686197916665865
32.27372013016795,0.1258626302083312,0.2712890625000033,0.03670247395833253
32.27599616735162,0.1261067708333312,0.2715332031250033,0.036897786458332534
32.27655916676008,0.12617187499999785,0.27167968750000326,0.0369140624999992
32.27780842129807,0.12623697916666451,0.27182617187500324,0.036930338541665865
32.278871699155765,0.12630208333333118,0.2719726562500032,0.03694661458333253
32.281070836990246,0.12636718749999784,0.2721191406250032,0.036962890624999196
32.28351553900909,0.1264322916666645,0.2722656250000032,0.03697916666666586
32.29121352438623,0.12649739583333117,0.27241210937500315,0.03699544270833253
32.29653543025936,0.12656249999999783,0.27255859375000313,0.037011718749999194
32.30051696374805,0.1266276041666645,0.2727050781250031,0.03702799479166586
32.303927477806276,0.12669270833333116,0.2728515625000031,0.037044270833332525
32.308833614562545,0.12675781249999782,0.27299804687500306,0.03706054687499919
32.323125356338174,0.12682291666666448,0.27314453125000304,0.03707682291666586
32.32401707396608,0.12688802083333114,0.273291015625003,0.03709309895833252
32.330633653464325,0.1269531249999978,0.273437500000003,0.03710937499999919
32.330773700109305,0.12701822916666447,0.273583984375003,0.037125651041665854
32.33436078522151,0.12708333333333113,0.27373046875000295,0.03714192708333252
32.33580458793904,0.1271484374999978,0.27387695312500293,0.037158203124999185
32.33799415796681,0.12721354166666446,0.2740234375000029,0.03717447916666585
32.33899718979461,0.12727864583333112,0.2741699218750029,0.03719075520833252
32.34361861826717,0.12734374999999779,0.27431640625000286,0.03720703124999918
32.3444439113652,0.12740885416666445,0.27446289062500284,0.03722330729166585
32.35349452833754,0.1274739583333311,0.2746093750000028,0.037239583333332514
32.357017214613585,0.12753906249999777,0.2747558593750028,0.03725585937499918
32.35707994546237,0.12778320312499777,0.2750000000000028,0.03745117187499918
32.359359144105774,0.12784830729166444,0.2751464843750028,0.03746744791666585
32.36848229285027,0.1279134114583311,0.27529296875000275,0.037483723958332514
32.36878957519247,0.12797851562499776,0.27543945312500273,0.03749999999999918
32.374763271487474,0.12804361979166443,0.2755859375000027,0.037516276041665846
32.38090756309848,0.1281087239583311,0.2757324218750027,0.03753255208333251
32.38393020942558,0.12817382812499775,0.27587890625000266,0.03754882812499918
32.387892444216064,0.12823893229166441,0.27602539062500264,0.03756510416666584
32.3888806248518,0.12830403645833108,0.2761718750000026,0.03758138020833251
32.39305634675009,0.12836914062499774,0.2763183593750026,0.037597656249999174
32.39403485225017,0.1284342447916644,0.2764648437500026,0.03761393229166584
32.39494835408846,0.12849934895833107,0.27661132812500255,0.037630208333332506
32.39576600402083,0.12856445312499773,0.27675781250000253,0.03764648437499917
32.40342219238844,0.1286295572916644,0.2769042968750025,0.03766276041666584
32.41062083068965,0.12869466145833106,0.2770507812500025,0.0376790364583325
32.41069948981,0.12875976562499772,0.27719726562500246,0.03769531249999917
32.4193685422919,0.12882486979166438,0.27734375000000244,0.037711588541665834
32.42627774801901,0.12888997395833104,0.2774902343750024,0.0377278645833325
32.42672732200021,0.1289550781249977,0.2776367187500024,0.037744140624999166
32.427549940677494,0.12902018229166437,0.2777832031250024,0.03776041666666583
32.43824855855927,0.12908528645833103,0.27792968750000235,0.0377766927083325
32.44401672042827,0.1291503906249977,0.27807617187500233,0.03779296874999916
32.44542674863801,0.12921549479166436,0.2782226562500023,0.03780924479166583
32.44902395393275,0.12928059895833102,0.2783691406250023,0.037825520833332495
32.45297852071573,0.12934570312499769,0.27851562500000226,0.03784179687499916
32.45403037791152,0.12941080729166435,0.27866210937500224,0.037858072916665826
32.45878086528159,0.129475911458331,0.2788085937500022,0.03787434895833249
32.45883209965869,0.12954101562499767,0.2789550781250022,0.03789062499999916
32.46487858092796,0.12960611979166434,0.2791015625000022,0.03790690104166582
32.4707272906343,0.129671223958331,0.27924804687500215,0.03792317708333249
32.47125453435006,0.12973632812499766,0.27939453125000213,0.037939453124999155
32.471587312394654,0.12980143229166433,0.2795410156250021,0.03795572916666582
32.485106773771506,0.129866536458331,0.2796875000000021,0.037972005208332486
32.494562617822,0.12993164062499765,0.27983398437500207,0.03798828124999915
32.497158559200685,0.12999674479166431,0.27998046875000204,0.03800455729166582
32.49716141713676,0.13006184895833098,0.280126953125002,0.038020833333332484
32.49957086371441,0.13012695312499764,0.280273437500002,0.03803710937499915
32.50165808915186,0.1301920572916643,0.280419921875002,0.038053385416665815
32.50190741665708,0.13025716145833097,0.28056640625000195,0.03806966145833248
32.50230939590266,0.13032226562499763,0.28071289062500193,0.038085937499999147
32.50676883987732,0.1303873697916643,0.2808593750000019,0.03810221354166581
32.520533547298164,0.13045247395833096,0.2810058593750019,0.03811848958333248
32.52141991655955,0.13051757812499762,0.28115234375000187,0.038134765624999144
32.5250055994742,0.13058268229166428,0.28129882812500184,0.03815104166666581
32.53552932315637,0.13064778645833094,0.2814453125000018,0.038167317708332475
32.54340871609004,0.1307128906249976,0.2815917968750018,0.03818359374999914
32.54634591089873,0.13077799479166427,0.2817382812500018,0.03819986979166581
32.54963978535913,0.13084309895833093,0.28188476562500175,0.03821614583333247
32.555154598565146,0.1309082031249976,0.28203125000000173,0.03823242187499914
32.56912720033121,0.13097330729166426,0.2821777343750017,0.038248697916665804
32.57007060541106,0.13103841145833092,0.2823242187500017,0.03826497395833247
32.57053224383829,0.13110351562499759,0.28247070312500167,0.038281249999999135
32.57103970455731,0.13116861979166425,0.28261718750000164,0.0382975260416658
32.574137657401906,0.1312337239583309,0.2827636718750016,0.03831380208333247
32.57709771978535,0.13129882812499757,0.2829101562500016,0.03833007812499913
32.58553517926032,0.13136393229166424,0.2830566406250016,0.0383463541666658
32.58671256553552,0.1314290364583309,0.28320312500000155,0.038362630208332464
32.592079923167105,0.13149414062499756,0.28334960937500153,0.03837890624999913
32.599252783585605,0.13155924479166423,0.2834960937500015,0.038395182291665796
32.60158788461266,0.1316243489583309,0.2836425781250015,0.03841145833333246
32.60658467969899,0.13168945312499755,0.28378906250000147,0.03842773437499913
32.60699067944589,0.13175455729166421,0.28393554687500144,0.03844401041666579
32.614442275958254,0.13181966145833088,0.2840820312500014,0.03846028645833246
32.6151885768323,0.13188476562499754,0.2842285156250014,0.038476562499999124
32.636077552935234,0.1319498697916642,0.2843750000000014,0.03849283854166579
32.63633367586226,0.13201497395833087,0.28452148437500135,0.038509114583332456
32.63820258791744,0.13208007812499753,0.28466796875000133,0.03852539062499912
32.64098644143094,0.1321451822916642,0.2848144531250013,0.03854166666666579
32.64505189411857,0.13221028645833086,0.2849609375000013,0.03855794270833245
32.646824840573146,0.13227539062499752,0.28510742187500127,0.03857421874999912
32.65193925783492,0.13234049479166418,0.28525390625000124,0.038590494791665785
32.65728326460005,0.13240559895833084,0.2854003906250012,0.03860677083333245
32.659983422287034,0.1324707031249975,0.2855468750000012,0.038623046874999116
32.666479779783266,0.13253580729166417,0.2856933593750012,0.03863932291666578
32.66933180131906,0.13260091145833083,0.28583984375000115,0.03865559895833245
32.689844792462054,0.1326660156249975,0.28598632812500113,0.03867187499999911
32.69538439072824,0.13273111979166416,0.2861328125000011,0.03868815104166578
32.695860371749866,0.13279622395833082,0.2862792968750011,0.038704427083332445
32.69592761195177,0.13286132812499749,0.28642578125000107,0.03872070312499911
32.69874207441795,0.13292643229166415,0.28657226562500104,0.038736979166665776
32.700551288743284,0.1329915364583308,0.286718750000001,0.03875325520833244
32.70516842476502,0.13305664062499747,0.286865234375001,0.03876953124999911
32.70720167598055,0.13312174479166414,0.287011718750001,0.03878580729166577
32.72081117185165,0.1331868489583308,0.28715820312500095,0.03880208333333244
32.721309119476444,0.13325195312499746,0.28730468750000093,0.038818359374999105
32.72138160028396,0.13331705729166413,0.2874511718750009,0.03883463541666577
32.72226356030718,0.1333821614583308,0.2875976562500009,0.038850911458332436
32.72437770589231,0.13344726562499745,0.28774414062500087,0.0388671874999991
32.73463122064225,0.13351236979166412,0.28789062500000084,0.03888346354166577
32.73678539273761,0.13357747395833078,0.2880371093750008,0.038899739583332434
32.75400965344476,0.13382161458333078,0.2882812500000008,0.039095052083332436
32.754435973461696,0.13388671874999744,0.2884277343750008,0.0391113281249991
32.76197440097754,0.1339518229166641,0.2885742187500008,0.03912760416666577
32.76481980703508,0.13401692708333077,0.28872070312500075,0.039143880208332434
32.76681889485054,0.13408203124999743,0.28886718750000073,0.0391601562499991
32.769498240348085,0.1341471354166641,0.2890136718750007,0.039176432291665765
32.78103535417679,0.13421223958333076,0.2891601562500007,0.03919270833333243
32.78807341868797,0.13427734374999742,0.28930664062500067,0.0392089843749991
32.792056278829165,0.13434244791666408,0.28945312500000064,0.03922526041666576
32.79565427241923,0.13440755208333074,0.2895996093750006,0.03924153645833243
32.796725981326055,0.1344726562499974,0.2897460937500006,0.039257812499999094
32.804195261518764,0.13453776041666407,0.2898925781250006,0.03927408854166576
32.80423126121414,0.13460286458333073,0.29003906250000056,0.039290364583332425
32.81813271036008,0.1346679687499974,0.29018554687500053,0.03930664062499909
32.81820313519678,0.13473307291666406,0.2903320312500005,0.03932291666666576
32.82223871351641,0.13479817708333072,0.2904785156250005,0.03933919270833242
32.8239039155931,0.13486328124999739,0.29062500000000047,0.03935546874999909
32.82429779767507,0.13492838541666405,0.29077148437500044,0.039371744791665754
32.839893322327804,0.1349934895833307,0.2909179687500004,0.03938802083333242
32.84306472675457,0.13505859374999737,0.2910644531250004,0.039404296874999085
32.843204789644695,0.13512369791666404,0.2912109375000004,0.03942057291666575
32.85315223742942,0.1351888020833307,0.29135742187500036,0.03943684895833242
32.859313164184485,0.13525390624999736,0.29150390625000033,0.03945312499999908
32.85936588146531,0.13531901041666403,0.2916503906250003,0.03946940104166575
32.86197465996767,0.1353841145833307,0.2917968750000003,0.039485677083332414
32.86493342660423,0.13544921874999735,0.29194335937500027,0.03950195312499908
32.87723599777153,0.13569335937499735,0.29218750000000027,0.03969726562499908
32.88127351459887,0.13575846354166402,0.29233398437500024,0.03971354166666575
32.882152134770074,0.13582356770833068,0.2924804687500002,0.039729817708332414
32.88381512765707,0.13588867187499734,0.2926269531250002,0.03974609374999908
32.89273380803138,0.135953776041664,0.2927734375000002,0.039762369791665746
32.899194383569586,0.13601888020833067,0.29291992187500016,0.03977864583333241
32.910508725431036,0.13608398437499733,0.29306640625000013,0.03979492187499908
32.91156325332374,0.136149088541664,0.2932128906250001,0.03981119791666574
32.91430259958766,0.13621419270833066,0.2933593750000001,0.03982747395833241
32.92542277847676,0.13627929687499732,0.29350585937500007,0.039843749999999074
32.94421217128179,0.13634440104166398,0.29365234375000004,0.03986002604166574
32.950054900201174,0.13640950520833064,0.293798828125,0.039876302083332406
32.950144755639556,0.1364746093749973,0.2939453125,0.03989257812499907
32.96013136620215,0.13653971354166397,0.294091796875,0.03990885416666574
32.96924483122728,0.13660481770833063,0.29423828124999996,0.0399251302083324
32.96945309145458,0.1366699218749973,0.29438476562499993,0.03994140624999907
32.98303016298657,0.13673502604166396,0.2945312499999999,0.039957682291665735
32.99368495911373,0.13680013020833062,0.2946777343749999,0.0399739583333324
32.99922694671303,0.13686523437499729,0.29482421874999987,0.039990234374999066
32.999354554144325,0.13693033854166395,0.29497070312499984,0.04000651041666573
32.9996370206134,0.1369954427083306,0.2951171874999998,0.0400227864583324
33.00273166526787,0.13706054687499727,0.2952636718749998,0.04003906249999906
33.00316434303087,0.13712565104166394,0.2954101562499998,0.04005533854166573
33.01208587047266,0.1371907552083306,0.29555664062499976,0.040071614583332395
33.02591357867503,0.13725585937499726,0.29570312499999973,0.04008789062499906
33.03837650539928,0.13732096354166393,0.2958496093749997,0.040104166666665726
33.0385715492335,0.1373860677083306,0.2959960937499997,0.04012044270833239
33.045603416295336,0.13745117187499725,0.29614257812499967,0.04013671874999906
33.046116967320735,0.13751627604166392,0.29628906249999964,0.04015299479166572
33.05857140253656,0.13758138020833058,0.2964355468749996,0.04016927083333239
33.06703783843347,0.13764648437499724,0.2965820312499996,0.040185546874999055
33.06881431142388,0.1377115885416639,0.2967285156249996,0.04020182291666572
33.07057176985004,0.13777669270833057,0.29687499999999956,0.040218098958332386
33.07646757180866,0.13784179687499723,0.29702148437499953,0.04023437499999905
33.09118634474066,0.1379069010416639,0.2971679687499995,0.04025065104166572
33.09144817412063,0.1381510416666639,0.2974121093749995,0.04044596354166572
33.095302395358935,0.13821614583333056,0.2975585937499995,0.040462239583332386
33.10755061715035,0.13828124999999722,0.29770507812499947,0.04047851562499905
33.128905383264474,0.13834635416666388,0.29785156249999944,0.04049479166666572
33.13909992289787,0.13841145833333054,0.2979980468749994,0.040511067708332384
33.14403855976316,0.1384765624999972,0.2981445312499994,0.04052734374999905
33.15089486025123,0.13854166666666387,0.2982910156249994,0.040543619791665715
33.15191704206733,0.13860677083333053,0.29843749999999936,0.04055989583333238
33.1578133839016,0.1386718749999972,0.29858398437499933,0.04057617187499905
33.15918024576834,0.13873697916666386,0.2987304687499993,0.04059244791666571
33.16604239174831,0.13880208333333052,0.2988769531249993,0.04060872395833238
33.17510431246926,0.13886718749999719,0.29902343749999927,0.040624999999999044
33.18330267050082,0.13893229166666385,0.29916992187499925,0.04064127604166571
33.190975197913275,0.1389973958333305,0.2993164062499992,0.040657552083332375
33.19227449287666,0.13906249999999717,0.2994628906249992,0.04067382812499904
33.204380977058655,0.13912760416666384,0.2996093749999992,0.04069010416666571
33.208511147040426,0.1391927083333305,0.29975585937499916,0.04070638020833237
33.21059758193469,0.13925781249999716,0.29990234374999913,0.04072265624999904
33.216907464493,0.13932291666666383,0.3000488281249991,0.040738932291665704
33.242823292375974,0.1393880208333305,0.3001953124999991,0.04075520833333237
33.2586516374956,0.13945312499999715,0.30034179687499907,0.040771484374999035
33.26555155908672,0.13951822916666382,0.30048828124999905,0.0407877604166657
33.266813993860445,0.13958333333333048,0.300634765624999,0.04080403645833237
33.26803828404406,0.13964843749999714,0.300781249999999,0.04082031249999903
33.2691367267936,0.1397135416666638,0.300927734374999,0.0408365885416657
33.28197434638138,0.13977864583333047,0.30107421874999896,0.040852864583332364
33.2935499797883,0.13984374999999713,0.30122070312499893,0.04086914062499903
33.31506956312994,0.1399088541666638,0.3013671874999989,0.040885416666665696
33.31546085655299,0.13997395833333046,0.3015136718749989,0.04090169270833236
33.33577370526684,0.14003906249999712,0.30166015624999887,0.04091796874999903
33.345529390334676,0.14010416666666378,0.30180664062499885,0.04093424479166569
33.346301536072694,0.14016927083333044,0.3019531249999988,0.04095052083333236
33.34905258787197,0.1402343749999971,0.3020996093749988,0.040966796874999024
33.3597157580377,0.14029947916666377,0.3022460937499988,0.04098307291666569
33.37586942303744,0.14036458333333043,0.30239257812499876,0.040999348958332356
33.38392875752055,0.1404296874999971,0.30253906249999873,0.04101562499999902
33.40070013579269,0.14049479166666376,0.3026855468749987,0.04103190104166569
33.404304982206135,0.14055989583333042,0.3028320312499987,0.04104817708333235
33.422326487295614,0.14062499999999709,0.30297851562499867,0.04106445312499902
33.42512989747419,0.14069010416666375,0.30312499999999865,0.041080729166665685
33.426883763988336,0.1407552083333304,0.3032714843749986,0.04109700520833235
33.444967238335096,0.14082031249999707,0.3034179687499986,0.041113281249999016
33.451144932934724,0.14088541666666374,0.3035644531249986,0.04112955729166568
33.464634307162065,0.1409505208333304,0.30371093749999856,0.04114583333333235
33.477069235587685,0.14101562499999706,0.30385742187499853,0.04116210937499901
33.49030371819458,0.14108072916666373,0.3040039062499985,0.04117838541666568
33.50890531411586,0.1411458333333304,0.3041503906249985,0.041194661458332345
33.509547202638466,0.14121093749999705,0.30429687499999847,0.04121093749999901
33.51224692854988,0.14127604166666372,0.30444335937499845,0.041227213541665676
33.52885973619188,0.14134114583333038,0.3045898437499984,0.04124348958333234
33.5555403242514,0.14140624999999704,0.3047363281249984,0.04125976562499901
33.57226231631016,0.1414713541666637,0.3048828124999984,0.041276041666665673
33.57648748828864,0.14153645833333037,0.30502929687499836,0.04129231770833234
33.57673851352594,0.14160156249999703,0.30517578124999833,0.041308593749999005
33.58411538278877,0.1416666666666637,0.3053222656249983,0.04132486979166567
33.58471079446204,0.14173177083333036,0.3054687499999983,0.041341145833332336
33.62246391353627,0.14179687499999702,0.30561523437499827,0.041357421874999
33.649564597081394,0.14186197916666368,0.30576171874999825,0.04137369791666567
33.66288413756363,0.14192708333333034,0.3059082031249982,0.041389973958332334
33.663971103753894,0.141992187499997,0.3060546874999982,0.041406249999999
33.686897559229074,0.14205729166666367,0.3062011718749982,0.041422526041665665
33.72890735845726,0.14212239583333033,0.30634765624999816,0.04143880208333233
33.73306089675654,0.142187499999997,0.30649414062499813,0.041455078124999
33.756331142218386,0.14225260416666366,0.3066406249999981,0.04147135416666566
33.765291899393034,0.14231770833333032,0.3067871093749981,0.04148763020833233
33.76816450989154,0.14238281249999699,0.30693359374999807,0.041503906249998994
33.777730356766725,0.14244791666666365,0.30708007812499805,0.04152018229166566
33.78132589189641,0.1425130208333303,0.307226562499998,0.041536458333332325
33.783940800321325,0.14257812499999697,0.307373046874998,0.04155273437499899
33.78984016446612,0.14264322916666364,0.307519531249998,0.04156901041666566
33.79914015953172,0.1427083333333303,0.30766601562499796,0.04158528645833232
33.80037102913536,0.14277343749999696,0.30781249999999793,0.04160156249999899
33.81890630399927,0.14283854166666363,0.3079589843749979,0.041617838541665654
33.87120743819414,0.1429036458333303,0.3081054687499979,0.04163411458333232
33.8731159071426,0.14296874999999695,0.30825195312499787,0.041650390624998986
33.89015906941433,0.14303385416666362,0.30839843749999785,0.04166666666666565
33.89983823872399,0.14309895833333028,0.3085449218749978,0.04168294270833232
33.9013796074817,0.14316406249999694,0.3086914062499978,0.04169921874999898
33.95412787452855,0.1432291666666636,0.3088378906249978,0.04171549479166565
33.995489178601616,0.14329427083333027,0.30898437499999776,0.041731770833332314
33.999277899947394,0.14335937499999693,0.30913085937499774,0.04174804687499898
34.00699814195591,0.1434244791666636,0.3092773437499977,0.041764322916665646
34.01492025346755,0.14348958333333026,0.3094238281249977,0.04178059895833231
34.05114717678114,0.14355468749999692,0.30957031249999767,0.04179687499999898
34.08354590714389,0.14361979166666358,0.30971679687499765,0.04181315104166564
34.13940777550228,0.14368489583333025,0.3098632812499976,0.04182942708333231
34.14489457493697,0.1437499999999969,0.3100097656249976,0.041845703124998974
34.17756633216076,0.14381510416666357,0.3101562499999976,0.04186197916666564
34.18742868208274,0.14388020833333023,0.31030273437499756,0.041878255208332306
34.23115532576931,0.1439453124999969,0.31044921874999754,0.04189453124999897
34.23541059797999,0.14401041666666356,0.3105957031249975,0.04191080729166564
34.256776747122586,0.14407552083333022,0.3107421874999975,0.0419270833333323
34.279636598334825,0.14414062499999689,0.31088867187499747,0.04194335937499897
34.374998537802185,0.14420572916666355,0.31103515624999745,0.041959635416665635
34.375756144324725,0.1442708333333302,0.3111816406249974,0.0419759114583323
34.39718187885201,0.14433593749999687,0.3113281249999974,0.041992187499998966
34.40589062943507,0.14440104166666354,0.3114746093749974,0.04200846354166563
34.41045247173337,0.1444661458333302,0.31162109374999736,0.0420247395833323
34.5058163448139,0.14453124999999686,0.31176757812499734,0.04204101562499896
34.54930931012467,0.14459635416666353,0.3119140624999973,0.04205729166666563
34.55980794336466,0.1446614583333302,0.3120605468749973,0.042073567708332295
34.778505130974196,0.14472656249999685,0.31220703124999727,0.04208984374999896
34.786766827401536,0.14479166666666352,0.31235351562499725,0.042106119791665626
34.87709999956624,0.14485677083333018,0.3124999999999972,0.04212239583333229
34.87740841375432,0.14492187499999684,0.3126464843749972,0.04213867187499896
34.892296390336966,0.14516601562499684,0.3128906249999972,0.04233398437499896
34.91954985501044,0.1452311197916635,0.3130371093749972,0.042350260416665626
34.9812846801553,0.14529622395833017,0.31318359374999716,0.04236653645833229
34.99126512504179,0.14536132812499683,0.31333007812499714,0.04238281249999896
35.00110038196429,0.14560546874999683,0.31357421874999714,0.04257812499999896
35.06586165578616,0.14584960937499683,0.31381835937499714,0.04277343749999896
35.14803584415406,0.14609374999999683,0.31406249999999714,0.042968749999998966
35.22956059672915,0.1461588541666635,0.3142089843749971,0.04298502604166563
35.23576256829093,0.1464029947916635,0.3144531249999971,0.043180338541665635
35.239451682810326,0.14646809895833016,0.3145996093749971,0.0431966145833323
35.34264340056204,0.14653320312499682,0.31474609374999707,0.043212890624998966
35.61574093988849,0.14659830729166348,0.31489257812499705,0.04322916666666563
35.6391814061371,0.14684244791666348,0.31513671874999705,0.043424479166665635
35.65812331504361,0.14690755208333015,0.315283203124997,0.0434407552083323
35.662394956643936,0.1469726562499968,0.315429687499997,0.043457031249998966
35.698687656578024,0.1472167968749968,0.315673828124997,0.04365234374999897
35.74910969652676,0.1474609374999968,0.315917968749997,0.04384765624999897
35.795994962581815,0.14752604166666347,0.316064453124997,0.04386393229166564
35.87656862825662,0.14759114583333013,0.31621093749999696,0.0438802083333323
35.969099126454,0.1476562499999968,0.31635742187499694,0.04389648437499897
36.074400363679814,0.14772135416666346,0.3165039062499969,0.043912760416665635
36.24159590634144,0.14778645833333012,0.3166503906249969,0.0439290364583323
36.28457590978707,0.14785156249999679,0.31679687499999687,0.043945312499998966
36.29085052020967,0.14791666666666345,0.31694335937499685,0.04396158854166563
36.30228529440912,0.14816080729166345,0.31718749999999685,0.044156901041665635
36.30906863823907,0.1482259114583301,0.3173339843749968,0.0441731770833323
36.31295046463682,0.1484700520833301,0.3175781249999968,0.0443684895833323
36.40645353274702,0.14853515624999677,0.3177246093749968,0.04438476562499897
36.596745409367514,0.14860026041666344,0.3178710937499968,0.044401041666665635
36.63390908772337,0.1486653645833301,0.31801757812499676,0.0444173177083323
36.67990335189158,0.1489095052083301,0.31826171874999676,0.0446126302083323
36.79721119158197,0.14897460937499676,0.31840820312499674,0.04462890624999897
36.80032646675528,0.14921874999999676,0.31865234374999674,0.04482421874999897
36.961205641752485,0.14928385416666343,0.3187988281249967,0.04484049479166564
37.049032884361395,0.1493489583333301,0.3189453124999967,0.0448567708333323
37.06673300903919,0.14941406249999675,0.31909179687499667,0.04487304687499897
37.13750725439422,0.14965820312499675,0.31933593749999667,0.04506835937499897
37.24263827692865,0.14972330729166342,0.31948242187499665,0.04508463541666564
37.25742071085373,0.14978841145833008,0.3196289062499966,0.0451009114583323
37.26619669048379,0.14985351562499674,0.3197753906249966,0.04511718749999897
37.40507033879823,0.15009765624999674,0.3200195312499966,0.04531249999999897
37.42141936973653,0.15034179687499674,0.3202636718749966,0.045507812499998974
37.444458570617094,0.1504069010416634,0.3204101562499966,0.04552408854166564
37.493715575150574,0.15047200520833007,0.32055664062499656,0.045540364583332306
37.50302548212596,0.15053710937499673,0.32070312499999654,0.04555664062499897
37.64745682927929,0.15078124999999673,0.32094726562499654,0.045751953124998974
37.72015341244466,0.1508463541666634,0.3210937499999965,0.04576822916666564
37.75689234484236,0.15091145833333006,0.3212402343749965,0.045784505208332306
37.86985223404193,0.15097656249999672,0.32138671874999647,0.04580078124999897
37.967677075447114,0.15104166666666338,0.32153320312499645,0.04581705729166564
37.999772680939145,0.15110677083333005,0.3216796874999964,0.0458333333333323
38.06066533577881,0.1511718749999967,0.3218261718749964,0.04584960937499897
38.07943465806622,0.15123697916666337,0.3219726562499964,0.045865885416665635
38.12822270383141,0.15130208333333003,0.32211914062499636,0.0458821614583323
38.12942240290707,0.15154622395833003,0.32236328124999636,0.0460774739583323
38.16182775009688,0.1516113281249967,0.32250976562499634,0.04609374999999897
38.272842646018674,0.15167643229166336,0.3226562499999963,0.046110026041665635
38.42329389722271,0.15174153645833002,0.3228027343749963,0.0461263020833323
38.43293756605958,0.15180664062499669,0.32294921874999627,0.046142578124998966
38.5413030573476,0.15187174479166335,0.32309570312499625,0.04615885416666563
38.69895993630219,0.15193684895833,0.3232421874999962,0.0461751302083323
38.77392635109223,0.15218098958333,0.3234863281249962,0.0463704427083323
38.794537096953825,0.15242513020833,0.3237304687499962,0.0465657552083323
38.923238920560394,0.15249023437499667,0.3238769531249962,0.04658203124999897
38.93457576726322,0.15273437499999667,0.3241210937499962,0.04677734374999897
38.99592763525199,0.15279947916666334,0.3242675781249962,0.04679361979166564
39.01320458305473,0.15286458333333,0.32441406249999616,0.0468098958333323
39.04791679302561,0.15292968749999666,0.32456054687499614,0.04682617187499897
39.174411234041024,0.15299479166666333,0.3247070312499961,0.046842447916665635
39.26811000628302,0.15305989583333,0.3248535156249961,0.0468587239583323
39.27250398235631,0.15330403645833,0.3250976562499961,0.0470540364583323
39.395124447610954,0.15354817708333,0.3253417968749961,0.047249348958332306
39.586469642918026,0.15379231770833,0.3255859374999961,0.04744466145833231
39.602431984478784,0.15403645833333,0.3258300781249961,0.04763997395833231
39.60966748402456,0.15410156249999665,0.32597656249999607,0.04765624999999898
39.610606272404596,0.15416666666666332,0.32612304687499605,0.04767252604166564
39.66226845621621,0.15423177083332998,0.326269531249996,0.04768880208333231
39.68245157607688,0.15429687499999664,0.326416015624996,0.047705078124998974
39.70630566989187,0.1543619791666633,0.326562499999996,0.04772135416666564
39.785418528906135,0.15442708333332997,0.32670898437499596,0.047737630208332306
39.94041073002236,0.15449218749999663,0.32685546874999594,0.04775390624999897
40.07699221259654,0.1545572916666633,0.3270019531249959,0.04777018229166564
40.0861946756973,0.15462239583332996,0.3271484374999959,0.0477864583333323
40.08793978867014,0.15468749999999662,0.32729492187499587,0.04780273437499897
40.23697327584325,0.15475260416666328,0.32744140624999585,0.047819010416665635
40.336794304234814,0.15481770833332995,0.3275878906249958,0.0478352864583323
40.366565756695245,0.15506184895832995,0.3278320312499958,0.0480305989583323
40.397278272197454,0.15530598958332995,0.3280761718749958,0.048225911458332306
40.42405804138188,0.1553710937499966,0.3282226562499958,0.04824218749999897
40.460249507776545,0.15543619791666327,0.3283691406249958,0.04825846354166564
40.46349698971593,0.15568033854166327,0.3286132812499958,0.04845377604166564
40.50280922669639,0.15574544270832993,0.32875976562499576,0.048470052083332306
40.5749460910493,0.15598958333332993,0.32900390624999576,0.04866536458333231
40.60557517794814,0.1560546874999966,0.32915039062499574,0.048681640624998974
40.62621636070688,0.15611979166666326,0.3292968749999957,0.04869791666666564
40.671413821790985,0.15618489583332992,0.3294433593749957,0.048714192708332306
40.69051838695886,0.15624999999999659,0.32958984374999567,0.04873046874999897
40.84468627298213,0.15649414062499659,0.32983398437499567,0.048925781249998974
40.86187578337003,0.15655924479166325,0.32998046874999565,0.04894205729166564
40.95383619196791,0.1566243489583299,0.3301269531249956,0.048958333333332306
41.00684702998049,0.15668945312499657,0.3302734374999956,0.04897460937499897
41.04791454304866,0.15675455729166324,0.3304199218749956,0.04899088541666564
41.060722069379345,0.1568196614583299,0.33056640624999556,0.0490071614583323
41.183928095594965,0.15688476562499656,0.33071289062499554,0.04902343749999897
41.214397188995854,0.15694986979166323,0.3308593749999955,0.049039713541665635
41.31969318292607,0.1570149739583299,0.3310058593749955,0.0490559895833323
41.32343345427453,0.15708007812499655,0.33115234374999547,0.049072265624998966
41.44113574328669,0.15714518229166322,0.33129882812499545,0.04908854166666563
41.53502611721147,0.15721028645832988,0.3314453124999954,0.0491048177083323
41.615925817136215,0.15727539062499654,0.3315917968749954,0.04912109374999896
41.62596580187142,0.1573404947916632,0.3317382812499954,0.04913736979166563
41.65144065192859,0.15740559895832987,0.33188476562499536,0.049153645833332295
41.727065373497176,0.15747070312499653,0.33203124999999534,0.04916992187499896
41.729476332991894,0.1575358072916632,0.3321777343749953,0.049186197916665626
41.76038720286513,0.15760091145832986,0.3323242187499953,0.04920247395833229
41.881149405433206,0.15766601562499652,0.33247070312499527,0.04921874999999896
41.93060125842041,0.15773111979166318,0.33261718749999525,0.049235026041665624
41.946152622586126,0.15779622395832985,0.3327636718749952,0.04925130208333229
41.97196592329447,0.1578613281249965,0.3329101562499952,0.049267578124998955
41.98682152033436,0.15792643229166317,0.3330566406249952,0.04928385416666562
42.02491615861882,0.15817057291666317,0.3333007812499952,0.049479166666665624
42.03866872992245,0.15823567708332983,0.33344726562499516,0.04949544270833229
42.10011215639749,0.15847981770832983,0.33369140624999516,0.04969075520833229
42.13918822885645,0.15872395833332983,0.33393554687499516,0.049886067708332295
42.20098936132192,0.1587890624999965,0.33408203124999514,0.04990234374999896
42.22914904854566,0.1590332031249965,0.33432617187499514,0.05009765624999896
42.234387992759274,0.15909830729166316,0.3344726562499951,0.05011393229166563
42.344545957577786,0.15934244791666316,0.3347167968749951,0.05030924479166563
42.372852013110965,0.15940755208332982,0.3348632812499951,0.0503255208333323
42.66247752616332,0.15965169270832982,0.3351074218749951,0.0505208333333323
42.78349898676266,0.1597167968749965,0.33525390624999507,0.050537109374998966
42.81338589375886,0.15978190104166315,0.33540039062499505,0.05055338541666563
42.88106017412431,0.1598470052083298,0.335546874999995,0.0505696614583323
42.893554207141925,0.15991210937499648,0.335693359374995,0.05058593749999896
42.918645163204545,0.15997721354166314,0.335839843749995,0.05060221354166563
43.2343332805417,0.1600423177083298,0.33598632812499496,0.050618489583332295
43.35752443511696,0.16010742187499646,0.33613281249999494,0.05063476562499896
43.422795097049466,0.16017252604166313,0.3362792968749949,0.050651041666665626
43.44036933343531,0.16041666666666313,0.3365234374999949,0.05084635416666563
43.47869456211076,0.1604817708333298,0.3366699218749949,0.050862630208332295
43.52781450969905,0.16054687499999645,0.33681640624999487,0.05087890624999896
43.608708671046145,0.16061197916666312,0.33696289062499485,0.050895182291665626
43.60951772489488,0.16067708333332978,0.3371093749999948,0.05091145833333229
43.61637394838229,0.16074218749999644,0.3372558593749948,0.05092773437499896
43.68975646478745,0.1608072916666631,0.3374023437499948,0.050944010416665624
43.91980908437806,0.16087239583332977,0.33754882812499476,0.05096028645833229
43.92119017186539,0.16093749999999643,0.33769531249999474,0.050976562499998955
43.93588444993584,0.1610026041666631,0.3378417968749947,0.05099283854166562
43.94454869681516,0.16106770833332976,0.3379882812499947,0.051009114583332286
43.96443549228394,0.16113281249999642,0.33813476562499467,0.05102539062499895
44.14451655075435,0.16119791666666308,0.33828124999999465,0.05104166666666562
44.15132572939892,0.16126302083332975,0.3384277343749946,0.051057942708332284
44.20510257698152,0.1613281249999964,0.3385742187499946,0.05107421874999895
44.23011399864243,0.1615722656249964,0.3388183593749946,0.05126953124999895
44.242785984794594,0.16163736979166307,0.3389648437499946,0.05128580729166562
44.34904645949351,0.16188151041666307,0.3392089843749946,0.05148111979166562
44.40216201232998,0.16194661458332973,0.33935546874999456,0.051497395833332286
44.41222251386793,0.1620117187499964,0.33950195312499454,0.05151367187499895
44.474941317271515,0.1622558593749964,0.33974609374999454,0.051708984374998955
44.70031767956496,0.16232096354166306,0.3398925781249945,0.05172526041666562
44.70710013603316,0.16238606770832972,0.3400390624999945,0.051741536458332286
44.728993231707975,0.1624511718749964,0.34018554687499447,0.05175781249999895
44.750587316054585,0.16251627604166305,0.34033203124999445,0.05177408854166562
44.81060751832839,0.1625813802083297,0.3404785156249944,0.051790364583332284
44.8743968921063,0.16264648437499638,0.3406249999999944,0.05180664062499895
44.87532091836964,0.16289062499999638,0.3408691406249944,0.05200195312499895
44.877897934641695,0.16295572916666304,0.3410156249999944,0.05201822916666562
44.89864759014043,0.16319986979166304,0.3412597656249944,0.05221354166666562
44.96892192541424,0.1632649739583297,0.34140624999999436,0.052229817708332286
45.10653340361158,0.16333007812499636,0.34155273437499434,0.05224609374999895
45.108632165528526,0.16339518229166303,0.3416992187499943,0.05226236979166562
45.112422659021895,0.1634602864583297,0.3418457031249943,0.052278645833332284
45.19202656309952,0.16352539062499635,0.34199218749999427,0.05229492187499895
45.22071366285127,0.16359049479166302,0.34213867187499425,0.052311197916665615
45.23537881765381,0.16365559895832968,0.3422851562499942,0.05232747395833228
45.241890744854544,0.16372070312499634,0.3424316406249942,0.05234374999999895
45.24931211143588,0.163785807291663,0.3425781249999942,0.05236002604166561
45.25643510511728,0.16385091145832967,0.34272460937499416,0.05237630208333228
45.28483187149456,0.16391601562499633,0.34287109374999414,0.052392578124998944
45.305138318943975,0.16416015624999633,0.34311523437499414,0.05258789062499895
45.36763611450424,0.164225260416663,0.3432617187499941,0.05260416666666561
45.42330680445017,0.16429036458332966,0.3434082031249941,0.05262044270833228
45.56716113253893,0.16453450520832966,0.3436523437499941,0.05281575520833228
45.61072850981493,0.16459960937499632,0.34379882812499407,0.05283203124999895
45.65463196570187,0.16466471354166298,0.34394531249999405,0.05284830729166561
45.65796363543838,0.16472981770832965,0.344091796874994,0.05286458333333228
45.7065011896797,0.1647949218749963,0.344238281249994,0.052880859374998944
45.71640572472725,0.16486002604166297,0.344384765624994,0.05289713541666561
45.740956911113955,0.16492513020832963,0.34453124999999396,0.052913411458332275
45.89954130608703,0.1649902343749963,0.34467773437499394,0.05292968749999894
45.92989528357854,0.16505533854166296,0.3448242187499939,0.05294596354166561
45.93752418815279,0.16512044270832962,0.3449707031249939,0.05296223958333227
45.94952992575145,0.1651855468749963,0.34511718749999387,0.05297851562499894
46.01722904330155,0.1654296874999963,0.34536132812499387,0.05317382812499894
46.029493786889546,0.16549479166666295,0.34550781249999385,0.05319010416666561
46.20385312870622,0.16573893229166295,0.34575195312499385,0.05338541666666561
46.23793476319389,0.1658040364583296,0.3458984374999938,0.053401692708332275
46.36971547553699,0.16586914062499628,0.3460449218749938,0.05341796874999894
46.37364437200958,0.16593424479166294,0.3461914062499938,0.05343424479166561
46.43349567034669,0.1659993489583296,0.34633789062499376,0.05345052083333227
46.50396246404115,0.1662434895833296,0.34658203124999376,0.053645833333332275
46.50423262805098,0.16630859374999626,0.34672851562499374,0.05366210937499894
46.51749477992077,0.16637369791666293,0.3468749999999937,0.05367838541666561
46.5191395203101,0.16661783854166293,0.3471191406249937,0.05387369791666561
46.54418672706224,0.1666829427083296,0.3472656249999937,0.053889973958332275
46.56539309064809,0.16674804687499625,0.34741210937499367,0.05390624999999894
46.63764491975716,0.16699218749999625,0.34765624999999367,0.054101562499998944
46.665293749255426,0.16705729166666292,0.34780273437499365,0.05411783854166561
46.92134937034088,0.16730143229166292,0.34804687499999365,0.05431315104166561
46.93226327957389,0.16736653645832958,0.3481933593749936,0.05432942708333228
47.04654743802123,0.16743164062499624,0.3483398437499936,0.054345703124998944
47.079724152208506,0.16767578124999624,0.3485839843749936,0.05454101562499895
47.1541305934544,0.1677408854166629,0.3487304687499936,0.05455729166666561
47.27454957449231,0.16780598958332957,0.34887695312499356,0.05457356770833228
47.31334367395955,0.16787109374999623,0.34902343749999354,0.054589843749998944
47.35254755655334,0.1679361979166629,0.3491699218749935,0.05460611979166561
47.36861081956312,0.16800130208332956,0.3493164062499935,0.054622395833332275
47.48235739681707,0.16824544270832956,0.3495605468749935,0.05481770833333228
47.56566243633344,0.16831054687499622,0.34970703124999347,0.054833984374998944
47.61328360124239,0.16855468749999622,0.34995117187499347,0.05502929687499895
47.64064761710055,0.16861979166666288,0.35009765624999345,0.05504557291666561
47.65663009739188,0.16868489583332955,0.3502441406249934,0.05506184895833228
47.70685422376789,0.1687499999999962,0.3503906249999934,0.055078124999998944
47.74675436574326,0.16881510416666287,0.3505371093749934,0.05509440104166561
47.763352906951155,0.16888020833332953,0.35068359374999336,0.055110677083332275
47.78431887355427,0.1689453124999962,0.35083007812499334,0.05512695312499894
47.83374205885137,0.16901041666666286,0.3509765624999933,0.05514322916666561
47.84701546675961,0.16925455729166286,0.3512207031249933,0.05533854166666561
47.96416935101651,0.16949869791666286,0.3514648437499933,0.05553385416666561
47.97197541771901,0.16956380208332952,0.3516113281249933,0.05555013020833228
47.97853450766362,0.16980794270832952,0.3518554687499933,0.05574544270833228
48.08469001522502,0.17005208333332952,0.3520996093749933,0.055940755208332284
48.097641421887914,0.1701171874999962,0.35224609374999327,0.05595703124999895
48.11748899423249,0.17018229166666285,0.35239257812499325,0.055973307291665615
48.16503545032802,0.1702473958333295,0.3525390624999932,0.05598958333333228
48.203648596910725,0.1704915364583295,0.3527832031249932,0.056184895833332284
48.26112039581405,0.1707356770833295,0.3530273437499932,0.056380208333332286
48.29364341063386,0.17080078124999618,0.3531738281249932,0.05639648437499895
48.34315307954295,0.17086588541666284,0.3533203124999932,0.05641276041666562
48.356333046618445,0.1709309895833295,0.35346679687499316,0.056429036458332284
48.39223793916425,0.17099609374999616,0.35361328124999314,0.05644531249999895
48.40854824404851,0.17124023437499616,0.35385742187499314,0.05664062499999895
48.42201202659184,0.17130533854166283,0.3540039062499931,0.05665690104166562
48.43984357955027,0.1713704427083295,0.3541503906249931,0.056673177083332284
48.448631503846784,0.17143554687499615,0.35429687499999307,0.05668945312499895
48.56442018856194,0.17150065104166282,0.35444335937499305,0.056705729166665615
48.57960762072584,0.17156575520832948,0.35458984374999303,0.05672200520833228
48.80287776440147,0.17180989583332948,0.35483398437499303,0.056917317708332284
48.82233674309614,0.17187499999999614,0.354980468749993,0.05693359374999895
48.87514609788699,0.17211914062499614,0.355224609374993,0.05712890624999895
49.229360485959376,0.1721842447916628,0.355371093749993,0.05714518229166562
49.26909836518867,0.17224934895832947,0.35551757812499296,0.057161458333332284
49.290759994297616,0.17231445312499613,0.35566406249999294,0.05717773437499895
49.336192621687054,0.17255859374999613,0.35590820312499294,0.05737304687499895
49.43346107220002,0.17280273437499613,0.35615234374999294,0.057568359374998955
49.43631999741064,0.1728678385416628,0.3562988281249929,0.05758463541666562
49.483627512092085,0.17293294270832946,0.3564453124999929,0.057600911458332286
49.48369102241116,0.17299804687499612,0.3565917968749929,0.05761718749999895
49.50343072414757,0.17306315104166278,0.35673828124999285,0.05763346354166562
49.51111461530317,0.17312825520832945,0.35688476562499283,0.057649739583332284
49.62744861833537,0.17337239583332945,0.35712890624999283,0.057845052083332286
49.67664840506083,0.1734374999999961,0.3572753906249928,0.05786132812499895
49.73519963968872,0.17350260416666277,0.3574218749999928,0.05787760416666562
49.75727262339315,0.17356770833332943,0.35756835937499276,0.057893880208332284
49.78858545874708,0.1736328124999961,0.35771484374999274,0.05791015624999895
49.79605609627923,0.1738769531249961,0.35795898437499274,0.05810546874999895
49.79894237204552,0.1741210937499961,0.35820312499999274,0.058300781249998955
49.84918269283154,0.17418619791666276,0.3583496093749927,0.05831705729166562
49.853681484029885,0.17425130208332942,0.3584960937499927,0.058333333333332286
49.95440671247692,0.1743164062499961,0.3586425781249927,0.05834960937499895
49.95515229357791,0.17438151041666275,0.35878906249999265,0.05836588541666562
49.991002934287536,0.1744466145833294,0.35893554687499263,0.058382161458332284
50.03545912121068,0.17451171874999608,0.3590820312499926,0.05839843749999895
50.10980789530488,0.17475585937499608,0.3593261718749926,0.05859374999999895
50.126363560408286,0.17482096354166274,0.3594726562499926,0.05861002604166562
50.174240921785184,0.1748860677083294,0.35961914062499256,0.058626302083332284
50.272940545580866,0.17495117187499606,0.35976562499999254,0.05864257812499895
50.286710677047,0.17501627604166273,0.3599121093749925,0.058658854166665615
50.346993624753594,0.1750813802083294,0.3600585937499925,0.05867513020833228
50.43149898924857,0.17514648437499605,0.3602050781249925,0.05869140624999895
50.44045341093587,0.17521158854166272,0.36035156249999245,0.05870768229166561
50.619739994347576,0.17545572916666272,0.36059570312499245,0.058902994791665615
50.637695546797374,0.17552083333332938,0.36074218749999243,0.05891927083333228
50.68471069776827,0.17558593749999604,0.3608886718749924,0.05893554687499895
50.759142698010315,0.17583007812499604,0.3611328124999924,0.05913085937499895
50.76879814169082,0.1758951822916627,0.3612792968749924,0.059147135416665615
50.78739767256616,0.1761393229166627,0.3615234374999924,0.05934244791666562
50.789348954308856,0.17620442708332937,0.36166992187499236,0.059358723958332284
50.81043138912452,0.17626953124999603,0.36181640624999234,0.05937499999999895
50.90817746594603,0.17651367187499603,0.36206054687499234,0.05957031249999895
51.04638256956355,0.1765787760416627,0.3622070312499923,0.05958658854166562
51.052137941202965,0.17664388020832936,0.3623535156249923,0.059602864583332284
51.14408819581754,0.17688802083332936,0.3625976562499923,0.059798177083332286
51.18488326509217,0.17695312499999602,0.3627441406249923,0.05981445312499895
51.19877485317538,0.17719726562499602,0.3629882812499923,0.060009765624998955
51.23615872316713,0.17744140624999602,0.3632324218749923,0.06020507812499896
51.27705093930861,0.17750651041666268,0.36337890624999225,0.060221354166665624
51.30909768753013,0.17757161458332935,0.36352539062499223,0.06023763020833229
51.33340896522613,0.177636718749996,0.3636718749999922,0.060253906249998955
51.34725289779426,0.17770182291666267,0.3638183593749922,0.06027018229166562
51.363086536299946,0.17776692708332933,0.36396484374999216,0.060286458333332286
51.388902624121386,0.177832031249996,0.36411132812499214,0.06030273437499895
51.55383799666755,0.17789713541666266,0.3642578124999921,0.06031901041666562
51.61302345502507,0.17796223958332932,0.3644042968749921,0.060335286458332284
51.64035677788597,0.178027343749996,0.3645507812499921,0.06035156249999895
51.69433234520898,0.17809244791666265,0.36469726562499205,0.060367838541665615
51.73707642872861,0.1781575520833293,0.36484374999999203,0.06038411458333228
51.926767865050614,0.17822265624999598,0.364990234374992,0.06040039062499895
52.0141073916768,0.17828776041666264,0.365136718749992,0.06041666666666561
52.06676607750934,0.1783528645833293,0.36528320312499196,0.06043294270833228
52.07332902550487,0.1785970052083293,0.36552734374999196,0.06062825520833228
52.09005093183133,0.17866210937499596,0.36567382812499194,0.06064453124999895
52.2478606561592,0.17890624999999596,0.36591796874999194,0.06083984374999895
52.35011115411632,0.17897135416666263,0.3660644531249919,0.060856119791665615
52.36032236841733,0.1790364583333293,0.3662109374999919,0.06087239583333228
52.412800898078025,0.17910156249999595,0.3663574218749919,0.06088867187499895
52.447512200479494,0.17916666666666262,0.36650390624999185,0.06090494791666561
52.46393766845277,0.17923177083332928,0.36665039062499183,0.06092122395833228
52.49737304298134,0.17929687499999594,0.3667968749999918,0.060937499999998944
52.52062424675054,0.1793619791666626,0.3669433593749918,0.06095377604166561
52.55684317308599,0.17942708333332927,0.36708984374999176,0.060970052083332275
52.67566633817725,0.17949218749999593,0.36723632812499174,0.06098632812499894
52.71229437328394,0.1795572916666626,0.3673828124999917,0.06100260416666561
52.753289098567905,0.17962239583332926,0.3675292968749917,0.06101888020833227
52.75349808179516,0.17968749999999592,0.3676757812499917,0.06103515624999894
52.78314424651566,0.17975260416666258,0.36782226562499165,0.061051432291665604
52.83005305732002,0.17981770833332925,0.36796874999999163,0.06106770833333227
52.84231914141175,0.1798828124999959,0.3681152343749916,0.061083984374998936
52.84426621263712,0.1801269531249959,0.3683593749999916,0.06127929687499894
52.86018536367193,0.1803710937499959,0.3686035156249916,0.06147460937499894
52.950556036602485,0.18043619791666257,0.3687499999999916,0.06149088541666561
53.04644270131136,0.18068033854166257,0.3689941406249916,0.06168619791666561
53.07707725428264,0.18074544270832923,0.36914062499999156,0.061702473958332275
53.14150669392384,0.18098958333332923,0.36938476562499156,0.06189778645833228
53.1691641701976,0.1810546874999959,0.36953124999999154,0.061914062499998944
53.19604386134477,0.1812988281249959,0.36977539062499154,0.06210937499999895
53.23662435228181,0.18136393229166256,0.3699218749999915,0.06212565104166561
53.2828795281544,0.18160807291666256,0.3701660156249915,0.062320963541665615
53.313683220982554,0.18167317708332922,0.3703124999999915,0.06233723958333228
53.32344893246152,0.1817382812499959,0.3704589843749915,0.06235351562499895
53.3252273791087,0.1819824218749959,0.3707031249999915,0.06254882812499894
53.34473694786158,0.18204752604166255,0.37084960937499145,0.06256510416666561
53.400528889752465,0.1821126302083292,0.37099609374999143,0.06258138020833227
53.45596340392424,0.1823567708333292,0.37124023437499143,0.06277669270833228
53.50439028123376,0.18242187499999588,0.3713867187499914,0.06279296874999894
53.60513613502433,0.18248697916666254,0.3715332031249914,0.06280924479166561
53.65246911915533,0.1825520833333292,0.37167968749999136,0.06282552083333227
53.69571717441356,0.18261718749999586,0.37182617187499134,0.06284179687499894
53.6957616094404,0.18286132812499586,0.37207031249999134,0.06303710937499894
53.7872987550127,0.18292643229166253,0.3722167968749913,0.06305338541666561
53.81698348568419,0.1829915364583292,0.3723632812499913,0.06306966145833227
53.82639596276814,0.1832356770833292,0.3726074218749913,0.06326497395833228
53.84376371929027,0.18330078124999585,0.3727539062499913,0.06328124999999894
53.853561115641035,0.18336588541666252,0.37290039062499125,0.06329752604166561
53.95108406486627,0.18343098958332918,0.37304687499999123,0.06331380208333227
53.97353238365633,0.18349609374999584,0.3731933593749912,0.06333007812499894
54.091888590195694,0.1835611979166625,0.3733398437499912,0.0633463541666656
54.178721470212736,0.18362630208332917,0.37348632812499116,0.06336263020833227
54.186627423796864,0.18369140624999583,0.37363281249999114,0.06337890624999894
54.1879117849911,0.18393554687499583,0.37387695312499114,0.06357421874999894
54.213913270270766,0.1840006510416625,0.3740234374999911,0.0635904947916656
54.230684432836675,0.18406575520832916,0.3741699218749911,0.06360677083333227
54.38116818126703,0.18413085937499582,0.3743164062499911,0.06362304687499894
54.54461752787598,0.18437499999999582,0.3745605468749911,0.06381835937499894
54.66846350619403,0.18444010416666248,0.37470703124999105,0.0638346354166656
54.689801319332574,0.18450520833332915,0.37485351562499103,0.06385091145833227
54.72785029395772,0.18474934895832915,0.37509765624999103,0.06404622395833227
54.76915383053824,0.1848144531249958,0.375244140624991,0.06406249999999894
54.802520680229065,0.18487955729166247,0.375390624999991,0.0640787760416656
54.86004387169798,0.18512369791666247,0.375634765624991,0.06427408854166561
54.9012782586,0.18518880208332913,0.37578124999999096,0.06429036458333227
55.0843781895774,0.1852539062499958,0.37592773437499094,0.06430664062499894
55.08492358305811,0.1854980468749958,0.37617187499999094,0.06450195312499894
55.08710398592457,0.18556315104166246,0.3763183593749909,0.06451822916666561
55.10992741300579,0.18562825520832912,0.3764648437499909,0.06453450520833227
55.11057252133861,0.18587239583332912,0.3767089843749909,0.06472981770833228
55.13948986728096,0.1859374999999958,0.3768554687499909,0.06474609374999894
55.17917363919478,0.1861816406249958,0.3770996093749909,0.06494140624999895
55.1929136755416,0.18624674479166245,0.37724609374999085,0.06495768229166561
55.21887856087169,0.18649088541666245,0.37749023437499085,0.06515299479166561
55.261433885498406,0.1865559895833291,0.37763671874999083,0.06516927083333228
55.266607136193755,0.18662109374999578,0.3777832031249908,0.06518554687499895
55.28900554611863,0.18668619791666244,0.3779296874999908,0.06520182291666561
55.365601867341255,0.1867513020833291,0.37807617187499076,0.06521809895833228
55.428345659034704,0.18681640624999576,0.37822265624999074,0.06523437499999894
55.43188853926701,0.18706054687499576,0.37846679687499074,0.06542968749999895
55.48846022567652,0.18712565104166243,0.3786132812499907,0.06544596354166561
55.588771655746214,0.1871907552083291,0.3787597656249907,0.06546223958333228
55.59934573229218,0.18725585937499575,0.3789062499999907,0.06547851562499894
55.62458689534787,0.18732096354166242,0.37905273437499065,0.06549479166666561
55.655166478254074,0.18756510416666242,0.37929687499999065,0.06569010416666561
55.66051689987627,0.18763020833332908,0.37944335937499063,0.06570638020833228
55.68497835275221,0.18769531249999574,0.3795898437499906,0.06572265624999894
55.71290306899287,0.1877604166666624,0.3797363281249906,0.06573893229166561
55.74332369255546,0.1880045572916624,0.3799804687499906,0.06593424479166561
55.93378865231135,0.18806966145832907,0.38012695312499056,0.06595052083333228
56.02945773309594,0.18813476562499573,0.38027343749999054,0.06596679687499894
56.06016779261102,0.1881998697916624,0.3804199218749905,0.06598307291666561
56.06160094210168,0.18826497395832906,0.3805664062499905,0.06599934895833227
56.08595719696028,0.18850911458332906,0.3808105468749905,0.06619466145833228
56.120524287894966,0.18857421874999572,0.3809570312499905,0.06621093749999894
56.1817315284565,0.18863932291666238,0.38110351562499045,0.06622721354166561
56.20653416182317,0.18888346354166238,0.38134765624999045,0.06642252604166561
56.31315016149798,0.18912760416666238,0.38159179687499045,0.06661783854166561
56.328599860316295,0.18937174479166238,0.38183593749999045,0.06681315104166562
56.384262569921326,0.18961588541666238,0.38208007812499045,0.06700846354166562
56.40805792522819,0.18968098958332905,0.38222656249999043,0.06702473958333229
56.52361426505914,0.18992513020832905,0.38247070312499043,0.06722005208333229
56.63797330628545,0.19016927083332905,0.38271484374999043,0.06741536458333229
56.66037763962017,0.1902343749999957,0.3828613281249904,0.06743164062499896
56.72580245545812,0.19029947916666237,0.3830078124999904,0.06744791666666562
56.80467671063625,0.19036458333332903,0.38315429687499036,0.06746419270833229
56.91278270379238,0.19060872395832903,0.38339843749999036,0.06765950520833229
56.960327160098075,0.1906738281249957,0.38354492187499034,0.06767578124999896
56.96271385817825,0.19073893229166236,0.3836914062499903,0.06769205729166562
56.96617757513269,0.19080403645832902,0.3838378906249903,0.06770833333333229
57.06990922530585,0.1908691406249957,0.3839843749999903,0.06772460937499895
57.090635877751126,0.1911132812499957,0.3842285156249903,0.06791992187499896
57.12878272488997,0.19117838541666235,0.38437499999999025,0.06793619791666562
57.13340086414292,0.191243489583329,0.38452148437499023,0.06795247395833229
57.14654832928347,0.191487630208329,0.38476562499999023,0.06814778645833229
57.15822858675382,0.19155273437499568,0.3849121093749902,0.06816406249999896
57.19460851288263,0.19161783854166234,0.3850585937499902,0.06818033854166562
57.33587927161124,0.19186197916666234,0.3853027343749902,0.06837565104166562
57.40811512443506,0.191927083333329,0.38544921874999016,0.06839192708333229
57.678762636793664,0.192171223958329,0.38569335937499016,0.0685872395833323
57.68172105564581,0.19223632812499566,0.38583984374999014,0.06860351562499896
57.70834538230859,0.19230143229166233,0.3859863281249901,0.06861979166666562
57.7902260201021,0.192366536458329,0.3861328124999901,0.06863606770833229
57.80469456660182,0.192610677083329,0.3863769531249901,0.0688313802083323
57.80752581038569,0.192854817708329,0.3866210937499901,0.0690266927083323
57.90468087943604,0.19291992187499565,0.3867675781249901,0.06904296874999896
57.92153923879284,0.19316406249999565,0.3870117187499901,0.06923828124999896
57.99767950703365,0.19322916666666232,0.38715820312499005,0.06925455729166563
58.33249989690907,0.19329427083332898,0.38730468749999003,0.0692708333333323
58.39336569646781,0.19353841145832898,0.38754882812499003,0.0694661458333323
58.41174949296369,0.19360351562499564,0.38769531249999,0.06948242187499896
58.45277098457548,0.1936686197916623,0.38784179687499,0.06949869791666563
58.47403057059539,0.19373372395832897,0.38798828124998996,0.0695149739583323
58.47997375277865,0.19379882812499563,0.38813476562498994,0.06953124999999896
58.48870579542469,0.1938639322916623,0.3882812499999899,0.06954752604166563
58.49127609459049,0.19392903645832896,0.3884277343749899,0.0695638020833323
58.56062745039545,0.19399414062499562,0.3885742187499899,0.06958007812499896
58.610246014374425,0.19423828124999562,0.3888183593749899,0.06977539062499896
58.6392754541307,0.19448242187499562,0.3890624999999899,0.06997070312499896
58.640015439611176,0.19454752604166228,0.38920898437498985,0.06998697916666563
58.65055836810089,0.19461263020832895,0.38935546874998983,0.0700032552083323
58.69848390127843,0.1946777343749956,0.3895019531249898,0.07001953124999896
58.748394843723275,0.19474283854166227,0.3896484374999898,0.07003580729166563
58.89567008394718,0.19480794270832893,0.38979492187498976,0.0700520833333323
58.93264454157459,0.1948730468749956,0.38994140624998974,0.07006835937499896
58.9829874108371,0.19493815104166226,0.3900878906249897,0.07008463541666562
59.04486210822482,0.19500325520832892,0.3902343749999897,0.07010091145833229
59.068090490298495,0.1950683593749956,0.3903808593749897,0.07011718749999896
59.12878571805078,0.19513346354166225,0.39052734374998965,0.07013346354166562
59.13206150990099,0.1951985677083289,0.39067382812498963,0.07014973958333229
59.182153539619385,0.19526367187499558,0.3908203124999896,0.07016601562499895
59.20849529866889,0.19532877604166224,0.3909667968749896,0.07018229166666562
59.23186332286976,0.1953938802083289,0.39111328124998956,0.07019856770833229
59.29074385712305,0.19545898437499556,0.39125976562498954,0.07021484374999895
59.29108629359841,0.19552408854166223,0.3914062499999895,0.07023111979166562
59.330238873951295,0.19576822916666223,0.3916503906249895,0.07042643229166562
59.388986863251816,0.19601236979166223,0.3918945312499895,0.07062174479166562
59.40684590326268,0.1960774739583289,0.3920410156249895,0.07063802083333229
59.41548633469852,0.1963216145833289,0.3922851562499895,0.07083333333333229
59.528537029811226,0.19638671874999555,0.3924316406249895,0.07084960937499896
59.58354761696918,0.19663085937499555,0.3926757812499895,0.07104492187499896
59.59416768511608,0.19669596354166222,0.39282226562498945,0.07106119791666562
59.624864269892,0.19676106770832888,0.39296874999998943,0.07107747395833229
59.6556260798674,0.19682617187499554,0.3931152343749894,0.07109374999999896
59.65617042000082,0.19707031249999554,0.3933593749999894,0.07128906249999896
59.69500487230586,0.19731445312499554,0.3936035156249894,0.07148437499999896
59.75895119811109,0.1973795572916622,0.3937499999999894,0.07150065104166563
59.78605821036495,0.19744466145832887,0.39389648437498936,0.0715169270833323
59.94079701484183,0.19768880208332887,0.39414062499998936,0.0717122395833323
59.9543418269819,0.19775390624999553,0.39428710937498934,0.07172851562499896
60.128923893977,0.19799804687499553,0.39453124999998934,0.07192382812499896
60.175597636105266,0.19824218749999553,0.39477539062498934,0.07211914062499897
60.196047736292265,0.19848632812499553,0.39501953124998934,0.07231445312499897
60.2000498580439,0.1985514322916622,0.3951660156249893,0.07233072916666564
60.27378293730773,0.1987955729166622,0.3954101562499893,0.07252604166666564
60.28489628975629,0.19886067708332886,0.3955566406249893,0.0725423177083323
60.310503731440065,0.19892578124999552,0.3957031249999893,0.07255859374999897
60.33673841511124,0.19899088541666218,0.39584960937498925,0.07257486979166564
60.400649644119056,0.19905598958332885,0.39599609374998923,0.0725911458333323
60.44205618739551,0.19930013020832885,0.39624023437498923,0.0727864583333323
60.603764280123144,0.1993652343749955,0.3963867187499892,0.07280273437499897
60.62872911447205,0.1996093749999955,0.3966308593749892,0.07299804687499897
60.68363027429924,0.1998535156249955,0.3968749999999892,0.07319335937499898
60.70179527515179,0.2000976562499955,0.3971191406249892,0.07338867187499898
60.729309253335344,0.20016276041666217,0.3972656249999892,0.07340494791666564
60.866551024698,0.20022786458332884,0.39741210937498916,0.07342122395833231
60.92946544043441,0.2002929687499955,0.39755859374998914,0.07343749999999898
60.95567932150296,0.20035807291666216,0.3977050781249891,0.07345377604166564
60.97973331440333,0.20042317708332882,0.3978515624999891,0.07347005208333231
61.02971939936585,0.20066731770832882,0.3980957031249891,0.07366536458333231
61.09168132912478,0.2007324218749955,0.3982421874999891,0.07368164062499898
61.15851345337009,0.20079752604166215,0.39838867187498905,0.07369791666666564
61.20701775219547,0.2008626302083288,0.39853515624998903,0.07371419270833231
61.24366093649926,0.20092773437499548,0.398681640624989,0.07373046874999897
61.2796675739043,0.20117187499999548,0.398925781249989,0.07392578124999898
61.29151641886859,0.20123697916666214,0.399072265624989,0.07394205729166564
61.34834422294489,0.2013020833333288,0.39921874999998896,0.07395833333333231
61.369501503744466,0.20136718749999546,0.39936523437498894,0.07397460937499897
61.38069347305701,0.20143229166666213,0.3995117187499889,0.07399088541666564
61.385922768875986,0.2014973958333288,0.3996582031249889,0.0740071614583323
61.44179641500682,0.20156249999999545,0.3998046874999889,0.07402343749999897
61.44908958614235,0.20162760416666212,0.39995117187498885,0.07403971354166564
61.58612638986194,0.20169270833332878,0.40009765624998883,0.0740559895833323
61.69004975504412,0.20175781249999544,0.4002441406249888,0.07407226562499897
61.70346896384488,0.2018229166666621,0.4003906249999888,0.07408854166666563
61.75239108393281,0.2020670572916621,0.4006347656249888,0.07428385416666564
61.80700938322756,0.2023111979166621,0.4008789062499888,0.07447916666666564
61.85806449423861,0.2025553385416621,0.4011230468749888,0.07467447916666564
61.94004029122841,0.2027994791666621,0.4013671874999888,0.07486979166666564
62.010587426666376,0.20286458333332877,0.40151367187498876,0.07488606770833231
62.0496281925314,0.20292968749999543,0.40166015624998874,0.07490234374999898
62.11629345496752,0.20317382812499543,0.40190429687498874,0.07509765624999898
62.156365241951235,0.2032389322916621,0.4020507812499887,0.07511393229166564
62.20954352673658,0.2034830729166621,0.4022949218749887,0.07530924479166565
62.26854712407838,0.20354817708332876,0.4024414062499887,0.07532552083333231
62.39774108936972,0.20361328124999542,0.4025878906249887,0.07534179687499898
62.40048362370705,0.20367838541666208,0.40273437499998865,0.07535807291666564
62.44851391545904,0.20392252604166208,0.40297851562498865,0.07555338541666565
62.4873639311992,0.20398763020832875,0.40312499999998863,0.07556966145833231
62.50960548983332,0.2040527343749954,0.4032714843749886,0.07558593749999898
62.568864410411905,0.20411783854166207,0.4034179687499886,0.07560221354166564
62.98728523607868,0.20436197916666207,0.4036621093749886,0.07579752604166565
63.00691831784573,0.20442708333332874,0.40380859374998856,0.07581380208333231
63.04498405124547,0.20467122395832874,0.40405273437498856,0.07600911458333232
63.103753540362135,0.2047363281249954,0.40419921874998854,0.07602539062499898
63.13292474276776,0.20480143229166206,0.4043457031249885,0.07604166666666565
63.18885492986416,0.20486653645832872,0.4044921874999885,0.07605794270833231
63.228652722711075,0.2049316406249954,0.4046386718749885,0.07607421874999898
63.35105610371596,0.20499674479166205,0.40478515624998845,0.07609049479166564
63.47350186820378,0.2050618489583287,0.40493164062498843,0.07610677083333231
63.52891376848629,0.2053059895833287,0.40517578124998843,0.07630208333333231
63.5368855610819,0.2055501302083287,0.40541992187498843,0.07649739583333232
63.55059979752871,0.2057942708333287,0.40566406249998843,0.07669270833333232
63.55640790571307,0.20585937499999538,0.4058105468749884,0.07670898437499898
63.56852147662232,0.20592447916666204,0.4059570312499884,0.07672526041666565
63.60302175254536,0.20616861979166204,0.4062011718749884,0.07692057291666565
63.73879651581025,0.2062337239583287,0.40634765624998836,0.07693684895833232
63.79297397609415,0.20629882812499536,0.40649414062498834,0.07695312499999898
63.82069816942902,0.20636393229166203,0.4066406249999883,0.07696940104166565
63.86706665331724,0.2064290364583287,0.4067871093749883,0.07698567708333232
64.00085504716381,0.2066731770833287,0.4070312499999883,0.07718098958333232
64.07923777103674,0.20673828124999535,0.4071777343749883,0.07719726562499898
64.1216495772803,0.20680338541666202,0.40732421874998825,0.07721354166666565
64.1545610997678,0.20686848958332868,0.40747070312498823,0.07722981770833232
64.15667477823182,0.20711263020832868,0.40771484374998823,0.07742513020833232
64.18952194169896,0.20717773437499534,0.4078613281249882,0.07744140624999898
64.26464700580692,0.207242838541662,0.4080078124999882,0.07745768229166565
64.36924419302795,0.20730794270832867,0.40815429687498817,0.07747395833333232
64.53007706283424,0.20755208333332867,0.40839843749998817,0.07766927083333232
64.587486625867,0.20761718749999533,0.40854492187498814,0.07768554687499898
64.63166745560301,0.20786132812499533,0.40878906249998814,0.07788085937499899
64.6688682475879,0.20810546874999533,0.40903320312498814,0.07807617187499899
64.67033176996611,0.208170572916662,0.4091796874999881,0.07809244791666566
64.68930558384774,0.20823567708332866,0.4093261718749881,0.07810872395833232
64.7876800854287,0.20847981770832866,0.4095703124999881,0.07830403645833232
64.81924540646837,0.20872395833332866,0.4098144531249881,0.07849934895833233
64.82003890522797,0.20878906249999532,0.4099609374999881,0.07851562499999899
64.83591264732439,0.20885416666666198,0.41010742187498805,0.07853190104166566
64.84464761061726,0.20891927083332865,0.41025390624998803,0.07854817708333232
64.85142312266899,0.20916341145832865,0.41049804687498803,0.07874348958333233
64.89907839121578,0.2092285156249953,0.410644531249988,0.07875976562499899
64.90721761254126,0.20929361979166197,0.410791015624988,0.07877604166666566
64.94429168904645,0.20935872395832864,0.41093749999998797,0.07879231770833232
64.9573902388496,0.2094238281249953,0.41108398437498794,0.07880859374999899
64.97498194931968,0.20948893229166196,0.4112304687499879,0.07882486979166566
64.97703757522504,0.20955403645832862,0.4113769531249879,0.07884114583333232
65.03371802983678,0.20979817708332862,0.4116210937499879,0.07903645833333232
65.07201386672071,0.21004231770832862,0.4118652343749879,0.07923177083333233
65.17795288485111,0.21028645833332862,0.4121093749999879,0.07942708333333233
65.22585383279733,0.2103515624999953,0.4122558593749879,0.079443359374999
65.2376760713195,0.21041666666666195,0.41240234374998785,0.07945963541666566
65.25304828992385,0.21066080729166195,0.41264648437498785,0.07965494791666566
65.30393122408981,0.2107259114583286,0.41279296874998783,0.07967122395833233
65.41226290737004,0.2109700520833286,0.41303710937498783,0.07986653645833233
65.61377122753765,0.2112141927083286,0.41328124999998783,0.08006184895833234
65.64393376668824,0.21127929687499528,0.4134277343749878,0.080078124999999
65.64990749157336,0.21134440104166194,0.4135742187499878,0.08009440104166567
65.67332389584038,0.2114095052083286,0.41372070312498777,0.08011067708333233
65.67823932940617,0.21147460937499526,0.41386718749998774,0.080126953124999
65.77507605898363,0.21153971354166193,0.4140136718749877,0.08014322916666566
65.78479309073067,0.2116048177083286,0.4141601562499877,0.08015950520833233
65.80706036103267,0.2118489583333286,0.4144042968749877,0.08035481770833233
65.90132966703274,0.2120930989583286,0.4146484374999877,0.08055013020833234
65.90594617786925,0.21215820312499525,0.4147949218749877,0.080566406249999
65.92082737185108,0.21240234374999525,0.4150390624999877,0.080761718749999
66.00773967168435,0.21264648437499525,0.4152832031249877,0.080957031249999
66.03257646839205,0.21289062499999525,0.4155273437499877,0.08115234374999901
66.05302250771226,0.21295572916666192,0.41567382812498765,0.08116861979166567
66.1190553119015,0.21319986979166192,0.41591796874998765,0.08136393229166568
66.20366125041936,0.21326497395832858,0.41606445312498763,0.08138020833333234
66.2043567592952,0.21333007812499524,0.4162109374999876,0.08139648437499901
66.26837713831272,0.2133951822916619,0.4163574218749876,0.08141276041666567
66.27527432087605,0.21346028645832857,0.41650390624998757,0.08142903645833234
66.31192633347825,0.21370442708332857,0.41674804687498757,0.08162434895833234
66.38409183833105,0.21394856770832857,0.41699218749998757,0.08181966145833235
66.45798481282101,0.21401367187499523,0.41713867187498754,0.08183593749999901
66.46864469027761,0.2140787760416619,0.4172851562499875,0.08185221354166568
66.47896852763968,0.21414388020832856,0.4174316406249875,0.08186848958333234
66.5148021311801,0.21438802083332856,0.4176757812499875,0.08206380208333235
66.56491216218294,0.21445312499999522,0.4178222656249875,0.08208007812499901
66.65207126345045,0.21451822916666188,0.41796874999998745,0.08209635416666568
66.79754475869181,0.21458333333332855,0.41811523437498743,0.08211263020833234
66.84064213502532,0.21482747395832855,0.41835937499998743,0.08230794270833235
66.84778606431362,0.21507161458332855,0.41860351562498743,0.08250325520833235
66.8974946964031,0.2151367187499952,0.4187499999999874,0.08251953124999901
66.96570371033559,0.21520182291666187,0.4188964843749874,0.08253580729166568
66.98750868195516,0.21526692708332854,0.41904296874998737,0.08255208333333235
67.0602902741222,0.21551106770832854,0.41928710937498737,0.08274739583333235
67.10354577956892,0.2155761718749952,0.41943359374998734,0.08276367187499901
67.22015046214706,0.2158203124999952,0.41967773437498734,0.08295898437499902
67.44265388401472,0.2160644531249952,0.41992187499998734,0.08315429687499902
67.54253506340558,0.21612955729166186,0.4200683593749873,0.08317057291666569
67.54994448301733,0.21619466145832852,0.4202148437499873,0.08318684895833235
67.56843107957685,0.2162597656249952,0.4203613281249873,0.08320312499999902
67.57695703272441,0.21632486979166185,0.42050781249998725,0.08321940104166568
67.59214728901145,0.2163899739583285,0.42065429687498723,0.08323567708333235
67.60814758439207,0.21645507812499518,0.4208007812499872,0.08325195312499901
67.64186316723601,0.21652018229166184,0.4209472656249872,0.08326822916666568
67.66745942226686,0.2165852864583285,0.42109374999998717,0.08328450520833235
67.68337105389895,0.2168294270833285,0.42133789062498717,0.08347981770833235
67.80266518166201,0.21689453124999516,0.42148437499998714,0.08349609374999901
67.86375586106894,0.21695963541666183,0.4216308593749871,0.08351236979166568
67.90562958246457,0.2170247395833285,0.4217773437499871,0.08352864583333235
67.97726776031534,0.2172688802083285,0.4220214843749871,0.08372395833333235
67.9810863116229,0.21733398437499515,0.4221679687499871,0.08374023437499901
68.03736833959951,0.21739908854166182,0.42231445312498705,0.08375651041666568
68.0523241816069,0.21746419270832848,0.42246093749998703,0.08377278645833235
68.05727691921395,0.21752929687499514,0.422607421874987,0.08378906249999901
68.08154102449366,0.21777343749999514,0.422851562499987,0.08398437499999901
68.09410558784259,0.2178385416666618,0.422998046874987,0.08400065104166568
68.10728927533751,0.21790364583332847,0.42314453124998697,0.08401692708333235
68.10982445410836,0.21814778645832847,0.42338867187498697,0.08421223958333235
68.23079716711145,0.21839192708332847,0.42363281249998697,0.08440755208333235
68.25277126154248,0.21845703124999513,0.42377929687498694,0.08442382812499902
68.30915165709183,0.2185221354166618,0.4239257812499869,0.08444010416666568
68.41700727623476,0.21858723958332846,0.4240722656249869,0.08445638020833235
68.4226974324693,0.21865234374999512,0.4242187499999869,0.08447265624999901
68.48232112512862,0.21871744791666178,0.42436523437498685,0.08448893229166568
68.51425276711487,0.21896158854166178,0.42460937499998685,0.08468424479166568
68.52168863470372,0.21902669270832845,0.42475585937498683,0.08470052083333235
68.60169468491337,0.21927083333332845,0.42499999999998683,0.08489583333333235
68.68197329568976,0.21951497395832845,0.42524414062498683,0.08509114583333235
68.89404901957913,0.21975911458332845,0.42548828124998683,0.08528645833333236
68.97737878724828,0.2198242187499951,0.4256347656249868,0.08530273437499902
69.0071320107874,0.21988932291666177,0.4257812499999868,0.08531901041666569
69.03012907844122,0.22013346354166177,0.4260253906249868,0.08551432291666569
69.03052165292618,0.22037760416666177,0.4262695312499868,0.0857096354166657
69.06528494061104,0.22044270833332844,0.42641601562498677,0.08572591145833236
69.20893228844086,0.2205078124999951,0.42656249999998674,0.08574218749999903
69.21831843986688,0.22057291666666176,0.4267089843749867,0.08575846354166569
69.33371251085214,0.22063802083332842,0.4268554687499867,0.08577473958333236
69.39115854735606,0.2207031249999951,0.4270019531249867,0.08579101562499902
69.431750867135,0.2209472656249951,0.4272460937499867,0.08598632812499903
69.45090090889602,0.22101236979166175,0.42739257812498666,0.08600260416666569
69.46587407773625,0.22125651041666175,0.42763671874998666,0.0861979166666657
69.51575258759169,0.22150065104166175,0.42788085937498666,0.0863932291666657
69.52325136138752,0.22174479166666175,0.42812499999998666,0.0865885416666657
69.61096678892785,0.22184244791666174,0.42817382812498667,0.0867350260416657
69.63181745354372,0.22208658854166174,0.42841796874998667,0.08693033854166571
69.70268030019169,0.2221516927083284,0.42856445312498664,0.08694661458333237
69.71618356050305,0.22221679687499507,0.4287109374999866,0.08696289062499904
69.73983232265448,0.22228190104166173,0.4288574218749866,0.0869791666666657
69.81212440900651,0.22252604166666173,0.4291015624999866,0.08717447916666571
69.82547909906832,0.22277018229166173,0.4293457031249866,0.08736979166666571
69.91562397294176,0.22301432291666173,0.4295898437499866,0.08756510416666571
69.9198509472755,0.22325846354166173,0.4298339843749866,0.08776041666666572
69.9236269549279,0.2233235677083284,0.4299804687499866,0.08777669270833238
70.03476776452268,0.22338867187499506,0.43012695312498656,0.08779296874999905
70.29735449809355,0.22363281249999506,0.43037109374998656,0.08798828124999905
70.37718180074272,0.22387695312499506,0.43061523437498656,0.08818359374999905
70.44169683231257,0.22394205729166172,0.43076171874998653,0.08819986979166572
70.47262789391739,0.22400716145832839,0.4309082031249865,0.08821614583333239
70.48531258385407,0.22425130208332839,0.4311523437499865,0.08841145833333239
70.49919467629006,0.22449544270832839,0.4313964843749865,0.08860677083333239
70.50235897277764,0.22456054687499505,0.4315429687499865,0.08862304687499906
70.50543527890706,0.2246256510416617,0.43168945312498647,0.08863932291666572
70.50551308604759,0.22469075520832837,0.43183593749998644,0.08865559895833239
70.69213913120728,0.22475585937499504,0.4319824218749864,0.08867187499999905
70.71460212099404,0.2248209635416617,0.4321289062499864,0.08868815104166572
70.77455129500291,0.22488606770832836,0.4322753906249864,0.08870442708333239
70.97110736847068,0.22495117187499503,0.43242187499998636,0.08872070312499905
71.13533253100454,0.2250162760416617,0.43256835937498633,0.08873697916666572
71.13683078879242,0.2252604166666617,0.43281249999998633,0.08893229166666572
71.18764131224637,0.22532552083332835,0.4329589843749863,0.08894856770833239
71.25702233058304,0.22556966145832835,0.4332031249999863,0.08914388020833239
71.26439100379359,0.22563476562499502,0.4333496093749863,0.08916015624999905
71.32948723072377,0.22587890624999502,0.4335937499999863,0.08935546874999906
71.34158040858428,0.22612304687499502,0.4338378906249863,0.08955078124999906
71.44396847212046,0.22618815104166168,0.43398437499998627,0.08956705729166572
71.45362541103576,0.22643229166666168,0.43422851562498627,0.08976236979166573
71.45778182517246,0.22652994791666167,0.4342773437499863,0.08990885416666573
71.57310788834786,0.22659505208332834,0.43442382812498626,0.0899251302083324
71.58287474691338,0.226660156249995,0.43457031249998623,0.08994140624999906
71.58878265443184,0.226904296874995,0.43481445312498623,0.09013671874999907
71.65565892096231,0.22696940104166166,0.4349609374999862,0.09015299479166573
71.69326763417436,0.22721354166666166,0.4352050781249862,0.09034830729166574
71.71281041633898,0.22745768229166166,0.4354492187499862,0.09054361979166574
71.81156908032372,0.22752278645832832,0.4355957031249862,0.0905598958333324
71.944675310861,0.22776692708332832,0.4358398437499862,0.09075520833333241
72.01016310938425,0.22801106770832832,0.4360839843749862,0.09095052083333241
72.05079750305866,0.228076171874995,0.43623046874998617,0.09096679687499908
72.06689918488814,0.228320312499995,0.43647460937498617,0.09116210937499908
72.09649647029053,0.22838541666666165,0.43662109374998614,0.09117838541666574
72.10158177160967,0.2284505208333283,0.4367675781249861,0.09119466145833241
72.11517472274714,0.22851562499999498,0.4369140624999861,0.09121093749999908
72.28357695701868,0.22875976562499498,0.4371582031249861,0.09140624999999908
72.33963769890084,0.22882486979166164,0.4373046874999861,0.09142252604166574
72.34651333956683,0.2288899739583283,0.43745117187498606,0.09143880208333241
72.38208079324093,0.22895507812499497,0.43759765624998603,0.09145507812499908
72.4862075083939,0.22919921874999497,0.43784179687498603,0.09165039062499908
72.49776005466704,0.22926432291666163,0.437988281249986,0.09166666666666574
72.52073935369948,0.22950846354166163,0.438232421874986,0.09186197916666575
72.59274947336043,0.2295735677083283,0.438378906249986,0.09187825520833241
72.61040657280891,0.2298177083333283,0.438623046874986,0.09207356770833242
72.66725184224794,0.22988281249999495,0.43876953124998597,0.09208984374999908
72.67037789852422,0.22994791666666162,0.43891601562498594,0.09210611979166575
72.7481367752745,0.23019205729166162,0.43916015624998594,0.09230143229166575
72.88315489531712,0.23043619791666162,0.43940429687498594,0.09249674479166575
72.88661839866779,0.23050130208332828,0.4395507812499859,0.09251302083333242
73.04863573113884,0.23056640624999494,0.4396972656249859,0.09252929687499908
73.05905886054111,0.23081054687499494,0.4399414062499859,0.09272460937499909
73.09529420873635,0.23105468749999494,0.4401855468749859,0.09291992187499909
73.11953942729461,0.2311197916666616,0.4403320312499859,0.09293619791666576
73.1220844551327,0.2313639322916616,0.4405761718749859,0.09313151041666576
73.22477144890917,0.23142903645832827,0.44072265624998586,0.09314778645833242
73.26190930052543,0.23149414062499493,0.44086914062498583,0.09316406249999909
73.33296430447491,0.2315592447916616,0.4410156249999858,0.09318033854166576
73.43104907854644,0.23162434895832826,0.4411621093749858,0.09319661458333242
73.43524773192763,0.23168945312499492,0.44130859374998577,0.09321289062499909
73.49253934869954,0.23193359374999492,0.44155273437498577,0.09340820312499909
73.5152480946352,0.23199869791666158,0.44169921874998574,0.09342447916666576
73.54107794319235,0.23224283854166158,0.44194335937498574,0.09361979166666576
73.57682361230844,0.23230794270832825,0.4420898437499857,0.09363606770833242
73.60302344359928,0.2323730468749949,0.4422363281249857,0.09365234374999909
73.6568336064769,0.23243815104166157,0.4423828124999857,0.09366861979166576
73.66811932943298,0.23268229166666157,0.4426269531249857,0.09386393229166576
73.68413076382521,0.23274739583332824,0.44277343749998566,0.09388020833333242
73.90297010050357,0.2328124999999949,0.44291992187498563,0.09389648437499909
73.92607730411514,0.2330566406249949,0.44316406249998563,0.09409179687499909
74.02734954183225,0.23312174479166156,0.4433105468749856,0.09410807291666576
74.03271813865804,0.23336588541666156,0.4435546874999856,0.09430338541666576
74.03518974855405,0.23343098958332822,0.4437011718749856,0.09431966145833243
74.04580287478151,0.2334960937499949,0.44384765624998557,0.09433593749999909
74.08460855606826,0.2337402343749949,0.44409179687498557,0.0945312499999991
74.11124399970446,0.23383789062499488,0.4441406249999856,0.0946777343749991
74.12748451911744,0.23408203124999488,0.4443847656249856,0.0948730468749991
74.19181791966398,0.23432617187499488,0.4446289062499856,0.0950683593749991
74.28148212200054,0.23457031249999488,0.4448730468749856,0.09526367187499911
74.45668598897342,0.23463541666666154,0.44501953124998556,0.09527994791666577
74.54734762136738,0.23487955729166154,0.44526367187498556,0.09547526041666578
74.69639168351345,0.2349446614583282,0.44541015624998553,0.09549153645833244
74.74791062975844,0.23500976562499487,0.4455566406249855,0.09550781249999911
74.7618757743468,0.23525390624999487,0.4458007812499855,0.09570312499999911
74.83661903518951,0.23531901041666153,0.4459472656249855,0.09571940104166578
74.8664997019228,0.2353841145833282,0.44609374999998547,0.09573567708333244
74.8847212472868,0.2356282552083282,0.44633789062498547,0.09593098958333245
74.99254932944191,0.23569335937499486,0.44648437499998544,0.09594726562499911
74.99797820399493,0.23593749999999486,0.44672851562498544,0.09614257812499911
75.03338991349173,0.23618164062499486,0.44697265624998544,0.09633789062499912
75.03786100474002,0.23624674479166152,0.4471191406249854,0.09635416666666578
75.07789242726906,0.23649088541666152,0.4473632812499854,0.09654947916666579
75.08303491772239,0.23673502604166152,0.4476074218749854,0.09674479166666579
75.1820035290281,0.23680013020832819,0.4477539062499854,0.09676106770833245
75.34152253136638,0.23704427083332819,0.4479980468749854,0.09695638020833246
75.43254842281553,0.23710937499999485,0.4481445312499854,0.09697265624999912
75.44331075159022,0.2371744791666615,0.44829101562498536,0.09698893229166579
75.46439260554727,0.23723958333332817,0.44843749999998533,0.09700520833333245
75.4706062082385,0.23748372395832817,0.44868164062498533,0.09720052083333246
75.49287106693934,0.23754882812499484,0.4488281249999853,0.09721679687499912
75.56195581612337,0.23779296874999484,0.4490722656249853,0.09741210937499913
75.63605671687674,0.2378580729166615,0.4492187499999853,0.09742838541666579
75.68137271281537,0.23792317708332816,0.44936523437498527,0.09744466145833246
75.7241945363867,0.23798828124999483,0.44951171874998525,0.09746093749999912
75.81111652507025,0.2380533854166615,0.4496582031249852,0.09747721354166579
76.01459796118121,0.23811848958332815,0.4498046874999852,0.09749348958333245
76.02989437327962,0.23836263020832815,0.4500488281249852,0.09768880208333246
76.03015666902972,0.23860677083332815,0.4502929687499852,0.09788411458333246
76.04448956109772,0.23885091145832815,0.4505371093749852,0.09807942708333246
76.06754808278767,0.23891601562499482,0.4506835937499852,0.09809570312499913
76.099491947118,0.23898111979166148,0.45083007812498516,0.0981119791666658
76.1346009931411,0.23922526041666148,0.45107421874998516,0.0983072916666658
76.1886654201869,0.23946940104166148,0.45131835937498516,0.0985026041666658
76.2443026703818,0.23971354166666148,0.45156249999998516,0.0986979166666658
76.31738973750562,0.23995768229166148,0.45180664062498516,0.0988932291666658
76.39023285979309,0.24002278645832814,0.45195312499998513,0.09890950520833247
76.43784999206072,0.2400878906249948,0.4520996093749851,0.09892578124999914
76.45062716629188,0.24015299479166147,0.4522460937499851,0.0989420572916658
76.46077775905083,0.24039713541666147,0.4524902343749851,0.0991373697916658
76.46305734616162,0.24064127604166147,0.4527343749999851,0.09933268229166581
76.47216402424763,0.24070638020832813,0.45288085937498507,0.09934895833333247
76.48575006959213,0.2407714843749948,0.45302734374998505,0.09936523437499914
76.59338265776833,0.24083658854166146,0.453173828124985,0.0993815104166658
76.62279343477039,0.24108072916666146,0.453417968749985,0.09957682291666581
76.66178086456485,0.24114583333332812,0.453564453124985,0.09959309895833247
76.67913993364012,0.24121093749999478,0.453710937499985,0.09960937499999914
76.75326325826582,0.24127604166666144,0.45385742187498496,0.0996256510416658
76.80402424841179,0.2413411458333281,0.45400390624998493,0.09964192708333247
76.83012996400946,0.24140624999999477,0.4541503906249849,0.09965820312499914
76.90806359095615,0.24165039062499477,0.4543945312499849,0.09985351562499914
76.91100936023783,0.24171549479166143,0.4545410156249849,0.0998697916666658
76.96336071351229,0.2417805989583281,0.45468749999998487,0.09988606770833247
76.99686377548531,0.2420247395833281,0.45493164062498487,0.10008138020833247
77.05312786144617,0.24208984374999476,0.45507812499998485,0.10009765624999914
77.09030488589042,0.24215494791666142,0.4552246093749848,0.1001139322916658
77.20257466874644,0.24239908854166142,0.4554687499999848,0.10030924479166581
77.21218317338204,0.24246419270832809,0.4556152343749848,0.10032552083333247
77.232312626271,0.24270833333332809,0.4558593749999848,0.10052083333333248
77.31581767732695,0.24277343749999475,0.4560058593749848,0.10053710937499914
77.41420826398152,0.2428385416666614,0.45615234374998476,0.10055338541666581
77.44951220390391,0.2430826822916614,0.45639648437498476,0.10074869791666581
77.48700366939585,0.24314778645832807,0.45654296874998473,0.10076497395833248
77.61384658691212,0.24321289062499474,0.4566894531249847,0.10078124999999914
77.63755703271471,0.24345703124999474,0.4569335937499847,0.10097656249999915
77.71476781720125,0.24370117187499474,0.4571777343749847,0.10117187499999915
77.7478793788737,0.2437662760416614,0.4573242187499847,0.10118815104166581
77.81006182899775,0.24383138020832806,0.45747070312498467,0.10120442708333248
77.8134267081177,0.24389648437499473,0.45761718749998465,0.10122070312499915
77.84334676008885,0.2439615885416614,0.4577636718749846,0.10123697916666581
77.87468694389095,0.2442057291666614,0.4580078124999846,0.10143229166666581
77.89027685144089,0.2444498697916614,0.4582519531249846,0.10162760416666582
77.90858985654992,0.2446940104166614,0.4584960937499846,0.10182291666666582
77.97944796134325,0.2449381510416614,0.4587402343749846,0.10201822916666582
77.99214655688961,0.24500325520832805,0.4588867187499846,0.10203450520833249
77.99757587229595,0.24524739583332805,0.4591308593749846,0.10222981770833249
78.11379384656722,0.24549153645832805,0.4593749999999846,0.1024251302083325
78.12105092432617,0.24555664062499472,0.4595214843749846,0.10244140624999916
78.17039182212223,0.24580078124999472,0.4597656249999846,0.10263671874999916
78.19903656238627,0.24586588541666138,0.45991210937498456,0.10265299479166583
78.35941810482669,0.24611002604166138,0.46015624999998456,0.10284830729166583
78.39285325979,0.24635416666666138,0.46040039062498456,0.10304361979166583
78.74557308714117,0.24659830729166138,0.46064453124998456,0.10323893229166584
78.81714546668893,0.24666341145832804,0.46079101562498453,0.1032552083333325
78.95375136285047,0.24690755208332804,0.46103515624998453,0.1034505208333325
78.97314916001346,0.2469726562499947,0.4611816406249845,0.10346679687499917
79.04340173434997,0.2472167968749947,0.4614257812499845,0.10366210937499917
79.10519305698475,0.24728190104166137,0.4615722656249845,0.10367838541666584
79.12020575480928,0.24734700520832803,0.46171874999998447,0.1036946614583325
79.1283093944345,0.24759114583332803,0.46196289062498447,0.10388997395833251
79.19611618003475,0.2476562499999947,0.46210937499998445,0.10390624999999917
79.1963952972977,0.2479003906249947,0.46235351562498445,0.10410156249999918
79.2041488285764,0.2481445312499947,0.46259765624998445,0.10429687499999918
79.22125278252066,0.24820963541666136,0.4627441406249844,0.10431315104166584
79.27756424292659,0.24827473958332802,0.4628906249999844,0.10432942708333251
79.45067401505307,0.24833984374999468,0.4630371093749844,0.10434570312499918
79.62795898837695,0.24858398437499468,0.4632812499999844,0.10454101562499918
79.69609415934812,0.24882812499999468,0.4635253906249844,0.10473632812499918
79.74262780267826,0.24889322916666134,0.46367187499998436,0.10475260416666585
79.77969762349774,0.24913736979166134,0.46391601562498436,0.10494791666666585
79.83031770810236,0.24938151041666134,0.46416015624998436,0.10514322916666585
79.83417998030427,0.24962565104166134,0.46440429687498436,0.10533854166666586
79.86538840910436,0.249690755208328,0.46455078124998433,0.10535481770833252
80.03249952684766,0.24975585937499467,0.4646972656249843,0.10537109374999919
80.07915969357734,0.24982096354166133,0.4648437499999843,0.10538736979166585
80.11125713021485,0.25006510416666133,0.4650878906249843,0.10558268229166586
80.11709299798015,0.25030924479166133,0.4653320312499843,0.10577799479166586
80.12672487101109,0.250374348958328,0.46547851562498427,0.10579427083333252
80.17431691061755,0.250618489583328,0.46572265624998427,0.10598958333333253
80.20535179337536,0.25068359374999466,0.46586914062498425,0.10600585937499919
80.27436297392588,0.25092773437499466,0.46611328124998425,0.1062011718749992
80.38261758354538,0.2509928385416613,0.4662597656249842,0.10621744791666586
80.43560089348131,0.251057942708328,0.4664062499999842,0.10623372395833253
80.43726287384247,0.251302083333328,0.4666503906249842,0.10642903645833253
80.56135558782617,0.251546223958328,0.4668945312499842,0.10662434895833253
80.68248003146805,0.25161132812499465,0.4670410156249842,0.1066406249999992
80.69284607623679,0.2516764322916613,0.46718749999998416,0.10665690104166586
80.72716726417202,0.251741536458328,0.46733398437498413,0.10667317708333253
80.7285877953434,0.25180664062499464,0.4674804687499841,0.1066894531249992
80.79125399188229,0.2518717447916613,0.4676269531249841,0.10670572916666586
80.81610245157952,0.25193684895832796,0.46777343749998407,0.10672200520833253
80.8511332615719,0.2520019531249946,0.46791992187498405,0.10673828124999919
80.87135698090866,0.2522460937499946,0.46816406249998405,0.1069335937499992
80.87619447830619,0.2523111979166613,0.468310546874984,0.10694986979166586
80.97477178335124,0.2525553385416613,0.468554687499984,0.10714518229166586
80.99974775666486,0.25262044270832795,0.468701171874984,0.10716145833333253
81.0367004900186,0.25286458333332795,0.468945312499984,0.10735677083333253
81.14502633008226,0.2529296874999946,0.469091796874984,0.1073730468749992
81.14554943639696,0.2531738281249946,0.469335937499984,0.1075683593749992
81.15382975859146,0.2534179687499946,0.469580078124984,0.1077636718749992
81.18263363812348,0.2536621093749946,0.469824218749984,0.1079589843749992
81.21459283637618,0.2537272135416613,0.46997070312498396,0.10797526041666587
81.26379584450913,0.25379231770832794,0.47011718749998394,0.10799153645833254
81.28623331045017,0.25403645833332794,0.47036132812498394,0.10818684895833254
81.3607159120199,0.2541015624999946,0.4705078124999839,0.1082031249999992
81.39645141668333,0.2543457031249946,0.4707519531249839,0.10839843749999921
81.39701536845706,0.25441080729166127,0.4708984374999839,0.10841471354166587
81.48169317394525,0.25465494791666127,0.4711425781249839,0.10861002604166588
81.59911230490269,0.25472005208332793,0.47128906249998387,0.10862630208333254
81.6039852426579,0.2547851562499946,0.47143554687498385,0.10864257812499921
81.61399021449813,0.25485026041666126,0.4715820312499838,0.10865885416666587
81.86935548336828,0.2549153645833279,0.4717285156249838,0.10867513020833254
81.91126999217094,0.2549804687499946,0.4718749999999838,0.1086914062499992
81.91333775514505,0.25504557291666125,0.47202148437498376,0.10870768229166587
81.9247668328107,0.25528971354166125,0.47226562499998376,0.10890299479166587
81.98474743237837,0.2553548177083279,0.47241210937498374,0.10891927083333254
81.98633837844469,0.25541992187499457,0.4725585937499837,0.1089355468749992
82.1089934635293,0.25566406249999457,0.4728027343749837,0.10913085937499921
82.19989207404659,0.25590820312499457,0.4730468749999837,0.10932617187499921
82.22824976044765,0.25615234374999457,0.4732910156249837,0.10952148437499921
82.26148231808033,0.25639648437499457,0.4735351562499837,0.10971679687499922
82.30656763190234,0.25664062499999457,0.4737792968749837,0.10991210937499922
82.3507493617689,0.25688476562499457,0.4740234374999837,0.11010742187499922
82.39773566958215,0.25694986979166123,0.4741699218749837,0.11012369791666589
82.45124244186479,0.25719401041666123,0.4744140624999837,0.11031901041666589
82.46727090795132,0.2572591145833279,0.47456054687498367,0.11033528645833256
82.5456416850661,0.25732421874999456,0.47470703124998365,0.11035156249999922
82.61863081430751,0.25756835937499456,0.47495117187498365,0.11054687499999923
82.66249006590867,0.25781249999999456,0.47519531249998365,0.11074218749999923
82.73725473935517,0.25805664062499456,0.47543945312498365,0.11093749999999923
82.80218175422362,0.25830078124999456,0.47568359374998365,0.11113281249999923
82.81186587734088,0.25854492187499456,0.47592773437498365,0.11132812499999924
82.81602401056598,0.25878906249999456,0.47617187499998365,0.11152343749999924
82.88289271965276,0.2588541666666612,0.4763183593749836,0.1115397135416659
82.88400936258643,0.2589192708333279,0.4764648437499836,0.11155598958333257
82.92436160393105,0.2591634114583279,0.4767089843749836,0.11175130208333257
82.94915891642431,0.2594075520833279,0.4769531249999836,0.11194661458333258
82.99107327391789,0.25947265624999455,0.4770996093749836,0.11196289062499924
83.10399231239107,0.2595377604166612,0.47724609374998356,0.11197916666666591
83.11696707734086,0.2597819010416612,0.47749023437498356,0.11217447916666591
83.12981382519517,0.2600260416666612,0.47773437499998356,0.11236979166666591
83.24957658707868,0.2602701822916612,0.47797851562498356,0.11256510416666592
83.35332330207615,0.2603352864583279,0.47812499999998354,0.11258138020833258
83.38005409028014,0.2605794270833279,0.47836914062498354,0.11277669270833258
83.40836066120127,0.2608235677083279,0.47861328124998354,0.11297200520833259
83.45041320513256,0.26088867187499454,0.4787597656249835,0.11298828124999925
83.59066555679148,0.2609537760416612,0.4789062499999835,0.11300455729166592
83.88174405565618,0.26101888020832786,0.47905273437498347,0.11302083333333258
83.88945727303019,0.2610839843749945,0.47919921874998345,0.11303710937499925
83.91361506667826,0.2613281249999945,0.47944335937498345,0.11323242187499925
84.03189883181325,0.2615722656249945,0.47968749999998345,0.11342773437499926
84.13641728025446,0.2616373697916612,0.4798339843749834,0.11344401041666592
84.15422594237876,0.2618815104166612,0.4800781249999834,0.11363932291666592
84.35466690291842,0.2621256510416612,0.4803222656249834,0.11383463541666593
84.3571074188837,0.2623697916666612,0.4805664062499834,0.11402994791666593
84.36011025709591,0.26243489583332785,0.4807128906249834,0.1140462239583326
84.40977950384571,0.26267903645832785,0.4809570312499834,0.1142415364583326
84.44536846291778,0.26292317708332785,0.4812011718749834,0.1144368489583326
84.46206576653277,0.26316731770832785,0.4814453124999834,0.1146321614583326
84.53067908105896,0.2632324218749945,0.4815917968749834,0.11464843749999927
84.67034719064533,0.2632975260416612,0.48173828124998336,0.11466471354166594
84.7061953962934,0.26336263020832784,0.48188476562498334,0.1146809895833326
84.73684200109733,0.26360677083332784,0.48212890624998334,0.1148763020833326
84.79693569157361,0.2636718749999945,0.4822753906249833,0.11489257812499927
84.79824290894292,0.2639160156249945,0.4825195312499833,0.11508789062499927
84.8555281771016,0.26398111979166117,0.4826660156249833,0.11510416666666594
84.85743953844832,0.26404622395832783,0.48281249999998327,0.1151204427083326
84.95190538763994,0.26429036458332783,0.48305664062498327,0.11531575520833261
84.98359570689115,0.2643554687499945,0.48320312499998325,0.11533203124999927
85.02484421936968,0.2645996093749945,0.48344726562498325,0.11552734374999928
85.03722067036344,0.2646972656249945,0.48349609374998326,0.11567382812499928
85.16672540954347,0.2649414062499945,0.48374023437498326,0.11586914062499928
85.2177735703297,0.2651855468749945,0.48398437499998326,0.11606445312499929
85.33154541203595,0.2652506510416612,0.48413085937498324,0.11608072916666595
85.342140144114,0.2654947916666612,0.48437499999998324,0.11627604166666596
85.3989433862323,0.2657389322916612,0.48461914062498324,0.11647135416666596
85.42356142627357,0.2659830729166612,0.48486328124998324,0.11666666666666596
85.42756920068659,0.26604817708332784,0.4850097656249832,0.11668294270833263
85.44348757054571,0.2661132812499945,0.4851562499999832,0.11669921874999929
85.48390815414949,0.26617838541666117,0.48530273437498317,0.11671549479166596
85.52241154686334,0.26624348958332783,0.48544921874998315,0.11673177083333262
85.5238997619077,0.26648763020832783,0.48569335937498315,0.11692708333333263
85.53984979847648,0.26673177083332783,0.48593749999998315,0.11712239583333263
85.54696312182148,0.2667968749999945,0.4860839843749831,0.1171386718749993
85.57102241268805,0.26686197916666116,0.4862304687499831,0.11715494791666596
85.59026416592232,0.26710611979166116,0.4864746093749831,0.11735026041666596
85.65071420664839,0.2671712239583278,0.4866210937499831,0.11736653645833263
85.69132568878521,0.2672363281249945,0.48676757812498306,0.1173828124999993
86.02720866923602,0.2674804687499945,0.48701171874998306,0.1175781249999993
86.11660613705129,0.26754557291666115,0.48715820312498304,0.11759440104166596
86.14727862738022,0.2676106770833278,0.487304687499983,0.11761067708333263
86.17862178341788,0.26767578124999447,0.487451171874983,0.1176269531249993
86.27991611167006,0.26791992187499447,0.487695312499983,0.1178222656249993
86.2836915406375,0.26816406249999447,0.487939453124983,0.1180175781249993
86.28697069596508,0.26840820312499447,0.488183593749983,0.1182128906249993
86.29716687334486,0.26865234374999447,0.488427734374983,0.1184082031249993
86.32626799590454,0.26871744791666113,0.48857421874998297,0.11842447916666597
86.33919560408519,0.2687825520833278,0.48872070312498295,0.11844075520833264
86.35082005110992,0.2690266927083278,0.48896484374998295,0.11863606770833264
86.3835899257868,0.26909179687499446,0.4891113281249829,0.1186523437499993
86.40175256394032,0.2691894531249945,0.48916015624998294,0.11879882812499931
86.61065042543312,0.26925455729166115,0.4893066406249829,0.11881510416666598
86.64109411426973,0.26949869791666115,0.4895507812499829,0.11901041666666598
86.75999317446647,0.26974283854166115,0.4897949218749829,0.11920572916666598
86.76332088344905,0.26998697916666115,0.4900390624999829,0.11940104166666599
86.78622706341824,0.27023111979166115,0.4902832031249829,0.11959635416666599
86.89144626939854,0.27047526041666115,0.4905273437499829,0.11979166666666599
86.97616256452852,0.2705403645833278,0.4906738281249829,0.11980794270833266
86.98954993398362,0.2707845052083278,0.4909179687499829,0.12000325520833266
87.03201666377576,0.27084960937499447,0.49106445312498287,0.12001953124999933
87.04296578567025,0.27091471354166113,0.49121093749998285,0.12003580729166599
87.06033292439277,0.27101236979166116,0.49125976562498286,0.120182291666666
87.06148114618169,0.2710774739583278,0.49140624999998284,0.12019856770833266
87.0884488659107,0.2713216145833278,0.49165039062498284,0.12039388020833267
87.08945519523363,0.2713867187499945,0.4917968749999828,0.12041015624999933
87.10094430628529,0.2716308593749945,0.4920410156249828,0.12060546874999933
87.17368588608385,0.27169596354166115,0.4921874999999828,0.120621744791666
87.19642711528263,0.27179361979166117,0.4922363281249828,0.120768229166666
87.22579344524812,0.27185872395832783,0.4923828124999828,0.12078450520833267
87.47369814047379,0.27210286458332783,0.4926269531249828,0.12097981770833267
87.50250589153272,0.2721679687499945,0.49277343749998276,0.12099609374999934
87.59953726799819,0.27223307291666116,0.49291992187498274,0.121012369791666
87.65394049340851,0.2722981770833278,0.4930664062499827,0.12102864583333267
87.65553111043114,0.27239583333332784,0.4931152343749827,0.12117513020833268
87.82452577306748,0.27263997395832784,0.4933593749999827,0.12137044270833268
87.91643399734551,0.2727050781249945,0.4935058593749827,0.12138671874999934
87.97005696390755,0.27277018229166117,0.4936523437499827,0.12140299479166601
88.01428830265418,0.27283528645832783,0.49379882812498266,0.12141927083333268
88.07033728242259,0.27307942708332783,0.49404296874998266,0.12161458333333268
88.14091652011855,0.27332356770832783,0.49428710937498266,0.12180989583333268
88.1638795538004,0.27356770833332783,0.49453124999998266,0.12200520833333268
88.21942101767212,0.27381184895832783,0.49477539062498266,0.12220052083333269
88.26399379966912,0.2738769531249945,0.49492187499998264,0.12221679687499935
88.31742207669306,0.2741210937499945,0.49516601562498264,0.12241210937499936
88.33557945994183,0.2743652343749945,0.49541015624998264,0.12260742187499936
88.39822131894284,0.27443033854166116,0.4955566406249826,0.12262369791666602
88.4184217952743,0.27467447916666116,0.4958007812499826,0.12281901041666603
88.4755841443438,0.2747395833333278,0.4959472656249826,0.1228352864583327
88.53114172456006,0.2748046874999945,0.49609374999998257,0.12285156249999936
88.5825708675071,0.27486979166666115,0.49624023437498255,0.12286783854166602
88.61010611791909,0.27511393229166115,0.49648437499998255,0.12306315104166603
88.64826392111884,0.27535807291666115,0.49672851562498255,0.12325846354166603
88.70010353697818,0.2754231770833278,0.4968749999999825,0.1232747395833327
88.75575671002562,0.2756673177083278,0.4971191406249825,0.1234700520833327
88.77304056104012,0.27573242187499447,0.4972656249999825,0.12348632812499936
88.77481142222109,0.27597656249999447,0.4975097656249825,0.12368164062499937
88.87223432002621,0.27622070312499447,0.4977539062499825,0.12387695312499937
88.90743273918959,0.27646484374999447,0.4979980468749825,0.12407226562499937
88.98112178827283,0.27670898437499447,0.4982421874999825,0.12426757812499938
89.0151113916732,0.27695312499999447,0.4984863281249825,0.12446289062499938
89.02511409478461,0.27719726562499447,0.4987304687499825,0.12465820312499938
89.06986880010015,0.27726236979166113,0.4988769531249825,0.12467447916666605
89.08299014930884,0.27750651041666113,0.4991210937499825,0.12486979166666605
89.11574676044957,0.27775065104166113,0.4993652343749825,0.12506510416666605
89.16109695480549,0.27799479166666113,0.4996093749999825,0.12526041666666604
89.45049313852614,0.27809244791666116,0.4996582031249825,0.12540690104166605
89.54687165765338,0.27833658854166116,0.4999023437499825,0.12560221354166604
89.58106482885566,0.2784016927083278,0.5000488281249825,0.12561848958333272
89.86794559981924,0.27849934895832784,0.5000976562499825,0.12576497395833272
89.9146112294817,0.27874348958332784,0.5003417968749825,0.1259602864583327
89.93099664261287,0.27898763020832784,0.5005859374999825,0.1261555989583327
89.96016734140358,0.2790527343749945,0.5007324218749825,0.12617187499999938
89.97669154525832,0.27911783854166117,0.5008789062499824,0.12618815104166606
90.15606099351167,0.27918294270832783,0.5010253906249824,0.12620442708333274
90.18263175333024,0.27942708333332783,0.5012695312499824,0.12639973958333273
90.1851651410639,0.27967122395832783,0.5015136718749824,0.12659505208333272
90.2003341712459,0.2797363281249945,0.5016601562499824,0.1266113281249994
90.2125800915366,0.27980143229166116,0.5018066406249824,0.12662760416666607
90.27569011719892,0.2798990885416612,0.5018554687499823,0.12677408854166608
90.29297853723882,0.2801432291666612,0.5020996093749823,0.12696940104166607
90.33055929744448,0.28020833333332784,0.5022460937499823,0.12698567708333275
90.46241303303364,0.2802734374999945,0.5023925781249823,0.12700195312499943
90.47729412789658,0.28033854166666117,0.5025390624999823,0.1270182291666661
90.48086770880649,0.28058268229166117,0.5027832031249823,0.1272135416666661
90.57161114183018,0.28064778645832783,0.5029296874999822,0.12722981770833278
90.68330388448848,0.28089192708332783,0.5031738281249822,0.12742513020833277
90.68335417076732,0.28113606770832783,0.5034179687499822,0.12762044270833275
90.7331898359898,0.28138020833332783,0.5036621093749822,0.12781575520833274
90.7593671037277,0.2814453124999945,0.5038085937499822,0.12783203124999942
90.8202732816041,0.2816894531249945,0.5040527343749822,0.1280273437499994
90.9135761651472,0.2819335937499945,0.5042968749999822,0.1282226562499994
90.92527531918164,0.2820312499999945,0.5043457031249822,0.1283691406249994
90.96755804553288,0.2820963541666612,0.5044921874999821,0.12838541666666609
90.99455739922853,0.2823404947916612,0.5047363281249821,0.12858072916666607
91.01420926017218,0.2825846354166612,0.5049804687499821,0.12877604166666606
91.122693986421,0.2828287760416612,0.5052246093749821,0.12897135416666605
91.131632783171,0.28289388020832784,0.5053710937499821,0.12898763020833273
91.13918119555008,0.28313802083332784,0.5056152343749821,0.12918294270833272
91.17602526300033,0.28338216145832784,0.5058593749999821,0.1293782552083327
91.23493581578124,0.2834472656249945,0.5060058593749821,0.1293945312499994
91.27700776396726,0.2836914062499945,0.5062499999999821,0.12958984374999938
91.27788044521674,0.2839355468749945,0.5064941406249821,0.12978515624999937
91.28115109564943,0.2841796874999945,0.5067382812499821,0.12998046874999936
91.29833123169168,0.28424479166666117,0.5068847656249821,0.12999674479166604
91.33384480067777,0.28448893229166117,0.5071289062499821,0.13019205729166602
91.34880159071706,0.28473307291666117,0.5073730468749821,0.130387369791666
91.43978976772271,0.28479817708332783,0.5075195312499821,0.1304036458333327
91.5152569221908,0.28504231770832783,0.5077636718749821,0.13059895833333268
91.53411413313648,0.2851074218749945,0.507910156249982,0.13061523437499936
91.5517679678303,0.28517252604166116,0.508056640624982,0.13063151041666604
91.60537538501292,0.2852701822916612,0.508105468749982,0.13077799479166605
91.6398625301822,0.2855143229166612,0.508349609374982,0.13097330729166604
91.72453273041106,0.2857584635416612,0.508593749999982,0.13116861979166602
91.8421020580121,0.2858561197916612,0.5086425781249819,0.13131510416666603
91.85157435744205,0.2861002604166612,0.5088867187499819,0.13151041666666602
91.88121258386876,0.2863444010416612,0.5091308593749819,0.131705729166666
91.97212460967312,0.28640950520832786,0.5092773437499819,0.1317220052083327
91.98764392901482,0.2864746093749945,0.5094238281249819,0.13173828124999937
92.01755060256556,0.2867187499999945,0.5096679687499819,0.13193359374999936
92.16783185785992,0.2867838541666612,0.5098144531249819,0.13194986979166604
92.21699008322145,0.2870279947916612,0.5100585937499819,0.13214518229166602
92.23746197206192,0.2872721354166612,0.5103027343749819,0.132340494791666
92.31897620589775,0.2875162760416612,0.5105468749999819,0.132535807291666
92.3354643266332,0.2877604166666612,0.5107910156249819,0.132731119791666
92.43949711094984,0.28782552083332785,0.5109374999999818,0.13274739583333267
92.46598021303822,0.28806966145832785,0.5111816406249818,0.13294270833333266
92.48133282835094,0.2881347656249945,0.5113281249999818,0.13295898437499934
92.57767427968386,0.2881998697916612,0.5114746093749818,0.13297526041666602
92.59270588073686,0.28826497395832784,0.5116210937499818,0.1329915364583327
92.65768554796246,0.28850911458332784,0.5118652343749818,0.1331868489583327
92.81122397615438,0.28875325520832784,0.5121093749999818,0.13338216145833268
92.8437814325806,0.2888183593749945,0.5122558593749817,0.13339843749999936
92.91744753169552,0.28888346354166117,0.5124023437499817,0.13341471354166604
93.00133646955268,0.28894856770832783,0.5125488281249817,0.13343098958333272
93.09865956227954,0.2890136718749945,0.5126953124999817,0.1334472656249994
93.10490932360284,0.28907877604166116,0.5128417968749817,0.13346354166666607
93.16146999215,0.28932291666666116,0.5130859374999817,0.13365885416666606
93.22673756623225,0.28956705729166116,0.5133300781249817,0.13385416666666605
93.31021192343276,0.28981119791666116,0.5135742187499817,0.13404947916666604
93.3386847491362,0.2898763020833278,0.5137207031249816,0.13406575520833272
93.33973139267688,0.2901204427083278,0.5139648437499816,0.1342610677083327
93.35127592890709,0.2903645833333278,0.5142089843749816,0.1344563802083327
93.40363169512167,0.2904296874999945,0.5143554687499816,0.13447265624999938
93.45209935604248,0.2906738281249945,0.5145996093749816,0.13466796874999937
93.4735154590598,0.29073893229166115,0.5147460937499816,0.13468424479166605
93.58820906163722,0.29098307291666115,0.5149902343749816,0.13487955729166604
93.61910262201866,0.2910481770833278,0.5151367187499816,0.13489583333333272
93.78684660969697,0.2912923177083278,0.5153808593749816,0.1350911458333327
93.87245129638865,0.2915364583333278,0.5156249999999816,0.1352864583333327
93.87623870325058,0.2917805989583278,0.5158691406249816,0.13548177083333268
93.89494018210095,0.2920247395833278,0.5161132812499816,0.13567708333333267
93.92267653408368,0.29208984374999447,0.5162597656249815,0.13569335937499935
93.93980423171476,0.29233398437499447,0.5165039062499815,0.13588867187499934
94.066977552841,0.29257812499999447,0.5167480468749815,0.13608398437499933
94.10206541215672,0.29282226562499447,0.5169921874999815,0.13627929687499932
94.13082476395262,0.29288736979166113,0.5171386718749815,0.136295572916666
94.15617024731289,0.2929524739583278,0.5172851562499815,0.13631184895833268
94.20476805764145,0.2931966145833278,0.5175292968749815,0.13650716145833267
94.33238700069896,0.2934407552083278,0.5177734374999815,0.13670247395833265
94.43219455539418,0.2936848958333278,0.5180175781249815,0.13689778645833264
94.50896423146496,0.2939290364583278,0.5182617187499815,0.13709309895833263
94.56733844087438,0.2941731770833278,0.5185058593749815,0.13728841145833262
94.57521871053112,0.2944173177083278,0.5187499999999815,0.1374837239583326
94.60739447536562,0.29448242187499446,0.5188964843749815,0.1374999999999993
94.63733071975562,0.29472656249999446,0.5191406249999815,0.13769531249999928
94.68807220572208,0.29497070312499446,0.5193847656249815,0.13789062499999927
94.7690702181238,0.29521484374999446,0.5196289062499815,0.13808593749999926
94.9057911400116,0.29545898437499446,0.5198730468749815,0.13828124999999925
94.91470141798828,0.29570312499999446,0.5201171874999815,0.13847656249999923
94.93511585172875,0.2957682291666611,0.5202636718749815,0.1384928385416659
94.97354307809482,0.2958333333333278,0.5204101562499814,0.1385091145833326
95.03341040595892,0.29589843749999445,0.5205566406249814,0.13852539062499927
95.0562942871288,0.29614257812499445,0.5208007812499814,0.13872070312499926
95.1789241053928,0.2962076822916611,0.5209472656249814,0.13873697916666594
95.1850051758747,0.2964518229166611,0.5211914062499814,0.13893229166666593
95.20215488897522,0.2966959635416611,0.5214355468749814,0.13912760416666592
95.22961551700384,0.2967610677083278,0.5215820312499814,0.1391438802083326
95.23775952516958,0.2970052083333278,0.5218261718749814,0.1393391927083326
95.26124761049569,0.29707031249999444,0.5219726562499813,0.13935546874999927
95.29358446380482,0.29716796874999446,0.5220214843749813,0.13950195312499927
95.34061229095694,0.2972656249999945,0.5220703124999813,0.13964843749999928
95.36558560743656,0.29733072916666115,0.5222167968749812,0.13966471354166596
95.53231576740032,0.29757486979166115,0.5224609374999812,0.13986002604166595
95.56999689215856,0.29781901041666115,0.5227050781249812,0.14005533854166594
95.61604608347368,0.29791666666666117,0.5227539062499812,0.14020182291666594
95.6469246955492,0.29798177083332783,0.5229003906249812,0.14021809895833262
95.6557654793988,0.2981770833333278,0.5229980468749812,0.14046223958333262
95.68768934274978,0.29827473958332784,0.5230468749999811,0.14060872395833263
95.70243267388248,0.29851888020832784,0.5232910156249811,0.14080403645833262
95.7706705080618,0.29876302083332784,0.5235351562499811,0.1409993489583326
95.84648777847302,0.29886067708332786,0.5235839843749811,0.1411458333333326
95.91838926348724,0.2989257812499945,0.5237304687499811,0.1411621093749993
95.9430265493666,0.2991699218749945,0.5239746093749811,0.14135742187499928
96.02545160833056,0.29926757812499455,0.524023437499981,0.14150390624999928
96.12968293436624,0.29951171874999455,0.524267578124981,0.14169921874999927
96.1386371614226,0.29975585937499455,0.524511718749981,0.14189453124999926
96.17406723208322,0.29999999999999455,0.524755859374981,0.14208984374999925
96.26180108379654,0.3000651041666612,0.524902343749981,0.14210611979166593
96.34123971170644,0.3003092447916612,0.525146484374981,0.14230143229166592
96.3585581239239,0.3005533854166612,0.525390624999981,0.1424967447916659
96.38566893162078,0.3007975260416612,0.525634765624981,0.1426920572916659
96.4496525695926,0.3008626302083279,0.525781249999981,0.14270833333333258
96.48730624183224,0.3009602864583279,0.525830078124981,0.14285481770833258
96.4921725784928,0.3012044270833279,0.526074218749981,0.14305013020833257
96.56131250926715,0.30126953124999456,0.5262207031249809,0.14306640624999925
96.61408112789024,0.30146484374999455,0.526318359374981,0.14331054687499925
96.6537706425,0.30170898437499455,0.526562499999981,0.14350585937499924
96.65802992544587,0.30180664062499457,0.5266113281249809,0.14365234374999925
96.69873399816332,0.3019042968749946,0.5266601562499809,0.14379882812499925
96.7722008418792,0.3021484374999946,0.5269042968749809,0.14399414062499924
96.78083945824788,0.3023925781249946,0.5271484374999809,0.14418945312499923
96.78424964333423,0.3026367187499946,0.5273925781249809,0.14438476562499922
96.79028002753346,0.3028808593749946,0.5276367187499809,0.1445800781249992
96.82617647378451,0.30294596354166126,0.5277832031249808,0.14459635416666589
96.82634028237416,0.30319010416666126,0.5280273437499808,0.14479166666666587
96.87757809674407,0.30343424479166126,0.5282714843749808,0.14498697916666586
96.98814686315552,0.3035319010416613,0.5283203124999808,0.14513346354166587
97.03277367710038,0.30359700520832794,0.5284667968749808,0.14514973958333255
97.20876729913584,0.3036621093749946,0.5286132812499807,0.14516601562499923
97.21156380244356,0.3039062499999946,0.5288574218749807,0.14536132812499922
97.36374515548408,0.3041503906249946,0.5291015624999807,0.1455566406249992
97.40468537543596,0.3043457031249946,0.5291992187499808,0.1458007812499992
97.45401983880424,0.3045898437499946,0.5294433593749808,0.1459960937499992
97.5238867008286,0.3048339843749946,0.5296874999999808,0.14619140624999918
97.56714388192856,0.30489908854166126,0.5298339843749807,0.14620768229166586
97.64030165054643,0.3049641927083279,0.5299804687499807,0.14622395833333254
97.70802587592289,0.3052083333333279,0.5302246093749807,0.14641927083333253
97.74277670697148,0.3052734374999946,0.5303710937499807,0.1464355468749992
97.87455165230796,0.30533854166666125,0.5305175781249807,0.1464518229166659
97.87696692566016,0.30558268229166125,0.5307617187499807,0.14664713541666588
97.90208224194808,0.30568033854166127,0.5308105468749806,0.14679361979166589
97.92098041518744,0.30574544270832793,0.5309570312499806,0.14680989583333257
97.9209949087168,0.30598958333332793,0.5312011718749806,0.14700520833333255
97.92699652720376,0.30623372395832793,0.5314453124999806,0.14720052083333254
97.97914844067186,0.30647786458332793,0.5316894531249806,0.14739583333333253
98.00973609373644,0.30672200520832793,0.5319335937499806,0.14759114583333252
98.05761119758225,0.30696614583332793,0.5321777343749806,0.1477864583333325
98.23167715600816,0.30721028645832793,0.5324218749999806,0.1479817708333325
98.25989569060452,0.3072753906249946,0.5325683593749806,0.14799804687499918
98.27640318447128,0.30734049479166126,0.5327148437499806,0.14801432291666586
98.27794261101944,0.30758463541666126,0.5329589843749806,0.14820963541666585
98.2922061603357,0.30777994791666125,0.5330566406249806,0.14845377604166585
98.29529068818816,0.3078450520833279,0.5332031249999806,0.14847005208333253
98.30517724954336,0.30791015624999457,0.5333496093749805,0.1484863281249992
98.3260516077699,0.30797526041666123,0.5334960937499805,0.14850260416666589
98.42029577264248,0.30821940104166123,0.5337402343749805,0.14869791666666587
98.44434089619936,0.30846354166666123,0.5339843749999805,0.14889322916666586
98.49737005458312,0.3086588541666612,0.5340820312499805,0.14913736979166586
98.56078125395354,0.3087239583333279,0.5342285156249805,0.14915364583333254
98.56646636496684,0.3089680989583279,0.5344726562499805,0.14934895833333253
98.5700445464133,0.3091634114583279,0.5345703124999805,0.14959309895833253
98.57359425915642,0.3094075520833279,0.5348144531249805,0.14978841145833252
98.57668020995608,0.3095052083333279,0.5348632812499805,0.14993489583333253
98.59439742316484,0.30957031249999456,0.5350097656249805,0.1499511718749992
98.6020951956116,0.30981445312499456,0.5352539062499805,0.1501464843749992
98.60777941958764,0.3098795572916612,0.5354003906249805,0.15016276041666587
98.85357414314204,0.3101236979166612,0.5356445312499805,0.15035807291666586
98.902917905996,0.3103678385416612,0.5358886718749805,0.15055338541666585
99.02229633083822,0.31046549479166125,0.5359374999999804,0.15069986979166586
99.13371655259544,0.31070963541666125,0.5361816406249804,0.15089518229166585
99.21512234146618,0.3107747395833279,0.5363281249999804,0.15091145833333253
99.28641385660812,0.31083984374999457,0.5364746093749804,0.1509277343749992
99.29141997064664,0.31090494791666123,0.5366210937499803,0.15094401041666589
99.34411285287544,0.31114908854166123,0.5368652343749803,0.15113932291666587
99.46508886307444,0.3113444010416612,0.5369628906249804,0.15138346354166587
99.50767730794232,0.3114095052083279,0.5371093749999803,0.15139973958333255
99.56378269787376,0.3116536458333279,0.5373535156249803,0.15159505208333254
99.57476458662148,0.31171874999999455,0.5374999999999803,0.15161132812499922
99.67280801458824,0.31191406249999454,0.5375976562499803,0.15185546874999922
99.68798083577272,0.31215820312499454,0.5378417968749803,0.1520507812499992
99.7400393060619,0.3122233072916612,0.5379882812499803,0.1520670572916659
99.7425185110606,0.3124674479166612,0.5382324218749803,0.15226236979166588
99.8189020217918,0.3127115885416612,0.5384765624999803,0.15245768229166587
99.82615047653336,0.31277669270832786,0.5386230468749803,0.15247395833333255
99.84250785346966,0.31302083333332786,0.5388671874999803,0.15266927083333254
99.84722802922032,0.3131184895833279,0.5389160156249803,0.15281575520833254
99.85503359464636,0.3133626302083279,0.5391601562499803,0.15301106770833253
99.88589065263191,0.3135579427083279,0.5392578124999803,0.15325520833333253
99.9265881219204,0.31362304687499454,0.5394042968749803,0.1532714843749992
99.93935562255244,0.31386718749999454,0.5396484374999803,0.1534667968749992
99.98560232527431,0.3139322916666612,0.5397949218749802,0.15348307291666588
100.04633591094505,0.3140299479166612,0.5398437499999802,0.15362955729166589
100.08099924186716,0.3142252604166612,0.5399414062499802,0.15387369791666589
100.08461994979923,0.3142903645833279,0.5400878906249802,0.15388997395833257
100.0866181483341,0.31435546874999454,0.5402343749999802,0.15390624999999925
100.10161319747868,0.31459960937499454,0.5404785156249802,0.15410156249999923
100.24867468372877,0.31469726562499456,0.5405273437499801,0.15424804687499924
100.28725842518638,0.31494140624999456,0.5407714843749801,0.15444335937499923
100.34345379155606,0.31518554687499456,0.5410156249999801,0.15463867187499922
100.36187922801412,0.31542968749999456,0.5412597656249801,0.1548339843749992
100.49005274215972,0.31567382812499456,0.5415039062499801,0.1550292968749992
100.52219258229542,0.31591796874999456,0.5417480468749801,0.15522460937499918
100.55060819738108,0.3160156249999946,0.5417968749999801,0.1553710937499992
100.56002494753646,0.3162597656249946,0.5420410156249801,0.15556640624999918
100.60674392749613,0.31645507812499457,0.5421386718749801,0.15581054687499918
100.6428182066671,0.31652018229166123,0.5422851562499801,0.15582682291666586
100.853274884655,0.31676432291666123,0.5425292968749801,0.15602213541666585
100.87286947038994,0.31700846354166123,0.5427734374999801,0.15621744791666584
100.88953291047824,0.31725260416666123,0.5430175781249801,0.15641276041666582
100.91749408552393,0.3173177083333279,0.5431640624999801,0.1564290364583325
100.95986829143536,0.3174153645833279,0.54321289062498,0.1565755208333325
100.97052764393634,0.3176595052083279,0.54345703124998,0.1567708333333325
101.04851257928628,0.3177246093749946,0.54360351562498,0.15678710937499918
101.06893287733152,0.3179687499999946,0.54384765624998,0.15698242187499917
101.09375686470666,0.3182128906249946,0.54409179687498,0.15717773437499916
101.10656892839972,0.3184570312499946,0.54433593749998,0.15737304687499915
101.12326655223995,0.31852213541666125,0.54448242187498,0.15738932291666582
101.13086572241916,0.3185872395833279,0.54462890624998,0.1574055989583325
101.1541919315954,0.3187825520833279,0.54472656249998,0.1576497395833325
101.16118749345448,0.3190266927083279,0.54497070312498,0.1578450520833325
101.16675414400116,0.31909179687499456,0.54511718749998,0.15786132812499917
101.1785982147237,0.31933593749999456,0.54536132812498,0.15805664062499916
101.18954461523964,0.3194335937499946,0.5454101562499799,0.15820312499999917
101.20771475015052,0.3196777343749946,0.5456542968749799,0.15839843749999916
101.21388835361704,0.3199218749999946,0.5458984374999799,0.15859374999999915
101.22190624612416,0.31998697916666125,0.5460449218749799,0.15861002604166582
101.23768061998936,0.32023111979166125,0.5462890624999799,0.1588053385416658
101.27524591736042,0.3202962239583279,0.5464355468749799,0.1588216145833325
101.28657911795688,0.32039388020832793,0.5464843749999798,0.1589680989583325
101.30390823106978,0.3204589843749946,0.5466308593749798,0.15898437499999918
101.3656895809175,0.3207031249999946,0.5468749999999798,0.15917968749999917
101.38210323256097,0.32076822916666126,0.5470214843749798,0.15919596354166585
101.42979751022628,0.32096354166666125,0.5471191406249798,0.15944010416666585
101.47674519054029,0.32120768229166125,0.5473632812499798,0.15963541666666584
101.4779247083151,0.3212727864583279,0.5475097656249798,0.15965169270833252
101.53222988558164,0.3215169270833279,0.5477539062499798,0.1598470052083325
101.54594593028884,0.32161458333332793,0.5478027343749797,0.1599934895833325
101.57403792502112,0.3216796874999946,0.5479492187499797,0.1600097656249992
101.5795157479008,0.3218749999999946,0.5480468749999797,0.1602539062499992
101.67960487894476,0.32207031249999457,0.5481445312499797,0.1604980468749992
101.70617810524044,0.32226562499999456,0.5482421874999798,0.1607421874999992
101.74324632927971,0.32250976562499456,0.5484863281249798,0.16093749999999918
101.87994888367334,0.32275390624999456,0.5487304687499798,0.16113281249999917
101.8914715529008,0.32294921874999455,0.5488281249999798,0.16137695312499917
101.9520034453579,0.32319335937499455,0.5490722656249798,0.16157226562499916
102.04470715096312,0.32338867187499454,0.5491699218749798,0.16181640624999916
102.0749809476371,0.3234537760416612,0.5493164062499798,0.16183268229166584
102.09000654877,0.3236979166666612,0.5495605468749798,0.16202799479166582
102.1490860627856,0.3237955729166612,0.5496093749999797,0.16217447916666583
102.16181657902204,0.3240397135416612,0.5498535156249797,0.16236979166666582
102.2103651516663,0.3242838541666612,0.5500976562499797,0.1625651041666658
102.29663982425348,0.3244791666666612,0.5501953124999798,0.1628092447916658
102.38607149236518,0.3245442708333279,0.5503417968749797,0.1628255208333325
102.41638673009066,0.3247884114583279,0.5505859374999797,0.16302083333333248
102.48063575991556,0.3250325520833279,0.5508300781249797,0.16321614583333247
102.5142509116396,0.3252766927083279,0.5510742187499797,0.16341145833333245
102.54391156378465,0.3255208333333279,0.5513183593749797,0.16360677083333244
102.55499392309636,0.32558593749999454,0.5514648437499797,0.16362304687499912
102.57376327454266,0.32583007812499454,0.5517089843749797,0.1638183593749991
102.6056720338366,0.32592773437499456,0.5517578124999797,0.16396484374999912
102.60918080907337,0.3259928385416612,0.5519042968749797,0.1639811197916658
102.63746297114808,0.3262369791666612,0.5521484374999797,0.16417643229166579
102.65885423696314,0.3264322916666612,0.5522460937499797,0.16442057291666579
102.67276331515656,0.3264973958333279,0.5523925781249797,0.16443684895833247
102.76884133488392,0.32669270833332786,0.5524902343749797,0.16468098958333247
102.8662143359278,0.3267578124999945,0.5526367187499797,0.16469726562499915
102.94645955649597,0.3269531249999945,0.5527343749999797,0.16494140624999915
102.99374003330462,0.3271972656249945,0.5529785156249797,0.16513671874999913
103.00239804714867,0.3273925781249945,0.5530761718749797,0.16538085937499913
103.04137209942198,0.3276367187499945,0.5533203124999797,0.16557617187499912
103.06355569041835,0.3278808593749945,0.5535644531249797,0.1657714843749991
103.08625568966636,0.3281249999999945,0.5538085937499797,0.1659667968749991
103.09437356614964,0.3283203124999945,0.5539062499999797,0.1662109374999991
103.11207259173848,0.3285156249999945,0.5540039062499797,0.1664550781249991
103.13656520854448,0.3286132812499945,0.5540527343749797,0.1666015624999991
103.16258374010484,0.32867838541666117,0.5541992187499797,0.16661783854166579
103.16742719547794,0.3287760416666612,0.5542480468749796,0.1667643229166658
103.20336897611696,0.32884114583332785,0.5543945312499796,0.16678059895833247
103.2048280731412,0.3289388020833279,0.5544433593749796,0.16692708333333248
103.20765325864386,0.32913411458332786,0.5545410156249796,0.16717122395833248
103.2220199175618,0.3291992187499945,0.5546874999999796,0.16718749999999916
103.2939724132844,0.3293945312499945,0.5547851562499796,0.16743164062499916
103.31250799093183,0.3294596354166612,0.5549316406249796,0.16744791666666584
103.33400076989676,0.3295572916666612,0.5549804687499795,0.16759440104166584
103.342877741395,0.3296549479166612,0.5550292968749795,0.16774088541666585
103.36550231067578,0.3298990885416612,0.5552734374999795,0.16793619791666584
103.41671134879572,0.3301432291666612,0.5555175781249795,0.16813151041666582
103.417313805137,0.3303873697916612,0.5557617187499795,0.1683268229166658
103.46762021896696,0.3306315104166612,0.5560058593749795,0.1685221354166658
103.49275318433322,0.3308268229166612,0.5561035156249795,0.1687662760416658
103.61933639439636,0.33092447916666123,0.5561523437499795,0.1689127604166658
103.63562736028518,0.33102213541666126,0.5562011718749794,0.1690592447916658
103.64109334996508,0.33121744791666125,0.5562988281249794,0.1693033854166658
103.68271209926176,0.33146158854166125,0.5565429687499794,0.1694986979166658
103.78732036444512,0.33170572916666125,0.5567871093749794,0.1696940104166658
103.8494635936811,0.33180338541666127,0.5568359374999794,0.1698404947916658
103.85225242243754,0.33199869791666126,0.5569335937499794,0.1700846354166658
103.85547784467302,0.33219401041666125,0.5570312499999794,0.1703287760416658
103.88923401251898,0.33229166666666127,0.5570800781249794,0.1704752604166658
103.93045922123322,0.3323893229166613,0.5571289062499793,0.1706217447916658
103.93617498356852,0.3326334635416613,0.5573730468749793,0.1708170572916658
103.98336132593404,0.3328776041666613,0.5576171874999793,0.17101236979166579
103.99451585895125,0.3329752604166613,0.5576660156249793,0.1711588541666658
104.0299793156851,0.3332194010416613,0.5579101562499793,0.17135416666666578
104.12718636227468,0.3334635416666613,0.5581542968749793,0.17154947916666577
104.13421984205434,0.3337076822916613,0.5583984374999793,0.17174479166666576
104.1437961812255,0.3339029947916613,0.5584960937499793,0.17198893229166576
104.16069960001674,0.33396809895832796,0.5586425781249793,0.17200520833333244
104.1723856607332,0.33416341145832795,0.5587402343749793,0.17224934895833244
104.24048626385051,0.334261067708328,0.5587890624999793,0.17239583333333244
104.26809586384144,0.33445638020832796,0.5588867187499793,0.17263997395833244
104.29146228707413,0.33465169270832795,0.5589843749999793,0.17288411458333244
104.30956350648547,0.3347167968749946,0.5591308593749793,0.17290039062499912
104.36064158102424,0.3349609374999946,0.5593749999999793,0.1730957031249991
104.3848486791534,0.3352050781249946,0.5596191406249793,0.1732910156249991
104.40682041151544,0.33530273437499464,0.5596679687499793,0.1734374999999991
104.40943083738492,0.3354980468749946,0.5597656249999793,0.1736816406249991
104.42918454187792,0.3357421874999946,0.5600097656249793,0.1738769531249991
104.4591238775661,0.33583984374999465,0.5600585937499792,0.1740234374999991
104.50384789651918,0.3359049479166613,0.5602050781249792,0.17403971354166578
104.53234487233266,0.3361002604166613,0.5603027343749792,0.17428385416666578
104.53651070720495,0.3363444010416613,0.5605468749999792,0.17447916666666577
104.54256508337627,0.3365885416666613,0.5607910156249792,0.17467447916666576
104.60630359151672,0.3368326822916613,0.5610351562499792,0.17486979166666575
104.61382404764436,0.3370279947916613,0.5611328124999793,0.17511393229166575
104.64671660487656,0.3372721354166613,0.5613769531249793,0.17530924479166574
104.66508204353984,0.3375162760416613,0.5616210937499793,0.17550455729166572
104.7315018561856,0.3377604166666613,0.5618652343749793,0.1756998697916657
104.74236402923977,0.3378580729166613,0.5619140624999792,0.17584635416666572
104.75766882902104,0.3381022135416613,0.5621582031249792,0.1760416666666657
104.76127430307233,0.33819986979166133,0.5622070312499792,0.1761881510416657
104.79836471069366,0.33844401041666133,0.5624511718749792,0.1763834635416657
104.84854226888444,0.338509114583328,0.5625976562499792,0.17639973958333238
104.90459988011528,0.338753255208328,0.5628417968749792,0.17659505208333237
104.90699442822738,0.338948567708328,0.5629394531249792,0.17683919270833237
104.93064053307056,0.339143880208328,0.5630371093749792,0.17708333333333237
104.98258652221442,0.339388020833328,0.5632812499999792,0.17727864583333236
105.0040104545036,0.33958333333332796,0.5633789062499792,0.17752278645833236
105.0726636306062,0.33977864583332795,0.5634765624999792,0.17776692708333236
105.09430185769146,0.33997395833332794,0.5635742187499793,0.17801106770833236
105.1379888169926,0.3400390624999946,0.5637207031249792,0.17802734374999904
105.140131229884,0.3401367187499946,0.5637695312499792,0.17817382812499905
105.14396294937949,0.34023437499999465,0.5638183593749792,0.17832031249999905
105.1721387273648,0.34047851562499465,0.5640624999999792,0.17851562499999904
105.1841017761879,0.34072265624999465,0.5643066406249792,0.17871093749999903
105.20173470978868,0.34096679687499465,0.5645507812499792,0.17890624999999902
105.2313794467076,0.34106445312499467,0.5645996093749791,0.17905273437499902
105.24731294856502,0.34125976562499466,0.5646972656249791,0.17929687499999902
105.2543096064778,0.3413574218749947,0.5647460937499791,0.17944335937499903
105.32993034121031,0.3414550781249947,0.564794921874979,0.17958984374999903
105.33863054815144,0.3416503906249947,0.5648925781249791,0.17983398437499903
105.46317166802083,0.3418457031249947,0.5649902343749791,0.18007812499999903
105.54835360774524,0.3419433593749947,0.565039062499979,0.18022460937499904
105.5575237721407,0.34200846354166137,0.565185546874979,0.18024088541666572
105.6282347621584,0.34225260416666137,0.565429687499979,0.1804361979166657
105.68599546859876,0.34249674479166137,0.565673828124979,0.1806315104166657
105.75108904589923,0.3425944010416614,0.565722656249979,0.1807779947916657
105.75592534169228,0.34265950520832805,0.565869140624979,0.18079427083333238
105.80391994501925,0.34290364583332805,0.566113281249979,0.18098958333333237
105.83764680056365,0.34314778645832805,0.566357421874979,0.18118489583333236
105.85254920620758,0.34339192708332805,0.566601562499979,0.18138020833333235
105.85581434239664,0.3434895833333281,0.5666503906249789,0.18152669270833235
105.87859763746108,0.34368489583332806,0.5667480468749789,0.18177083333333235
105.8912764825663,0.34388020833332805,0.566845703124979,0.18201497395833235
105.9281405403634,0.3439778645833281,0.5668945312499789,0.18216145833333236
105.9337668756045,0.3442220052083281,0.5671386718749789,0.18235677083333235
105.94303807434314,0.3443196614583281,0.5671874999999789,0.18250325520833235
105.94525361309188,0.3445638020833281,0.5674316406249789,0.18269856770833234
106.0014540591798,0.3447591145833281,0.5675292968749789,0.18294270833333234
106.0161664087935,0.3450032552083281,0.5677734374999789,0.18313802083333233
106.03730583785828,0.34506835937499475,0.5679199218749789,0.183154296874999
106.0835433343704,0.34531249999999475,0.5681640624999789,0.183349609374999
106.08678039012244,0.3453776041666614,0.5683105468749788,0.18336588541666568
106.11835932380596,0.3454427083333281,0.5684570312499788,0.18338216145833236
106.27973743149484,0.34563802083332806,0.5685546874999788,0.18362630208333236
106.31603539992356,0.3457356770833281,0.5686035156249788,0.18377278645833237
106.37253716420686,0.3459309895833281,0.5687011718749788,0.18401692708333237
106.38132212270943,0.34599609374999474,0.5688476562499788,0.18403320312499905
106.3867455996738,0.34609374999999476,0.5688964843749788,0.18417968749999905
106.3895544604882,0.34633789062499476,0.5691406249999788,0.18437499999999904
106.40353839209789,0.34653320312499475,0.5692382812499788,0.18461914062499904
106.49907208750236,0.34672851562499474,0.5693359374999788,0.18486328124999904
106.49919498623294,0.34682617187499476,0.5693847656249788,0.18500976562499905
106.53868402473265,0.34707031249999476,0.5696289062499788,0.18520507812499903
106.55075777329564,0.3471354166666614,0.5697753906249787,0.1852213541666657
106.55436214229232,0.34723307291666144,0.5698242187499787,0.18536783854166572
106.55627939978643,0.34747721354166144,0.5700683593749787,0.1855631510416657
106.56655439029174,0.34772135416666144,0.5703124999999787,0.1857584635416657
106.57271662893748,0.34796549479166144,0.5705566406249787,0.18595377604166569
106.6342645159902,0.34806315104166147,0.5706054687499786,0.1861002604166657
106.64312473120415,0.3481608072916615,0.5706542968749786,0.1862467447916657
106.64983641207158,0.3483561197916615,0.5707519531249786,0.1864908854166657
106.7134176161628,0.3484537760416615,0.5708007812499786,0.1866373697916657
106.74402558920433,0.3486979166666615,0.5710449218749786,0.1868326822916657
106.76353667271454,0.3488932291666615,0.5711425781249786,0.1870768229166657
106.76985379065336,0.34895833333332815,0.5712890624999786,0.18709309895833237
106.80285456570404,0.34920247395832815,0.5715332031249786,0.18728841145833236
106.83611421836156,0.3492675781249948,0.5716796874999786,0.18730468749999904
106.8774733704652,0.3495117187499948,0.5719238281249786,0.18749999999999903
106.8814696322791,0.3497558593749948,0.5721679687499786,0.18769531249999902
106.8865100062916,0.3499999999999948,0.5724121093749786,0.187890624999999
106.95752853776928,0.35009765624999484,0.5724609374999785,0.188037109374999
106.95874341061632,0.35034179687499484,0.5727050781249785,0.188232421874999
107.00453494151094,0.3504069010416615,0.5728515624999785,0.18824869791666568
107.00762927998304,0.3506510416666615,0.5730957031249785,0.18844401041666567
107.05728219691676,0.35071614583332816,0.5732421874999785,0.18846028645833235
107.14860075840596,0.35091145833332815,0.5733398437499785,0.18870442708333235
107.16599191617482,0.35115559895832815,0.5735839843749785,0.18889973958333234
107.2051966358711,0.35135091145832814,0.5736816406249785,0.18914388020833234
107.2454099290268,0.3514160156249948,0.5738281249999785,0.18916015624999902
107.27394757858268,0.3516601562499948,0.5740722656249785,0.189355468749999
107.32842466570132,0.3519042968749948,0.5743164062499785,0.189550781249999
107.35655156897434,0.3520996093749948,0.5744140624999785,0.189794921874999
107.38049243345218,0.3523437499999948,0.5746582031249785,0.18999023437499898
107.45570172072304,0.3525878906249948,0.5749023437499785,0.19018554687499897
107.51133148275952,0.3526855468749948,0.5749511718749785,0.19033203124999898
107.51832150324454,0.3529296874999948,0.5751953124999785,0.19052734374999897
107.545815804239,0.35302734374999484,0.5752441406249784,0.19067382812499897
107.5500299075995,0.3532226562499948,0.5753417968749784,0.19091796874999897
107.55400337073236,0.3534179687499948,0.5754394531249785,0.19116210937499897
107.56436925499123,0.3536621093749948,0.5756835937499785,0.19135742187499896
107.57910540009254,0.35375976562499484,0.5757324218749784,0.19150390624999897
107.60565021638055,0.3538248697916615,0.5758789062499784,0.19152018229166565
107.6461696371408,0.3540690104166615,0.5761230468749784,0.19171549479166564
107.67000988823376,0.3541666666666615,0.5761718749999784,0.19186197916666564
107.68014803033452,0.3543619791666615,0.5762695312499784,0.19210611979166564
107.7002004090463,0.3546061197916615,0.5765136718749784,0.19230143229166563
107.7330712508431,0.35470377604166153,0.5765624999999783,0.19244791666666564
107.73462479554438,0.35494791666666153,0.5768066406249783,0.19264322916666562
107.75112876040605,0.3551432291666615,0.5769042968749784,0.19288736979166562
107.80304505198072,0.3553873697916615,0.5771484374999784,0.1930826822916656
107.83292894966527,0.35548502604166154,0.5771972656249783,0.19322916666666562
107.8445085731272,0.35558268229166157,0.5772460937499783,0.19337565104166562
107.84856826646993,0.35577799479166156,0.5773437499999783,0.19361979166666562
107.88629702029006,0.3558756510416616,0.5773925781249782,0.19376627604166563
107.90333070799684,0.35594075520832824,0.5775390624999782,0.1937825520833323
107.9548056891324,0.35618489583332824,0.5777832031249782,0.1939778645833323
107.98694509334965,0.3562499999999949,0.5779296874999782,0.19399414062499898
108.00227926749902,0.3563476562499949,0.5779785156249782,0.19414062499999898
108.00369005835336,0.3564127604166616,0.5781249999999781,0.19415690104166566
108.06495629106826,0.35647786458332825,0.5782714843749781,0.19417317708333234
108.07465908559602,0.35672200520832825,0.5785156249999781,0.19436848958333233
108.1335730585563,0.35696614583332825,0.5787597656249781,0.19456380208333232
108.19369899649531,0.35716145833332824,0.5788574218749781,0.19480794270833232
108.20875489118237,0.35725911458332826,0.5789062499999781,0.19495442708333233
108.22890485328853,0.3573567708333283,0.578955078124978,0.19510091145833233
108.2413426529826,0.3574544270833283,0.579003906249978,0.19524739583333234
108.26279737660576,0.35751953124999497,0.579150390624978,0.19526367187499902
108.3104498621816,0.35776367187499497,0.579394531249978,0.195458984374999
108.3134865703062,0.357861328124995,0.5794433593749779,0.195605468749999
108.34441010499066,0.358056640624995,0.579541015624978,0.195849609374999
108.3986879050893,0.358154296874995,0.5795898437499779,0.19599609374999902
108.4200147272849,0.358349609374995,0.5796874999999779,0.19624023437499902
108.44130161354148,0.358447265624995,0.5797363281249779,0.19638671874999902
108.46079631455166,0.358642578124995,0.5798339843749779,0.19663085937499902
108.46888241871464,0.35870768229166167,0.5799804687499779,0.1966471354166657
108.51333206749734,0.35890299479166166,0.5800781249999779,0.1968912760416657
108.58169020658846,0.35914713541666166,0.5803222656249779,0.1970865885416657
108.60526182136596,0.3592122395833283,0.5804687499999779,0.19710286458333237
108.60790784880898,0.3594075520833283,0.5805664062499779,0.19734700520833237
108.62835371672416,0.35950520833332833,0.5806152343749779,0.19749348958333238
108.63193036743822,0.3597005208333283,0.5807128906249779,0.19773763020833238
108.66541457074136,0.3598958333333283,0.5808105468749779,0.19798177083333238
108.67462643310968,0.3600911458333283,0.5809082031249779,0.19822591145833238
108.68052320363128,0.3601888020833283,0.5809570312499779,0.19837239583333238
108.68935441928704,0.3604329427083283,0.5812011718749779,0.19856770833333237
108.70078801382454,0.36053059895832834,0.5812499999999778,0.19871419270833238
108.73667609428574,0.36077473958332834,0.5814941406249778,0.19890950520833237
108.73898386770252,0.36101888020832834,0.5817382812499778,0.19910481770833235
108.7451043319266,0.36111653645832836,0.5817871093749778,0.19925130208333236
108.7637882680698,0.36136067708332836,0.5820312499999778,0.19944661458333235
108.76616922797392,0.3614583333333284,0.5820800781249778,0.19959309895833235
108.766806771647,0.3616536458333284,0.5821777343749778,0.19983723958333235
108.78637574885668,0.3617513020833284,0.5822265624999777,0.19998372395833236
108.7999529025766,0.3619466145833284,0.5823242187499778,0.20022786458333236
108.80346696947186,0.3621907552083284,0.5825683593749778,0.20042317708333235
108.95877243383258,0.3623860677083284,0.5826660156249778,0.20066731770833235
108.9713476208776,0.3624837239583284,0.5827148437499777,0.20081380208333235
109.00123971390389,0.36254882812499506,0.5828613281249777,0.20083007812499903
109.06728075769284,0.3626464843749951,0.5829101562499777,0.20097656249999904
109.07975223672167,0.3627441406249951,0.5829589843749776,0.20112304687499905
109.12559545762748,0.36280924479166177,0.5831054687499776,0.20113932291666572
109.14089667124072,0.3629069010416618,0.5831542968749776,0.20128580729166573
109.1573919604681,0.3631022135416618,0.5832519531249776,0.20152994791666573
109.165281486832,0.36329752604166177,0.5833496093749776,0.20177408854166573
109.1941608504753,0.36354166666666177,0.5835937499999776,0.20196940104166572
109.23009534086646,0.36360677083332843,0.5837402343749776,0.2019856770833324
109.2497269994874,0.36370442708332845,0.5837890624999775,0.2021321614583324
109.25340380155534,0.36394856770832845,0.5840332031249775,0.2023274739583324
109.25828609409768,0.36414388020832844,0.5841308593749776,0.2025716145833324
109.31039481303708,0.36433919270832843,0.5842285156249776,0.2028157552083324
109.33538177062329,0.3644042968749951,0.5843749999999776,0.20283203124999907
109.3430610058163,0.3645019531249951,0.5844238281249775,0.20297851562499908
109.35044987278268,0.3646972656249951,0.5845214843749775,0.20322265624999908
109.35638286736176,0.3648925781249951,0.5846191406249776,0.20346679687499908
109.39812935048276,0.3651367187499951,0.5848632812499776,0.20366210937499907
109.40245782636248,0.36520182291666176,0.5850097656249775,0.20367838541666575
109.40699266431557,0.36539713541666174,0.5851074218749776,0.20392252604166575
109.42253144197429,0.36559244791666173,0.5852050781249776,0.20416666666666575
109.4403718243702,0.3657877604166617,0.5853027343749776,0.20441080729166575
109.4421022879014,0.36588541666666174,0.5853515624999776,0.20455729166666575
109.44327198915136,0.36612955729166174,0.5855957031249776,0.20475260416666574
109.44439032229118,0.36632486979166173,0.5856933593749776,0.20499674479166574
109.45731159596616,0.3665201822916617,0.5857910156249776,0.20524088541666574
109.47378652771476,0.3667154947916617,0.5858886718749776,0.20548502604166574
109.4855254980884,0.36681315104166173,0.5859374999999776,0.20563151041666575
109.49540054522517,0.36705729166666173,0.5861816406249776,0.20582682291666574
109.50187265165654,0.36715494791666176,0.5862304687499775,0.20597330729166574
109.50392218169056,0.3672526041666618,0.5862792968749775,0.20611979166666575
109.52119232560926,0.36731770833332844,0.5864257812499775,0.20613606770833243
109.53886041602762,0.36756184895832844,0.5866699218749775,0.20633138020833242
109.58538380846908,0.36765950520832846,0.5867187499999774,0.20647786458333242
109.61725786650584,0.36790364583332846,0.5869628906249774,0.2066731770833324
109.62698843318071,0.36809895833332845,0.5870605468749774,0.2069173177083324
109.65684644679384,0.3681966145833285,0.5871093749999774,0.20706380208333242
109.7110038222164,0.36839192708332846,0.5872070312499774,0.20730794270833242
109.72189424186293,0.36863606770832846,0.5874511718749774,0.2075032552083324
109.72705475461842,0.36888020833332846,0.5876953124999774,0.2076985677083324
109.73148704380289,0.3689778645833285,0.5877441406249774,0.2078450520833324
109.77481173519406,0.36904296874999515,0.5878906249999774,0.20786132812499908
109.78073978358104,0.36914062499999517,0.5879394531249773,0.20800781249999908
109.7856681859344,0.36920572916666183,0.5880859374999773,0.20802408854166576
109.805142862258,0.36930338541666186,0.5881347656249772,0.20817057291666577
109.81645513950625,0.36949869791666184,0.5882324218749773,0.20841471354166577
109.81866240728534,0.36974283854166184,0.5884765624999773,0.20861002604166576
109.8253359508305,0.36993815104166183,0.5885742187499773,0.20885416666666576
109.83363051468106,0.37003580729166186,0.5886230468749772,0.20900065104166576
109.84018440698036,0.37027994791666186,0.5888671874999772,0.20919596354166575
109.8528274170548,0.3703776041666619,0.5889160156249772,0.20934244791666576
109.95928038947784,0.37044270833332854,0.5890624999999772,0.20935872395833244
109.96103004488432,0.37063802083332853,0.5891601562499772,0.20960286458333244
109.96270617805622,0.37073567708332855,0.5892089843749772,0.20974934895833244
110.01034804852937,0.3708333333333286,0.5892578124999771,0.20989583333333245
110.0218495113767,0.3710774739583286,0.5895019531249771,0.21009114583333244
110.02650700942908,0.3711751302083286,0.5895507812499771,0.21023763020833244
110.03183256391218,0.3712727864583286,0.589599609374977,0.21038411458333245
110.03734712663694,0.37137044270832864,0.589648437499977,0.21053059895833245
110.07177074372588,0.37146809895832866,0.5896972656249769,0.21067708333333246
110.08084468903532,0.3715657552083287,0.5897460937499769,0.21082356770833247
110.08249562259104,0.3717610677083287,0.5898437499999769,0.21106770833333247
110.1093751350995,0.3718587239583287,0.5898925781249769,0.21121419270833247
110.11170373314911,0.3721028645833287,0.5901367187499769,0.21140950520833246
110.14445667801718,0.3722005208333287,0.5901855468749768,0.21155598958333247
110.17665583598352,0.37229817708332874,0.5902343749999768,0.21170247395833247
110.18370636159337,0.3723632812499954,0.5903808593749768,0.21171874999999915
110.19717333622796,0.3725585937499954,0.5904785156249768,0.21196289062499915
110.19899326096476,0.3726562499999954,0.5905273437499767,0.21210937499999916
110.22942046801926,0.3728515624999954,0.5906249999999768,0.21235351562499916
110.23527739755907,0.3729492187499954,0.5906738281249767,0.21249999999999916
110.23782764062378,0.37304687499999545,0.5907226562499767,0.21264648437499917
110.239174149671,0.37324218749999544,0.5908203124999767,0.21289062499999917
110.26337426325392,0.37348632812499544,0.5910644531249767,0.21308593749999916
110.28182337945292,0.3736816406249954,0.5911621093749767,0.21333007812499916
110.3235341657144,0.3739257812499954,0.5914062499999767,0.21352539062499915
110.32650577577152,0.3741699218749954,0.5916503906249767,0.21372070312499913
110.36543157047085,0.37426757812499545,0.5916992187499767,0.21386718749999914
110.38092079749087,0.37451171874999545,0.5919433593749767,0.21406249999999913
110.41580219672174,0.37460937499999547,0.5919921874999766,0.21420898437499913
110.4395629238128,0.37480468749999546,0.5920898437499766,0.21445312499999913
110.44529728579528,0.37499999999999545,0.5921874999999767,0.21469726562499913
110.46632439871394,0.37509765624999547,0.5922363281249766,0.21484374999999914
110.47188953098728,0.37534179687499547,0.5924804687499766,0.21503906249999913
110.4769900865921,0.37553710937499546,0.5925781249999766,0.21528320312499913
110.50854888884518,0.3756347656249955,0.5926269531249766,0.21542968749999913
110.52918640606154,0.3757324218749955,0.5926757812499766,0.21557617187499914
110.55192715451336,0.3759765624999955,0.5929199218749766,0.21577148437499913
110.55654029528812,0.3760742187499955,0.5929687499999765,0.21591796874999913
110.56016774098158,0.3762695312499955,0.5930664062499765,0.21616210937499913
110.59712986263465,0.3765136718749955,0.5933105468749765,0.21635742187499912
110.59978025341286,0.37661132812499554,0.5933593749999765,0.21650390624999913
110.60294191777687,0.3768066406249955,0.5934570312499765,0.21674804687499913
110.61584405790164,0.3770507812499955,0.5937011718749765,0.21694335937499912
110.6196387441032,0.3772460937499955,0.5937988281249765,0.21718749999999912
110.62832245733476,0.3773111979166622,0.5939453124999765,0.2172037760416658
110.63412861704812,0.3774088541666622,0.5939941406249765,0.2173502604166658
110.64944321703452,0.3776529947916622,0.5942382812499765,0.2175455729166658
110.66285487480896,0.3778971354166622,0.5944824218749765,0.21774088541666578
110.68773625612124,0.3781412760416622,0.5947265624999765,0.21793619791666577
110.69776490980612,0.3782389322916622,0.5947753906249764,0.21808268229166577
110.71306902977268,0.37833658854166224,0.5948242187499764,0.21822916666666578
110.7691389180677,0.37843424479166227,0.5948730468749763,0.21837565104166579
110.76966760338816,0.37862955729166226,0.5949707031249764,0.21861979166666579
110.7930402359842,0.3787272135416623,0.5950195312499763,0.2187662760416658
110.82942601684312,0.3789713541666623,0.5952636718749763,0.21896158854166578
110.83331934165662,0.3790690104166623,0.5953124999999763,0.21910807291666579
110.83418767742106,0.3793131510416623,0.5955566406249763,0.21930338541666577
110.85092383551854,0.3794108072916623,0.5956054687499762,0.21944986979166578
110.8750539736088,0.37950846354166234,0.5956542968749762,0.21959635416666579
110.9046267687295,0.37960611979166237,0.5957031249999761,0.2197428385416658
110.9118939912666,0.37985026041666237,0.5959472656249761,0.21993815104166578
110.9253302097089,0.38004557291666236,0.5960449218749762,0.22018229166666578
110.94329294466216,0.3801432291666624,0.5960937499999761,0.22032877604166579
110.94718309196836,0.38033854166666237,0.5961914062499761,0.22057291666666579
110.95205194746164,0.3804361979166624,0.5962402343749761,0.2207194010416658
110.95729453749152,0.3806803385416624,0.5964843749999761,0.22091471354166578
110.98534865477244,0.3807779947916624,0.596533203124976,0.22106119791666579
110.99609988073549,0.3810221354166624,0.596777343749976,0.22125651041666577
111.0469060126682,0.38111979166666243,0.596826171874976,0.22140299479166578
111.0486320887583,0.38136393229166243,0.597070312499976,0.22159830729166577
111.0767487821166,0.38146158854166246,0.597119140624976,0.22174479166666577
111.0818809746836,0.38165690104166244,0.597216796874976,0.22198893229166577
111.09136595210968,0.38185221354166243,0.597314453124976,0.22223307291666577
111.11876369909254,0.3820475260416624,0.597412109374976,0.22247721354166577
111.11926847930476,0.38214518229166244,0.597460937499976,0.22262369791666578
111.1240001143248,0.38224283854166247,0.5975097656249759,0.22277018229166579
111.12737133906634,0.3823404947916625,0.5975585937499759,0.2229166666666658
111.12911810797362,0.38240559895832915,0.5977050781249759,0.22293294270833247
111.16277495642716,0.3825032552083292,0.5977539062499758,0.22307942708333248
111.17059558290464,0.38269856770832916,0.5978515624999758,0.22332356770833248
111.1741623732579,0.3827962239583292,0.5979003906249758,0.22347005208333248
111.17971778796849,0.3828938802083292,0.5979492187499758,0.2236165364583325
111.19666522395084,0.38299153645832923,0.5979980468749757,0.2237630208333325
111.20485546500048,0.3831868489583292,0.5980957031249757,0.2240071614583325
111.2312236765165,0.3834309895833292,0.5983398437499757,0.22420247395833248
111.23627282919212,0.3836263020833292,0.5984374999999758,0.22444661458333248
111.23901848875389,0.3838216145833292,0.5985351562499758,0.22469075520833248
111.2519240235108,0.3840169270833292,0.5986328124999758,0.22493489583333248
111.26213457655795,0.3841145833333292,0.5986816406249758,0.2250813802083325
111.26393763387486,0.3843587239583292,0.5989257812499758,0.22527669270833248
111.280204322775,0.38445638020832923,0.5989746093749757,0.22542317708333248
111.31039760049232,0.3846516927083292,0.5990722656249757,0.22566731770833248
111.31127634708956,0.38474934895832924,0.5991210937499757,0.2258138020833325
111.33652622022387,0.38499348958332924,0.5993652343749757,0.22600911458333248
111.33787057185928,0.38523763020832924,0.5996093749999757,0.22620442708333247
111.34342303177864,0.38533528645832926,0.5996582031249756,0.22635091145833247
111.37638549179104,0.38557942708332926,0.5999023437499756,0.22654622395833246
111.41334403398596,0.3856770833333293,0.5999511718749756,0.22669270833333247
111.47360618286906,0.3858723958333293,0.6000488281249756,0.22693684895833247
111.49419537513398,0.3859700520833293,0.6000976562499756,0.22708333333333247
111.50476782396063,0.3861653645833293,0.6001953124999756,0.22732747395833247
111.52398978313455,0.3864095052083293,0.6004394531249756,0.22752278645833246
111.57332512922564,0.3866536458333293,0.6006835937499756,0.22771809895833245
111.57418829605813,0.3867513020833293,0.6007324218749756,0.22786458333333245
111.5860993700648,0.3869466145833293,0.6008300781249756,0.22810872395833245
111.6023278965464,0.3871419270833293,0.6009277343749756,0.22835286458333245
111.61107391839974,0.3873860677083293,0.6011718749999756,0.22854817708333244
111.61444066958472,0.3875813802083293,0.6012695312499756,0.22879231770833244
111.6210530318892,0.38777669270832926,0.6013671874999756,0.22903645833333244
111.62747123428804,0.3878743489583293,0.6014160156249756,0.22918294270833245
111.63383295299012,0.3880696614583293,0.6015136718749756,0.22942708333333245
111.63544523834544,0.38826497395832926,0.6016113281249756,0.22967122395833245
111.64148317799425,0.38846028645832925,0.6017089843749757,0.22991536458333245
111.65298122016996,0.3885579427083293,0.6017578124999756,0.23006184895833245
111.66284644503698,0.3886555989583293,0.6018066406249756,0.23020833333333246
111.67035826651126,0.3887532552083293,0.6018554687499755,0.23035481770833247
111.67761397849613,0.3889485677083293,0.6019531249999756,0.23059895833333247
111.70070247767752,0.38904622395832933,0.6020019531249755,0.23074544270833247
111.72729685193777,0.389111328124996,0.6021484374999755,0.23076171874999915
111.7288606884593,0.389208984374996,0.6021972656249754,0.23090820312499916
111.72908208884007,0.38930664062499604,0.6022460937499754,0.23105468749999916
111.75040488684314,0.38940429687499606,0.6022949218749754,0.23120117187499917
111.75756696491588,0.38959960937499605,0.6023925781249754,0.23144531249999917
111.76256037194403,0.38979492187499604,0.6024902343749754,0.23168945312499917
111.8051400177228,0.389990234374996,0.6025878906249754,0.23193359374999917
111.813919347695,0.39008789062499605,0.6026367187499754,0.23208007812499917
111.8337763586882,0.39033203124999605,0.6028808593749754,0.23227539062499916
111.85063351246951,0.39042968749999607,0.6029296874999753,0.23242187499999917
111.85483437875844,0.3905273437499961,0.6029785156249753,0.23256835937499917
111.86411266025026,0.3906249999999961,0.6030273437499752,0.23271484374999918
111.88206434322188,0.39072265624999614,0.6030761718749752,0.23286132812499918
111.8983297199993,0.39082031249999616,0.6031249999999752,0.2330078124999992
111.9502999070228,0.39101562499999615,0.6032226562499752,0.2332519531249992
111.96496371117571,0.3910807291666628,0.6033691406249752,0.23326822916666587
112.04195846230904,0.3911458333333295,0.6035156249999751,0.23328450520833255
112.06931273836788,0.39121093749999614,0.6036621093749751,0.23330078124999923
112.07685928842672,0.3914062499999961,0.6037597656249751,0.23354492187499923
112.10083334146712,0.39150390624999615,0.6038085937499751,0.23369140624999923
112.102275159946,0.39169921874999614,0.6039062499999751,0.23393554687499923
112.10613000718728,0.3918945312499961,0.6040039062499751,0.23417968749999923
112.1382261945787,0.3920898437499961,0.6041015624999752,0.23442382812499923
112.1387160014857,0.39218749999999614,0.6041503906249751,0.23457031249999924
112.1399454306301,0.39228515624999616,0.6041992187499751,0.23471679687499925
112.15808996851064,0.3923828124999962,0.604248046874975,0.23486328124999925
112.15914283995252,0.3926269531249962,0.604492187499975,0.23505859374999924
112.1715067356942,0.3928710937499962,0.604736328124975,0.23525390624999923
112.17689107688244,0.3931152343749962,0.604980468749975,0.23544921874999922
112.2082845472224,0.3932128906249962,0.605029296874975,0.23559570312499922
112.21040121183322,0.3934570312499962,0.605273437499975,0.2357910156249992
112.24486725716348,0.3937011718749962,0.605517578124975,0.2359863281249992
112.24818731673422,0.3937988281249962,0.6055664062499749,0.2361328124999992
112.27072793183102,0.3939941406249962,0.605664062499975,0.2363769531249992
112.27608750423906,0.39409179687499624,0.6057128906249749,0.2365234374999992
112.30667455599796,0.39418945312499626,0.6057617187499749,0.23666992187499922
112.33852087317544,0.3942871093749963,0.6058105468749748,0.23681640624999922
112.35228347278922,0.3945312499999963,0.6060546874999748,0.2370117187499992
112.384070058652,0.3946289062499963,0.6061035156249748,0.23715820312499922
112.38744633523852,0.3947265624999963,0.6061523437499747,0.23730468749999922
112.40525870223031,0.3949218749999963,0.6062499999999748,0.23754882812499922
112.409195114116,0.3951660156249963,0.6064941406249748,0.2377441406249992
112.41862680530777,0.39526367187499634,0.6065429687499747,0.23789062499999922
112.42591507920255,0.395328776041663,0.6066894531249747,0.2379069010416659
112.44031071887488,0.395426432291663,0.6067382812499746,0.2380533854166659
112.44031253121511,0.39552408854166304,0.6067871093749746,0.2381998697916659
112.46150477311008,0.39571940104166303,0.6068847656249746,0.2384440104166659
112.46731713551272,0.39581705729166305,0.6069335937499746,0.2385904947916659
112.46829059821108,0.3959147135416631,0.6069824218749745,0.23873697916666592
112.46913473936384,0.3960123697916631,0.6070312499999745,0.23888346354166592
112.48387958547626,0.3961100260416631,0.6070800781249744,0.23902994791666593
112.49884895676652,0.3963053385416631,0.6071777343749745,0.23927408854166593
112.54156607301768,0.39640299479166313,0.6072265624999744,0.23942057291666594
112.57428656358178,0.39650065104166315,0.6072753906249744,0.23956705729166594
112.58728836774414,0.3965657552083298,0.6074218749999744,0.23958333333333262
112.58908552204208,0.39666341145832984,0.6074707031249743,0.23972981770833263
112.59148980834333,0.39676106770832986,0.6075195312499743,0.23987630208333263
112.63560412300971,0.39700520833332986,0.6077636718749743,0.24007161458333262
112.64551712894163,0.3971028645833299,0.6078124999999742,0.24021809895833263
112.6573242691916,0.3972005208333299,0.6078613281249742,0.24036458333333263
112.68086428420402,0.39726562499999657,0.6080078124999742,0.2403808593749993
112.68665702364504,0.3973632812499966,0.6080566406249741,0.24052734374999932
112.69409253615532,0.3974609374999966,0.6081054687499741,0.24067382812499932
112.71342379996102,0.39755859374999664,0.608154296874974,0.24082031249999933
112.74927115353611,0.39780273437499664,0.608398437499974,0.24101562499999932
112.75349432121138,0.3978678385416633,0.608544921874974,0.241031901041666
112.75916797276297,0.3980631510416633,0.608642578124974,0.241276041666666
112.76755982737066,0.3982584635416633,0.608740234374974,0.241520182291666
112.76833160861209,0.3985026041666633,0.608984374999974,0.24171549479166599
112.80232843806722,0.39869791666666327,0.6090820312499741,0.24195963541666599
112.82631341279968,0.3987955729166633,0.609130859374974,0.242106119791666
112.8532731155712,0.3990397135416633,0.609374999999974,0.24230143229166598
112.8562715047874,0.3992838541666633,0.609619140624974,0.24249674479166597
112.86210712205887,0.3993815104166633,0.609667968749974,0.24264322916666597
112.863322245863,0.39947916666666333,0.6097167968749739,0.24278971354166598
112.88713210011116,0.39957682291666335,0.6097656249999739,0.24293619791666599
112.894743174187,0.3996744791666634,0.6098144531249738,0.243082682291666
112.89854125872196,0.3999186197916634,0.6100585937499738,0.24327799479166598
112.91680930448932,0.4001627604166634,0.6103027343749738,0.24347330729166597
112.92504765751872,0.4002604166666634,0.6103515624999738,0.24361979166666597
112.9453631117389,0.4005045572916634,0.6105957031249738,0.24381510416666596
112.98184364653252,0.4007486979166634,0.6108398437499738,0.24401041666666595
113.02880591661749,0.4008463541666634,0.6108886718749738,0.24415690104166596
113.03540465427191,0.4010416666666634,0.6109863281249738,0.24440104166666596
113.05698165440272,0.4012369791666634,0.6110839843749738,0.24464518229166596
113.08510374440873,0.4014811197916634,0.6113281249999738,0.24484049479166595
113.10765479975836,0.4016764322916634,0.6114257812499738,0.24508463541666595
113.13016670653516,0.4018717447916634,0.6115234374999738,0.24532877604166595
113.13742359187243,0.40206705729166337,0.6116210937499739,0.24557291666666595
113.14707614403832,0.40213216145833003,0.6117675781249738,0.24558919270833263
113.14793966385912,0.40222981770833005,0.6118164062499738,0.24573567708333263
113.15003493585924,0.40242513020833004,0.6119140624999738,0.24597981770833263
113.15069522589178,0.40262044270833003,0.6120117187499738,0.24622395833333263
113.161934252522,0.40271809895833005,0.6120605468749738,0.24637044270833264
113.17066719895192,0.40291341145833004,0.6121582031249738,0.24661458333333264
113.17436211777542,0.40301106770833006,0.6122070312499738,0.24676106770833264
113.18632855567732,0.40320638020833005,0.6123046874999738,0.24700520833333264
113.21524824341672,0.40345052083333005,0.6125488281249738,0.24720052083333263
113.25477556696332,0.40364583333333004,0.6126464843749738,0.24744466145833263
113.26282053850215,0.40374348958333006,0.6126953124999738,0.24759114583333264
113.280757131434,0.4038411458333301,0.6127441406249737,0.24773763020833264
113.28550923084867,0.4040364583333301,0.6128417968749738,0.24798177083333264
113.30288763581866,0.40423177083333006,0.6129394531249738,0.24822591145833264
113.31614348687025,0.4042968749999967,0.6130859374999738,0.24824218749999932
113.31683160970148,0.40439453124999675,0.6131347656249737,0.24838867187499933
113.32231319473242,0.40458984374999674,0.6132324218749737,0.24863281249999933
113.33915920301244,0.40483398437499674,0.6134765624999737,0.24882812499999932
113.34370487635582,0.40493164062499676,0.6135253906249737,0.24897460937499932
113.35487257903192,0.4050292968749968,0.6135742187499736,0.24912109374999933
113.35870149579624,0.4051269531249968,0.6136230468749736,0.24926757812499933
113.38957181190686,0.4053710937499968,0.6138671874999736,0.24946289062499932
113.3991722394797,0.4054687499999968,0.6139160156249736,0.24960937499999933
113.40339855956152,0.4056640624999968,0.6140136718749736,0.24985351562499933
113.40503944010683,0.40576171874999684,0.6140624999999735,0.24999999999999933
113.40604482849564,0.40585937499999686,0.6141113281249735,0.2501464843749993
113.41836702501556,0.4059570312499969,0.6141601562499734,0.2502929687499993
113.43570471283584,0.40615234374999687,0.6142578124999735,0.2505371093749993
113.4424161939318,0.4062499999999969,0.6143066406249734,0.25068359374999927
113.4522326204,0.4064453124999969,0.6144042968749734,0.25092773437499927
113.46808838632155,0.4065429687499969,0.6144531249999734,0.25107421874999925
113.47284376810308,0.4066406249999969,0.6145019531249734,0.2512207031249992
113.4831677848468,0.40673828124999695,0.6145507812499733,0.2513671874999992
113.4874080509883,0.40698242187499695,0.6147949218749733,0.2515624999999992
113.49908317517009,0.40717773437499694,0.6148925781249733,0.2518066406249992
113.51235628017524,0.40727539062499696,0.6149414062499733,0.25195312499999917
113.52188683046944,0.40747070312499695,0.6150390624999733,0.25219726562499917
113.54895690085534,0.40756835937499697,0.6150878906249733,0.25234374999999915
113.55970258795725,0.40781249999999697,0.6153320312499733,0.25253906249999913
113.5656860920808,0.40800781249999696,0.6154296874999733,0.25278320312499913
113.60328431407616,0.40825195312499696,0.6156738281249733,0.2529785156249991
113.6264706094274,0.408349609374997,0.6157226562499732,0.2531249999999991
113.64429780433596,0.408447265624997,0.6157714843749732,0.2532714843749991
113.64833474609333,0.408544921874997,0.6158203124999732,0.25341796874999906
113.65715643756536,0.40864257812499705,0.6158691406249731,0.25356445312499903
113.67520116621624,0.40874023437499707,0.6159179687499731,0.253710937499999
113.6775114871077,0.40898437499999707,0.6161621093749731,0.253906249999999
113.67956803615832,0.4090820312499971,0.616210937499973,0.254052734374999
113.69904747110138,0.4091796874999971,0.616259765624973,0.25419921874999896
113.7052059002408,0.40927734374999714,0.6163085937499729,0.25434570312499893
113.71025794061718,0.40937499999999716,0.6163574218749729,0.2544921874999989
113.71923370361928,0.40957031249999715,0.6164550781249729,0.2547363281249989
113.73588763525696,0.40966796874999717,0.6165039062499729,0.2548828124999989
113.74381503608048,0.4097656249999972,0.6165527343749728,0.25502929687499887
113.7476623064777,0.4098632812499972,0.6166015624999728,0.25517578124999885
113.76335473242912,0.4100585937499972,0.6166992187499728,0.25541992187499885
113.76768626199711,0.4102539062499972,0.6167968749999728,0.25566406249999885
113.76800447219688,0.4103515624999972,0.6168457031249728,0.2558105468749988
113.78368416848583,0.41044921874999724,0.6168945312499727,0.2559570312499988
113.78736984016956,0.41054687499999726,0.6169433593749727,0.2561035156249988
113.790199112596,0.4106445312499973,0.6169921874999726,0.25624999999999876
113.79242295430504,0.4107421874999973,0.6170410156249726,0.25639648437499873
113.79259015096854,0.4108398437499973,0.6170898437499726,0.2565429687499987
113.80018429663932,0.41093749999999735,0.6171386718749725,0.2566894531249987
113.80789222968812,0.41103515624999737,0.6171874999999725,0.25683593749999867
113.84424615520687,0.41127929687499737,0.6174316406249725,0.25703124999999866
113.85808596985989,0.4113769531249974,0.6174804687499724,0.25717773437499863
113.86586288166735,0.4116210937499974,0.6177246093749724,0.2573730468749986
113.8971429913402,0.4117187499999974,0.6177734374999724,0.2575195312499986
113.909165151672,0.41181640624999744,0.6178222656249723,0.2576660156249986
113.9091893611033,0.4120117187499974,0.6179199218749724,0.2579101562499986
113.90937107276729,0.41210937499999745,0.6179687499999723,0.25805664062499856
113.91488905842093,0.41235351562499745,0.6182128906249723,0.25825195312499855
113.92438857010973,0.41245117187499747,0.6182617187499723,0.2583984374999985
113.92591686082994,0.4125488281249975,0.6183105468749722,0.2585449218749985
113.93746779701073,0.4126464843749975,0.6183593749999722,0.2586914062499985
113.944612743864,0.41274414062499754,0.6184082031249721,0.25883789062499846
113.94833170401436,0.41284179687499756,0.6184570312499721,0.25898437499999843
113.94907387091692,0.41303710937499755,0.6185546874999721,0.25922851562499843
113.9521053777779,0.41313476562499757,0.6186035156249721,0.2593749999999984
113.95258308213614,0.41333007812499756,0.6187011718749721,0.2596191406249984
113.9530351650153,0.4134277343749976,0.618749999999972,0.2597656249999984
113.96277888213493,0.4135253906249976,0.618798828124972,0.25991210937499837
113.97246166311228,0.4136230468749976,0.618847656249972,0.26005859374999835
113.97359102884236,0.41372070312499765,0.6188964843749719,0.2602050781249983
113.97979186612264,0.41381835937499767,0.6189453124999719,0.2603515624999983
113.98262796280297,0.4139160156249977,0.6189941406249718,0.2604980468749983
113.986352269089,0.41398111979166435,0.6191406249999718,0.26051432291666493
113.989336308174,0.4140787760416644,0.6191894531249718,0.2606608072916649
113.99088029664074,0.4141764322916644,0.6192382812499717,0.2608072916666649
113.99308894620104,0.41424153645833106,0.6193847656249717,0.26082356770833154
113.99716203082654,0.4143391927083311,0.6194335937499716,0.2609700520833315
114.02552935479252,0.4144368489583311,0.6194824218749716,0.2611165364583315
114.03318798774644,0.4145345052083311,0.6195312499999716,0.26126302083333147
114.03600415506487,0.4147298177083311,0.6196289062499716,0.26150716145833147
114.03694556193052,0.41482747395833114,0.6196777343749715,0.26165364583333145
114.03928789386195,0.4150227864583311,0.6197753906249716,0.26189778645833145
114.04238840269458,0.4152669270833311,0.6200195312499716,0.26209309895833144
114.06880653599347,0.4154622395833311,0.6201171874999716,0.26233723958333144
114.07232302552208,0.41555989583333114,0.6201660156249715,0.2624837239583314
114.07329970436751,0.41565755208333116,0.6202148437499715,0.2626302083333314
114.09132380707106,0.41585286458333115,0.6203124999999715,0.2628743489583314
114.10315619218709,0.41595052083333117,0.6203613281249715,0.26302083333333137
114.10354303487364,0.41614583333333116,0.6204589843749715,0.26326497395833137
114.1111968977502,0.41638997395833116,0.6207031249999715,0.26346028645833136
114.11964288078688,0.4164876302083312,0.6207519531249714,0.26360677083333134
114.13647032923662,0.41668294270833117,0.6208496093749715,0.26385091145833134
114.14062753595056,0.41687825520833116,0.6209472656249715,0.26409505208333134
114.1532750426409,0.4169759114583312,0.6209960937499714,0.2642415364583313
114.17957848700006,0.4170735677083312,0.6210449218749714,0.2643880208333313
114.17986395452112,0.4172688802083312,0.6211425781249714,0.2646321614583313
114.1828255925968,0.4173665364583312,0.6211914062499714,0.26477864583333127
114.18876187850776,0.41746419270833124,0.6212402343749713,0.26492513020833125
114.2153664870838,0.41756184895833126,0.6212890624999713,0.2650716145833312
114.22319198556754,0.4176595052083313,0.6213378906249712,0.2652180989583312
114.2327807001607,0.41785481770833127,0.6214355468749713,0.2654622395833312
114.24106122557076,0.4179524739583313,0.6214843749999712,0.2656087239583312
114.2424641350496,0.4181966145833313,0.6217285156249712,0.26580403645833117
114.2543557049809,0.4183919270833313,0.6218261718749712,0.26604817708333117
114.25556603092816,0.4184895833333313,0.6218749999999712,0.26619466145833115
114.25676599477528,0.4186848958333313,0.6219726562499712,0.26643880208333115
114.27070467231432,0.4187825520833313,0.6220214843749712,0.2665852864583311
114.27504515613435,0.4190266927083313,0.6222656249999712,0.2667805989583311
114.3054535496239,0.41912434895833134,0.6223144531249711,0.2669270833333311
114.31847154416349,0.41922200520833136,0.6223632812499711,0.26707356770833107
114.36110582662502,0.4193196614583314,0.622412109374971,0.26722005208333105
114.36485026217755,0.4194173177083314,0.622460937499971,0.26736653645833103
114.39074574136312,0.4195149739583314,0.622509765624971,0.267513020833331
114.3981775835117,0.41961263020833145,0.6225585937499709,0.267659505208331
114.39818973598072,0.4196777343749981,0.6227050781249709,0.26767578124999764
114.3993943606363,0.41977539062499813,0.6227539062499708,0.2678222656249976
114.40331335894751,0.41987304687499816,0.6228027343749708,0.2679687499999976
114.4092583268545,0.4199707031249982,0.6228515624999708,0.26811523437499757
114.42291871045036,0.4200683593749982,0.6229003906249707,0.26826171874999755
114.43396601415292,0.4202636718749982,0.6229980468749707,0.26850585937499755
114.44008800843235,0.4203613281249982,0.6230468749999707,0.2686523437499975
114.44886853562132,0.4205566406249982,0.6231445312499707,0.2688964843749975
114.4511041583264,0.4208007812499982,0.6233886718749707,0.2690917968749975
114.4583742685192,0.4208984374999982,0.6234374999999707,0.2692382812499975
114.46150662619613,0.42099609374999825,0.6234863281249706,0.26938476562499747
114.48222153350966,0.42124023437499825,0.6237304687499706,0.26958007812499746
114.48251151873296,0.42133789062499827,0.6237792968749706,0.26972656249999744
114.50068503825874,0.42153320312499826,0.6238769531249706,0.26997070312499744
114.50301430947675,0.42172851562499825,0.6239746093749706,0.27021484374999744
114.5070260383266,0.42182617187499827,0.6240234374999706,0.2703613281249974
114.50977218481891,0.42202148437499826,0.6241210937499706,0.2706054687499974
114.51484027294242,0.4221191406249983,0.6241699218749706,0.2707519531249974
114.52239085163448,0.42231445312499827,0.6242675781249706,0.2709960937499974
114.5338616603116,0.42255859374999827,0.6245117187499706,0.2711914062499974
114.55191596960336,0.4226562499999983,0.6245605468749705,0.27133789062499736
114.56146612027406,0.4229003906249983,0.6248046874999705,0.27153320312499735
114.5943737959132,0.4229980468749983,0.6248535156249705,0.2716796874999973
114.59679197672466,0.4231933593749983,0.6249511718749705,0.2719238281249973
114.6021371719774,0.4232910156249983,0.6249999999999705,0.2720703124999973
114.61162235617992,0.42338867187499835,0.6250488281249704,0.2722167968749973
114.61829140021835,0.42348632812499837,0.6250976562499704,0.27236328124999726
114.6304928671865,0.4235839843749984,0.6251464843749703,0.27250976562499724
114.63339660625384,0.4236816406249984,0.6251953124999703,0.2726562499999972
114.64760785817114,0.4238769531249984,0.6252929687499703,0.2729003906249972
114.65106267517004,0.4239746093749984,0.6253417968749703,0.2730468749999972
114.6532171408622,0.4241699218749984,0.6254394531249703,0.2732910156249972
114.6566689892255,0.42426757812499843,0.6254882812499702,0.27343749999999717
114.67276692076676,0.42436523437499846,0.6255371093749702,0.27358398437499715
114.68460215327624,0.4244628906249985,0.6255859374999702,0.2737304687499971
114.6987825631176,0.4245605468749985,0.6256347656249701,0.2738769531249971
114.70120333179018,0.4246582031249985,0.6256835937499701,0.2740234374999971
114.70492746204675,0.42475585937499855,0.62573242187497,0.27416992187499706
114.71610952446322,0.42485351562499857,0.62578124999997,0.27431640624999704
114.72312085954154,0.4249511718749986,0.6258300781249699,0.274462890624997
114.72458732355736,0.4251953124999986,0.6260742187499699,0.274658203124997
114.7251286045465,0.42526041666666525,0.6262207031249699,0.27467447916666365
114.7253164739824,0.4253580729166653,0.6262695312499699,0.27482096354166363
114.72814003996484,0.4254557291666653,0.6263183593749698,0.2749674479166636
114.73543908448345,0.4255533854166653,0.6263671874999698,0.2751139322916636
114.74288662613992,0.4257486979166653,0.6264648437499698,0.2753580729166636
114.74338995581616,0.42584635416666533,0.6265136718749698,0.27550455729166357
114.748665286165,0.4260416666666653,0.6266113281249698,0.27574869791666357
114.76982448769196,0.42613932291666534,0.6266601562499697,0.27589518229166354
114.77523059243757,0.42623697916666536,0.6267089843749697,0.2760416666666635
114.79924821676477,0.4263346354166654,0.6267578124999696,0.2761881510416635
114.80921563945564,0.4264322916666654,0.6268066406249696,0.2763346354166635
114.82421409884832,0.4266764322916654,0.6270507812499696,0.27652994791666347
114.82729061141494,0.42677408854166543,0.6270996093749696,0.27667643229166344
114.84884385307292,0.42687174479166545,0.6271484374999695,0.2768229166666634
114.85778406952042,0.4269694010416655,0.6271972656249695,0.2769694010416634
114.87288188691858,0.4270670572916655,0.6272460937499694,0.2771158854166634
114.89378263207682,0.4271647135416655,0.6272949218749694,0.27726236979166335
114.89889535750632,0.42726236979166554,0.6273437499999693,0.27740885416666333
114.90648197570538,0.42736002604166556,0.6273925781249693,0.2775553385416633
114.92105826934338,0.4274576822916656,0.6274414062499692,0.2777018229166633
114.92213753656414,0.4276529947916656,0.6275390624999693,0.2779459635416633
114.92333153928855,0.4278971354166656,0.6277832031249693,0.2781412760416633
114.93196280275134,0.4279947916666656,0.6278320312499692,0.27828776041666325
114.9498584402413,0.4280924479166656,0.6278808593749692,0.27843424479166323
114.96643690781156,0.42819010416666564,0.6279296874999691,0.2785807291666632
114.98168604974212,0.42843424479166564,0.6281738281249691,0.2787760416666632
114.9895906246762,0.42862955729166563,0.6282714843749692,0.2790201822916632
114.99483433907876,0.4288248697916656,0.6283691406249692,0.2792643229166632
114.997305674637,0.42892252604166564,0.6284179687499691,0.2794108072916632
115.00314111671942,0.42911783854166563,0.6285156249999692,0.2796549479166632
115.00383131653142,0.42921549479166565,0.6285644531249691,0.27980143229166315
115.0097090685082,0.4292805989583323,0.6287109374999691,0.2798177083333298
115.01052749998703,0.42937825520833234,0.628759765624969,0.2799641927083298
115.01231590772149,0.42947591145833236,0.628808593749969,0.28011067708332976
115.02750312980346,0.4295735677083324,0.628857421874969,0.28025716145832974
115.03347631227932,0.42976888020833237,0.628955078124969,0.28050130208332974
115.04615886452552,0.42996419270833236,0.629052734374969,0.28074544270832974
115.04931066282889,0.4300618489583324,0.629101562499969,0.2808919270833297
115.05750550333109,0.4301595052083324,0.6291503906249689,0.2810384114583297
115.05810493803544,0.4302571614583324,0.6291992187499689,0.2811848958333297
115.09553838634216,0.43035481770833245,0.6292480468749688,0.28133138020832965
115.10039481998028,0.43055013020833244,0.6293457031249688,0.28157552083332965
115.1044521601869,0.43064778645833246,0.6293945312499688,0.28172200520832963
115.10779479009388,0.43084309895833245,0.6294921874999688,0.28196614583332963
115.1118438950951,0.43094075520833247,0.6295410156249688,0.2821126302083296
115.11753182513564,0.4310384114583325,0.6295898437499687,0.2822591145833296
115.12037297736488,0.4311360677083325,0.6296386718749687,0.28240559895832956
115.13185477951656,0.4313313802083325,0.6297363281249687,0.28264973958332956
115.1434660742358,0.4315266927083325,0.6298339843749687,0.28289388020832956
115.1490678046532,0.4316243489583325,0.6298828124999687,0.28304036458332954
115.15247426521424,0.43172200520833254,0.6299316406249686,0.2831868489583295
115.15465038430824,0.43181966145833256,0.6299804687499686,0.2833333333333295
115.15769476504848,0.4319173177083326,0.6300292968749686,0.2834798177083295
115.16309094805828,0.4321614583333326,0.6302734374999686,0.28367513020832946
115.17179715043017,0.4322591145833326,0.6303222656249685,0.28382161458332944
115.17676641431096,0.4323567708333326,0.6303710937499685,0.2839680989583294
115.18074247531077,0.4326009114583326,0.6306152343749685,0.2841634114583294
115.18548994506608,0.4328450520833326,0.6308593749999685,0.2843587239583294
115.21565314011704,0.43294270833333265,0.6309082031249684,0.2845052083333294
115.21640274249894,0.43304036458333267,0.6309570312499684,0.28465169270832935
115.22249003995988,0.4331380208333327,0.6310058593749683,0.28479817708332933
115.24041323562156,0.4332356770833327,0.6310546874999683,0.2849446614583293
115.24861616085926,0.43333333333333274,0.6311035156249682,0.2850911458333293
115.25324767605478,0.43343098958333276,0.6311523437499682,0.28523763020832926
115.25373977362231,0.43362630208333275,0.6312499999999682,0.28548177083332926
115.2812082795878,0.43382161458333274,0.6313476562499682,0.28572591145832926
115.28892268122468,0.43406575520833274,0.6315917968749682,0.28592122395832925
115.3018374460204,0.43416341145833276,0.6316406249999682,0.28606770833332923
115.30573492702062,0.4342610677083328,0.6316894531249682,0.2862141927083292
115.30853063717808,0.4343587239583328,0.6317382812499681,0.2863606770833292
115.3287883828479,0.4344563802083328,0.6317871093749681,0.28650716145832916
115.34831189699732,0.43455403645833285,0.631835937499968,0.28665364583332914
115.35828519491854,0.43465169270833287,0.631884765624968,0.2868001302083291
115.38055818426086,0.4347493489583329,0.6319335937499679,0.2869466145833291
115.3876244946566,0.43481445312499956,0.6320800781249679,0.28696289062499575
115.38951073030827,0.43500976562499954,0.6321777343749679,0.28720703124999575
115.39334233990851,0.43510742187499957,0.6322265624999679,0.2873535156249957
115.39778759688706,0.4352050781249996,0.6322753906249678,0.2874999999999957
115.4077775988297,0.4353027343749996,0.6323242187499678,0.2876464843749957
115.4135136802106,0.43540039062499963,0.6323730468749678,0.28779296874999566
115.41947675324629,0.4355957031249996,0.6324707031249678,0.28803710937499566
115.4275409503568,0.4356608072916663,0.6326171874999678,0.2880533854166623
115.43011859094062,0.4357584635416663,0.6326660156249677,0.2881998697916623
115.43391293906056,0.43585611979166633,0.6327148437499677,0.28834635416666227
115.44668907974848,0.43595377604166635,0.6327636718749676,0.28849283854166224
115.45181992949088,0.4360514322916664,0.6328124999999676,0.2886393229166622
115.46049960594722,0.4361490885416664,0.6328613281249675,0.2887858072916622
115.46124019173884,0.4362467447916664,0.6329101562499675,0.2889322916666622
115.46473982916947,0.4364908854166664,0.6331542968749675,0.28912760416666217
115.47375526210384,0.43658854166666644,0.6332031249999674,0.28927408854166214
115.47445827409086,0.43668619791666646,0.6332519531249674,0.2894205729166621
115.4758670185144,0.43688151041666645,0.6333496093749674,0.2896647135416621
115.48871351395265,0.4369791666666665,0.6333984374999674,0.2898111979166621
115.49912948137548,0.4370768229166665,0.6334472656249673,0.2899576822916621
115.5151733226095,0.4372721354166665,0.6335449218749674,0.2902018229166621
115.5292882820752,0.4373697916666665,0.6335937499999673,0.29034830729166206
115.54188181145132,0.43746744791666653,0.6336425781249673,0.29049479166666203
115.55289666878764,0.43756510416666655,0.6336914062499672,0.290641276041662
115.56581753555696,0.4376627604166666,0.6337402343749672,0.290787760416662
115.56785014617024,0.4377604166666666,0.6337890624999671,0.29093424479166197
115.5926303640434,0.4378580729166666,0.6338378906249671,0.29108072916666194
115.59271178079484,0.43795572916666664,0.633886718749967,0.2912272135416619
115.59380849249682,0.43815104166666663,0.6339843749999671,0.2914713541666619
115.59398718709475,0.4383463541666666,0.6340820312499671,0.2917154947916619
115.60394923391846,0.43844401041666664,0.634130859374967,0.2918619791666619
115.641373493595,0.4385091145833333,0.634277343749967,0.29187825520832855
115.64482874081114,0.4387044270833333,0.634374999999967,0.29212239583332855
115.65073484037586,0.4388020833333333,0.634423828124967,0.29226888020832853
115.67695020233404,0.4390462239583333,0.634667968749967,0.2924641927083285
115.69979395137956,0.43914388020833334,0.634716796874967,0.2926106770833285
115.70164177216856,0.43924153645833336,0.6347656249999669,0.2927571614583285
115.70362347353492,0.4393391927083334,0.6348144531249669,0.29290364583332845
115.71350903705878,0.4394368489583334,0.6348632812499668,0.29305013020832843
115.75356070753898,0.43950195312500007,0.6350097656249668,0.2930664062499951
115.75643027567496,0.4395996093750001,0.6350585937499668,0.29321289062499506
115.75982994803393,0.4396972656250001,0.6351074218749667,0.29335937499999504
115.7624774861508,0.4398925781250001,0.6352050781249667,0.29360351562499504
115.76307520745192,0.4399902343750001,0.6352539062499667,0.293749999999995
115.76519275299478,0.44008789062500014,0.6353027343749666,0.293896484374995
115.77240336364908,0.44033203125000014,0.6355468749999666,0.294091796874995
115.7893072016851,0.44042968750000017,0.6355957031249666,0.29423828124999496
115.79323222002644,0.4405273437500002,0.6356445312499666,0.29438476562499494
115.8016819821362,0.4407226562500002,0.6357421874999666,0.29462890624999494
115.8035205009338,0.4408203125000002,0.6357910156249665,0.2947753906249949
115.8085691021912,0.4409179687500002,0.6358398437499665,0.2949218749999949
115.81982811060972,0.44101562500000024,0.6358886718749664,0.29506835937499487
115.82227265483856,0.44121093750000023,0.6359863281249665,0.29531249999999487
115.8294474628214,0.44130859375000026,0.6360351562499664,0.29545898437499485
115.84043868347784,0.44150390625000024,0.6361328124999664,0.29570312499999485
115.86716686289094,0.44160156250000027,0.6361816406249664,0.2958496093749948
115.86753403225268,0.4416992187500003,0.6362304687499664,0.2959960937499948
115.88120061931546,0.4419433593750003,0.6364746093749664,0.2961914062499948
115.88975280628172,0.44200846354166695,0.6366210937499663,0.29620768229166144
115.89548022569188,0.442106119791667,0.6366699218749663,0.2963541666666614
115.90448363671176,0.442203776041667,0.6367187499999662,0.2965006510416614
115.91253261938492,0.442301432291667,0.6367675781249662,0.2966471354166614
115.9174924493214,0.44239908854166704,0.6368164062499662,0.29679361979166136
115.92528115576168,0.44249674479166706,0.6368652343749661,0.29694010416666133
115.92529636726486,0.44269205729166705,0.6369628906249661,0.29718424479166133
115.92532139465582,0.4427897135416671,0.6370117187499661,0.2973307291666613
115.93152966081372,0.4430338541666671,0.6372558593749661,0.2975260416666613
115.9349670086239,0.4431315104166671,0.637304687499966,0.2976725260416613
115.9466345272257,0.4433268229166671,0.6374023437499661,0.2979166666666613
115.94910211094664,0.4434244791666671,0.637451171874966,0.29806315104166126
115.9528551063888,0.44352213541666713,0.637499999999966,0.29820963541666123
115.95393165830043,0.44361979166666715,0.6375488281249659,0.2983561197916612
115.96563283164475,0.4437174479166672,0.6375976562499659,0.2985026041666612
115.98061272276485,0.4438151041666672,0.6376464843749658,0.29864908854166117
115.98697876759157,0.4439127604166672,0.6376953124999658,0.29879557291666115
116.007181955858,0.44401041666666724,0.6377441406249658,0.2989420572916611
116.01774782317648,0.44425455729166724,0.6379882812499658,0.2991373697916611
116.02195353775288,0.44444986979166723,0.6380859374999658,0.2993815104166611
116.02220855891004,0.44454752604166725,0.6381347656249657,0.2995279947916611
116.04556025363388,0.4446451822916673,0.6381835937499657,0.29967447916666107
116.05061819477594,0.4447428385416673,0.6382324218749656,0.29982096354166105
116.06846527732046,0.4448404947916673,0.6382812499999656,0.299967447916661
116.08074102453688,0.4450358072916673,0.6383789062499656,0.300211588541661
116.08219939710946,0.4452799479166673,0.6386230468749656,0.300406901041661
116.0894289354596,0.44537760416666733,0.6386718749999656,0.300553385416661
116.0937145486275,0.44547526041666735,0.6387207031249655,0.30069986979166097
116.1001266575569,0.4455729166666674,0.6387695312499655,0.30084635416666095
116.10178949388654,0.4456705729166674,0.6388183593749654,0.3009928385416609
116.1026060801392,0.4457682291666674,0.6388671874999654,0.3011393229166609
116.11707533698764,0.44586588541666744,0.6389160156249654,0.3012858072916609
116.12497384126604,0.44611002604166744,0.6391601562499654,0.30148111979166087
116.13074904368874,0.44620768229166746,0.6392089843749653,0.30162760416666085
116.1340452104394,0.4463053385416675,0.6392578124999653,0.3017740885416608
116.13695409270176,0.4464029947916675,0.6393066406249652,0.3019205729166608
116.14090925001072,0.44650065104166753,0.6393554687499652,0.3020670572916608
116.14908163709026,0.44659830729166755,0.6394042968749651,0.30221354166666076
116.1567030655048,0.4466959635416676,0.6394531249999651,0.30236002604166073
116.16196559583544,0.4467936197916676,0.639501953124965,0.3025065104166607
116.17386594943534,0.4468912760416676,0.639550781249965,0.3026529947916607
116.21388512772997,0.4469563802083343,0.639697265624965,0.30266927083332734
116.21813011520986,0.44715169270833427,0.639794921874965,0.30291341145832734
116.22287729454033,0.4472493489583343,0.639843749999965,0.3030598958333273
116.22637272848031,0.4473470052083343,0.6398925781249649,0.3032063802083273
116.22906654842627,0.44744466145833434,0.6399414062499649,0.3033528645833273
116.23007310361658,0.44768880208333434,0.6401855468749649,0.30354817708332726
116.23222202760064,0.4478841145833343,0.6402832031249649,0.30379231770832726
116.23931896172552,0.44798177083333435,0.6403320312499649,0.30393880208332724
116.24071977704013,0.44822591145833435,0.6405761718749649,0.30413411458332723
116.2446660798159,0.44832356770833437,0.6406249999999648,0.3042805989583272
116.25231532619276,0.4484212239583344,0.6406738281249648,0.3044270833333272
116.26291083816464,0.4485188802083344,0.6407226562499647,0.30457356770832716
116.27891091465268,0.4485839843750011,0.6408691406249647,0.3045898437499938
116.28166881550432,0.44877929687500107,0.6409667968749647,0.3048339843749938
116.28347666097667,0.4488769531250011,0.6410156249999647,0.3049804687499938
116.28723767828058,0.4489746093750011,0.6410644531249646,0.30512695312499377
116.29920796979472,0.44907226562500113,0.6411132812499646,0.30527343749999375
116.30142199235364,0.44916992187500115,0.6411621093749645,0.3054199218749937
116.30789904733012,0.4492675781250012,0.6412109374999645,0.3055664062499937
116.30992032810802,0.4493652343750012,0.6412597656249645,0.3057128906249937
116.32926411739452,0.4494628906250012,0.6413085937499644,0.30585937499999366
116.33613729729755,0.44956054687500124,0.6413574218749644,0.30600585937499364
116.33939221316275,0.44975585937500123,0.6414550781249644,0.30624999999999364
116.34004360361352,0.44985351562500125,0.6415039062499643,0.3063964843749936
116.35481513473144,0.45004882812500124,0.6416015624999644,0.3066406249999936
116.36097786598415,0.45014648437500127,0.6416503906249643,0.3067871093749936
116.36391943329912,0.45039062500000127,0.6418945312499643,0.3069824218749936
116.36668019334287,0.4504882812500013,0.6419433593749643,0.30712890624999356
116.37978775791024,0.4505859375000013,0.6419921874999642,0.30727539062499354
116.40073567393986,0.45068359375000133,0.6420410156249642,0.3074218749999935
116.40367698497118,0.45078125000000135,0.6420898437499641,0.3075683593749935
116.40609433904817,0.4508789062500014,0.6421386718749641,0.30771484374999347
116.4112733425332,0.4509765625000014,0.642187499999964,0.30786132812499345
116.42316492518772,0.4510742187500014,0.642236328124964,0.3080078124999934
116.43696849354438,0.45117187500000144,0.642285156249964,0.3081542968749934
116.43936127075936,0.45126953125000147,0.6423339843749639,0.3083007812499934
116.44303590446724,0.4513671875000015,0.6423828124999639,0.30844726562499336
116.44537711525032,0.4514648437500015,0.6424316406249638,0.30859374999999334
116.44999597366716,0.45156250000000153,0.6424804687499638,0.3087402343749933
116.4535070707268,0.45166015625000155,0.6425292968749637,0.3088867187499933
116.45858810597332,0.4517578125000016,0.6425781249999637,0.30903320312499327
116.4619589145556,0.4518554687500016,0.6426269531249637,0.30917968749999325
116.46329073220328,0.4520507812500016,0.6427246093749637,0.30942382812499325
116.46669366196566,0.4522460937500016,0.6428222656249637,0.30966796874999325
116.46762977205024,0.4523437500000016,0.6428710937499637,0.3098144531249932
116.46907525820416,0.4525390625000016,0.6429687499999637,0.3100585937499932
116.47352504407382,0.45260416666666825,0.6431152343749637,0.3100748697916599
116.47386140547322,0.4526692708333349,0.6432617187499636,0.31009114583332653
116.47629846375648,0.45276692708333494,0.6433105468749636,0.3102376302083265
116.47796121078989,0.45286458333333496,0.6433593749999635,0.3103841145833265
116.48077488854776,0.452962239583335,0.6434082031249635,0.31053059895832646
116.49163346226248,0.453059895833335,0.6434570312499635,0.31067708333332644
116.49655300673604,0.453157552083335,0.6435058593749634,0.3108235677083264
116.49796251257447,0.45325520833333505,0.6435546874999634,0.3109700520833264
116.49943434358016,0.45345052083333504,0.6436523437499634,0.3112141927083264
116.50297513405567,0.45354817708333506,0.6437011718749633,0.3113606770833264
116.5089769385951,0.4536458333333351,0.6437499999999633,0.31150716145832635
116.52179847003448,0.45384114583333507,0.6438476562499633,0.31175130208332635
116.52320273826082,0.4539388020833351,0.6438964843749633,0.31189778645832633
116.53188630576584,0.4540364583333351,0.6439453124999632,0.3120442708333263
116.53246254903124,0.4542317708333351,0.6440429687499633,0.3122884114583263
116.53984193164268,0.4543294270833351,0.6440917968749632,0.3124348958333263
116.54464099339114,0.45442708333333515,0.6441406249999632,0.31258138020832626
116.54495183720088,0.45452473958333517,0.6441894531249631,0.31272786458332624
116.54866924316896,0.45472005208333516,0.6442871093749631,0.31297200520832624
116.55107285760958,0.4548177083333352,0.6443359374999631,0.3131184895833262
116.55377530574084,0.45501302083333517,0.6444335937499631,0.3133626302083262
116.55534060420308,0.4551106770833352,0.6444824218749631,0.3135091145833262
116.56142062529614,0.4553059895833352,0.6445800781249631,0.3137532552083262
116.5727189177902,0.45550130208333517,0.6446777343749631,0.3139973958333262
116.57905349865013,0.4555989583333352,0.6447265624999631,0.3141438802083262
116.5791978402224,0.4556966145833352,0.644775390624963,0.31429036458332615
116.583531366111,0.45579427083333524,0.644824218749963,0.31443684895832613
116.596756234953,0.45589192708333526,0.6448730468749629,0.3145833333333261
116.6105066536428,0.4559895833333353,0.6449218749999629,0.3147298177083261
116.61920694620274,0.4560872395833353,0.6449707031249629,0.31487630208332607
116.6232101603068,0.4561848958333353,0.6450195312499628,0.31502278645832604
116.64465744122134,0.45628255208333535,0.6450683593749628,0.315169270833326
116.64682567000226,0.45638020833333537,0.6451171874999627,0.315315755208326
116.64724944859005,0.4564778645833354,0.6451660156249627,0.315462239583326
116.6638110999827,0.4566731770833354,0.6452636718749627,0.315706380208326
116.66644116625235,0.4567708333333354,0.6453124999999627,0.31585286458332595
116.66845730716612,0.4568684895833354,0.6453613281249626,0.31599934895832593
116.66962799072212,0.45696614583333545,0.6454101562499626,0.3161458333333259
116.67090760697717,0.45706380208333547,0.6454589843749625,0.3162923177083259
116.6774429702474,0.4571614583333355,0.6455078124999625,0.31643880208332587
116.68007460591603,0.4572591145833355,0.6455566406249624,0.31658528645832584
116.68537933882808,0.4573242187500022,0.6457031249999624,0.3166015624999925
116.68807999487171,0.4574218750000022,0.6457519531249624,0.3167480468749925
116.70200558088494,0.4575195312500022,0.6458007812499623,0.31689453124999245
116.7050955600412,0.45761718750000224,0.6458496093749623,0.31704101562499243
116.70662380315052,0.45771484375000226,0.6458984374999622,0.3171874999999924
116.70812029923069,0.4578125000000023,0.6459472656249622,0.3173339843749924
116.72314002295636,0.4579101562500023,0.6459960937499621,0.31748046874999236
116.72661594752626,0.4581054687500023,0.6460937499999622,0.31772460937499236
116.73047078408638,0.4582031250000023,0.6461425781249621,0.31787109374999234
116.73260400408977,0.45830078125000234,0.6461914062499621,0.3180175781249923
116.73308315070804,0.45839843750000236,0.646240234374962,0.3181640624999923
116.7388892588929,0.4584960937500024,0.646289062499962,0.3183105468749923
116.74016077607178,0.4585937500000024,0.6463378906249619,0.31845703124999225
116.74891223649117,0.4588378906250024,0.6465820312499619,0.31865234374999224
116.7584249728282,0.45893554687500243,0.6466308593749619,0.3187988281249922
116.76251150569388,0.45903320312500245,0.6466796874999619,0.3189453124999922
116.76887425304112,0.4591308593750025,0.6467285156249618,0.3190917968749922
116.77658865715478,0.4592285156250025,0.6467773437499618,0.31923828124999215
116.7815483009298,0.4593261718750025,0.6468261718749617,0.31938476562499213
116.78303003000411,0.45942382812500254,0.6468749999999617,0.3195312499999921
116.7985232685742,0.45961914062500253,0.6469726562499617,0.3197753906249921
116.80181296914714,0.45971679687500255,0.6470214843749617,0.3199218749999921
116.80446170681184,0.4598144531250026,0.6470703124999616,0.32006835937499206
116.81084910651808,0.4599121093750026,0.6471191406249616,0.32021484374999204
116.81309602563134,0.4601074218750026,0.6472167968749616,0.32045898437499204
116.81479341593308,0.4602050781250026,0.6472656249999615,0.320605468749992
116.81481224197796,0.46030273437500263,0.6473144531249615,0.320751953124992
116.81631014376592,0.46054687500000263,0.6475585937499615,0.320947265624992
116.8178480555206,0.46064453125000265,0.6476074218749615,0.32109374999999196
116.82082872833767,0.4607421875000027,0.6476562499999614,0.32124023437499194
116.82380216359898,0.4608398437500027,0.6477050781249614,0.3213867187499919
116.82655162309656,0.4609375000000027,0.6477539062499613,0.3215332031249919
116.83088635987984,0.46103515625000274,0.6478027343749613,0.3216796874999919
116.8311371969483,0.4611002604166694,0.6479492187499613,0.3216959635416585
116.83822786526268,0.4611979166666694,0.6479980468749612,0.3218424479166585
116.85560269175583,0.46129557291666945,0.6480468749999612,0.3219889322916585
116.8683356604968,0.46153971354166945,0.6482910156249612,0.32218424479165847
116.86874595314885,0.46178385416666945,0.6485351562499612,0.32237955729165846
116.8694609387164,0.46202799479166945,0.6487792968749612,0.32257486979165845
116.87419888150836,0.46212565104166947,0.6488281249999611,0.3227213541666584
116.87490665046074,0.4622233072916695,0.6488769531249611,0.3228678385416584
116.91997524019088,0.4623209635416695,0.648925781249961,0.3230143229166584
116.9235977374053,0.46241861979166954,0.648974609374961,0.32316080729165836
116.93158467409228,0.46251627604166956,0.6490234374999609,0.32330729166665834
116.93574163302476,0.4626139322916696,0.6490722656249609,0.3234537760416583
116.93910120174893,0.4627115885416696,0.6491210937499609,0.3236002604166583
116.9392315212082,0.4628092447916696,0.6491699218749608,0.32374674479165827
116.94163687183988,0.4630045572916696,0.6492675781249608,0.32399088541665827
116.94460502627828,0.46310221354166964,0.6493164062499608,0.32413736979165825
116.94554954676906,0.46319986979166966,0.6493652343749607,0.3242838541666582
116.94705618782356,0.4632975260416697,0.6494140624999607,0.3244303385416582
116.95310665239808,0.4633951822916697,0.6494628906249607,0.3245768229166582
116.95708228110618,0.4634928385416697,0.6495117187499606,0.32472330729165816
116.95785010954292,0.46359049479166975,0.6495605468749606,0.32486979166665814
116.95970202509864,0.46368815104166977,0.6496093749999605,0.3250162760416581
116.96100957063214,0.4637858072916698,0.6496582031249605,0.3251627604166581
116.96868590610777,0.4638834635416698,0.6497070312499604,0.32530924479165807
116.98040549000169,0.4641276041666698,0.6499511718749604,0.32550455729165806
116.98104021581732,0.4643717447916698,0.6501953124999604,0.32569986979165805
116.9887547245616,0.4644368489583365,0.6503417968749604,0.3257161458333247
116.99540089968828,0.46463216145833647,0.6504394531249604,0.3259602864583247
116.9958573448107,0.4647298177083365,0.6504882812499604,0.3261067708333247
116.99588741037788,0.4648274739583365,0.6505371093749603,0.32625325520832466
117.00373512804408,0.46492513020833653,0.6505859374999603,0.32639973958332463
117.00504147586722,0.4651204427083365,0.6506835937499603,0.32664388020832463
117.00600347888368,0.46521809895833655,0.6507324218749603,0.3267903645833246
117.0075401683909,0.4652832031250032,0.6508789062499603,0.32680664062499126
117.01366279627916,0.46538085937500323,0.6509277343749602,0.32695312499999124
117.01802370986805,0.46547851562500325,0.6509765624999602,0.3270996093749912
117.02132281213132,0.4655761718750033,0.6510253906249601,0.3272460937499912
117.02441251101288,0.4658203125000033,0.6512695312499601,0.3274414062499912
117.02610062529416,0.4659179687500033,0.6513183593749601,0.32758789062499116
117.03109907915294,0.4660156250000033,0.65136718749996,0.32773437499999114
117.03318163811304,0.46611328125000334,0.65141601562496,0.3278808593749911
117.04744382428365,0.46621093750000336,0.6514648437499599,0.3280273437499911
117.0506030320626,0.4663085937500034,0.6515136718749599,0.3281738281249911
117.0508971798678,0.4664062500000034,0.6515624999999599,0.32832031249999105
117.05536206291843,0.46650390625000343,0.6516113281249598,0.32846679687499103
117.05981735075768,0.46660156250000345,0.6516601562499598,0.328613281249991
117.06315711861136,0.46679687500000344,0.6517578124999598,0.328857421874991
117.07279240008698,0.46689453125000346,0.6518066406249597,0.329003906249991
117.07872689714668,0.4669921875000035,0.6518554687499597,0.32915039062499096
117.0787344613289,0.4672363281250035,0.6520996093749597,0.32934570312499095
117.0877827579848,0.4673339843750035,0.6521484374999597,0.32949218749999093
117.09049842762124,0.46743164062500353,0.6521972656249596,0.3296386718749909
117.10502341334433,0.4676269531250035,0.6522949218749596,0.3298828124999909
117.10540084210264,0.46772460937500354,0.6523437499999596,0.3300292968749909
117.111238351974,0.46782226562500356,0.6523925781249595,0.33017578124999086
117.11509998333598,0.46806640625000356,0.6526367187499595,0.33037109374999085
117.11701863481804,0.4681640625000036,0.6526855468749595,0.33051757812499083
117.11778426804568,0.46822916666667025,0.6528320312499595,0.3305338541666575
117.14018936698189,0.46832682291667027,0.6528808593749594,0.33068033854165746
117.14183636904689,0.4684244791666703,0.6529296874999594,0.33082682291665744
117.144936580807,0.4685221354166703,0.6529785156249593,0.3309733072916574
117.14879744378769,0.4687174479166703,0.6530761718749594,0.3312174479166574
117.14968727862164,0.4689127604166703,0.6531738281249594,0.3314615885416574
117.1498499817124,0.4691080729166703,0.6532714843749594,0.3317057291666574
117.15341854660564,0.46930338541667027,0.6533691406249594,0.3319498697916574
117.16416680163844,0.4694010416666703,0.6534179687499594,0.3320963541666574
117.16878529706368,0.4694986979166703,0.6534667968749593,0.33224283854165737
117.17063643159427,0.4697428385416703,0.6537109374999593,0.33243815104165736
117.17384013832896,0.46984049479167034,0.6537597656249593,0.33258463541665734
117.17531674664085,0.46993815104167036,0.6538085937499593,0.3327311197916573
117.17744142345956,0.4700358072916704,0.6538574218749592,0.3328776041666573
117.1895651568338,0.4701334635416704,0.6539062499999592,0.33302408854165727
117.19298329345628,0.4702311197916704,0.6539550781249591,0.33317057291665725
117.19687839352852,0.47032877604167045,0.6540039062499591,0.3333170572916572
117.19751804025626,0.47042643229167047,0.654052734374959,0.3334635416666572
117.20744359614343,0.47062174479167046,0.654150390624959,0.3337076822916572
117.20802962947272,0.47086588541667046,0.654394531249959,0.3339029947916572
117.21378455832664,0.4709635416666705,0.654443359374959,0.33404947916665717
117.21441221127118,0.4710611979166705,0.654492187499959,0.33419596354165715
117.21499188675922,0.4711588541666705,0.6545410156249589,0.3343424479166571
117.23124905651564,0.47125651041667055,0.6545898437499589,0.3344889322916571
117.23169374064516,0.47145182291667054,0.6546874999999589,0.3347330729166571
117.23336231443328,0.47154947916667056,0.6547363281249589,0.3348795572916571
117.23616770387108,0.4716471354166706,0.6547851562499588,0.33502604166665706
117.24913520001049,0.4717447916666706,0.6548339843749588,0.33517252604165704
117.26293123403916,0.4718424479166706,0.6548828124999587,0.335319010416657
117.26296898865644,0.47194010416667065,0.6549316406249587,0.335465494791657
117.2653203073816,0.47203776041667067,0.6549804687499586,0.33561197916665697
117.26615221220256,0.4721354166666707,0.6550292968749586,0.33575846354165695
117.2741749927694,0.4722330729166707,0.6550781249999585,0.3359049479166569
117.29617033214588,0.47233072916667074,0.6551269531249585,0.3360514322916569
117.29845324473628,0.47242838541667076,0.6551757812499585,0.3361979166666569
117.305546786134,0.4725260416666708,0.6552246093749584,0.33634440104165686
117.30818709115474,0.4726236979166708,0.6552734374999584,0.33649088541665684
117.30934291172836,0.4727213541666708,0.6553222656249583,0.3366373697916568
117.31232991717852,0.47281901041667085,0.6553710937499583,0.3367838541666568
117.31540047959486,0.47291666666667087,0.6554199218749582,0.33693033854165677
117.31597519856594,0.4730143229166709,0.6554687499999582,0.33707682291665675
117.32771690041032,0.4731119791666709,0.6555175781249581,0.3372233072916567
117.3441718487338,0.4733072916666709,0.6556152343749582,0.3374674479166567
117.34889404253695,0.4734049479166709,0.6556640624999581,0.3376139322916567
117.36571986796574,0.47350260416667095,0.6557128906249581,0.3377604166666567
117.36986198507527,0.47360026041667097,0.655761718749958,0.33790690104165666
117.37487608526368,0.473697916666671,0.655810546874958,0.33805338541665664
117.37673740320994,0.473795572916671,0.655859374999958,0.3381998697916566
117.38510353639552,0.47389322916667104,0.6559082031249579,0.3383463541666566
117.3963150957049,0.47399088541667106,0.6559570312499579,0.33849283854165657
117.39655058067264,0.4740885416666711,0.6560058593749578,0.33863932291665655
117.40145140439088,0.4741861979166711,0.6560546874999578,0.3387858072916565
117.40908750353604,0.4742838541666711,0.6561035156249577,0.3389322916666565
117.41773468746584,0.47438151041667115,0.6561523437499577,0.3390787760416565
117.4202248395428,0.47447916666667117,0.6562011718749576,0.33922526041665646
117.42060774709437,0.4745768229166712,0.6562499999999576,0.33937174479165644
117.42920385753828,0.4748209635416712,0.6564941406249576,0.3395670572916564
117.42925806062104,0.4750162760416712,0.6565917968749576,0.3398111979166564
117.42935213407436,0.4751139322916712,0.6566406249999576,0.3399576822916564
117.43544675107805,0.4752115885416712,0.6566894531249575,0.3401041666666564
117.44441989608482,0.47530924479167125,0.6567382812499575,0.34025065104165636
117.4461078264998,0.47540690104167127,0.6567871093749574,0.34039713541665634
117.44690405996433,0.47565104166667127,0.6570312499999574,0.3405924479166563
117.44723735928471,0.4757486979166713,0.6570800781249574,0.3407389322916563
117.4595642137798,0.4758463541666713,0.6571289062499573,0.3408854166666563
117.47498011357244,0.47594401041667134,0.6571777343749573,0.34103190104165626
117.48451809676452,0.47604166666667136,0.6572265624999573,0.34117838541665624
117.48980599886924,0.4761393229166714,0.6572753906249572,0.3413248697916562
117.50082206815782,0.4762369791666714,0.6573242187499572,0.3414713541666562
117.5031634073405,0.4764811197916714,0.6575683593749572,0.3416666666666562
117.50401802737252,0.4766764322916714,0.6576660156249572,0.3419108072916562
117.51077089630178,0.4767740885416714,0.6577148437499571,0.34205729166665616
117.51405841691206,0.47687174479167144,0.6577636718749571,0.34220377604165614
117.51699791332464,0.4770670572916714,0.6578613281249571,0.34244791666665614
117.51847691441682,0.47716471354167145,0.6579101562499571,0.3425944010416561
117.52420343392976,0.47726236979167147,0.657958984374957,0.3427408854166561
117.52541151952836,0.47745768229167146,0.6580566406249571,0.3429850260416561
117.53009345506791,0.4775553385416715,0.658105468749957,0.34313151041665607
117.53366893269651,0.4776529947916715,0.658154296874957,0.34327799479165605
117.53588110659484,0.4777506510416715,0.6582031249999569,0.343424479166656
117.54111580044788,0.47784830729167155,0.6582519531249569,0.343570963541656
117.54670485736004,0.47794596354167157,0.6583007812499568,0.343717447916656
117.54703082570092,0.47814127604167156,0.6583984374999569,0.343961588541656
117.5628904966258,0.4782389322916716,0.6584472656249568,0.34410807291665596
117.5709723087891,0.4783365885416716,0.6584960937499568,0.34425455729165594
117.57614476519016,0.4784342447916716,0.6585449218749567,0.3444010416666559
117.58980081310484,0.47853190104167165,0.6585937499999567,0.3445475260416559
117.59864420161846,0.47862955729167167,0.6586425781249566,0.34469401041665587
117.60069338311284,0.4787272135416717,0.6586914062499566,0.34484049479165585
117.60295340281913,0.4788248697916717,0.6587402343749565,0.3449869791666558
117.60350102739396,0.4790201822916717,0.6588378906249566,0.3452311197916558
117.60402622939586,0.4791178385416717,0.6588867187499565,0.3453776041666558
117.60822219239716,0.4793131510416717,0.6589843749999565,0.3456217447916558
117.60875024149694,0.47941080729167174,0.6590332031249565,0.3457682291666558
117.61814377104967,0.4796061197916717,0.6591308593749565,0.3460123697916558
117.61897302607336,0.47970377604167175,0.6591796874999565,0.34615885416665576
117.61911050334558,0.47980143229167177,0.6592285156249564,0.34630533854165574
117.62880536398458,0.48004557291667177,0.6594726562499564,0.3465006510416557
117.63234043758182,0.4801432291666718,0.6595214843749564,0.3466471354166557
117.63883400389768,0.4802408854166718,0.6595703124999563,0.3467936197916557
117.641079774323,0.48033854166667184,0.6596191406249563,0.34694010416665566
117.64167686154576,0.4805338541666718,0.6597167968749563,0.34718424479165566
117.64362657011092,0.48063151041667185,0.6597656249999563,0.34733072916665564
117.64511826179368,0.48072916666667187,0.6598144531249562,0.3474772135416556
117.64800946255028,0.4808268229166719,0.6598632812499562,0.3476236979166556
117.65309470394368,0.4809244791666719,0.6599121093749561,0.34777018229165557
117.65376963962925,0.48102213541667194,0.6599609374999561,0.34791666666665555
117.65911830404518,0.48107096354167195,0.6600097656249561,0.34801432291665557
117.6595034607589,0.48111979166667196,0.660058593749956,0.3481119791666556
117.66081583103882,0.48116861979167197,0.660107421874956,0.3482096354166556
117.66160945041734,0.481217447916672,0.6601562499999559,0.34830729166665564
117.6621587202714,0.481266276041672,0.6602050781249559,0.34840494791665566
117.66226293026553,0.481315104166672,0.6602539062499558,0.3485026041666557
117.66270360075502,0.481363932291672,0.6603027343749558,0.3486002604166557
117.66306893226782,0.481412760416672,0.6603515624999557,0.3486979166666557
117.66333446489573,0.48146158854167204,0.6604003906249557,0.34879557291665575
117.66350960225463,0.48151041666667205,0.6604492187499557,0.34889322916665577
117.66367295266356,0.48155924479167206,0.6604980468749556,0.3489908854166558
117.66402635841736,0.48160807291667207,0.6605468749999556,0.3490885416666558
117.66417174703312,0.4816569010416721,0.6605957031249555,0.34918619791665584
117.664303941851,0.4817057291666721,0.6606445312499555,0.34928385416665586
117.66442447548631,0.4817545572916721,0.6606933593749554,0.3493815104166559
117.66461897050576,0.4818522135416721,0.6607421874999554,0.34952799479165586
117.66468864479778,0.48190104166667214,0.6607910156249553,0.3496256510416559
117.66477008229678,0.48194986979167215,0.6608398437499553,0.3497233072916559
117.66489445380977,0.48199869791667216,0.6608886718749553,0.3498209635416559
117.6649916292288,0.48204752604167217,0.6609374999999552,0.34991861979165595
117.66521196184326,0.4820963541666722,0.6609863281249552,0.35001627604165597
117.66530600837712,0.4821451822916722,0.6610351562499551,0.350113932291656
117.66539381899312,0.4821940104166722,0.6610839843749551,0.350211588541656
117.665475405886,0.4822428385416722,0.661132812499955,0.35030924479165604
117.6656591090552,0.4822916666666722,0.661181640624955,0.35040690104165606
117.6657623065164,0.48234049479167224,0.661230468749955,0.3505045572916561
117.66578503604153,0.48238932291667225,0.6612792968749549,0.3506022135416561
117.66590499438172,0.48243815104167226,0.6613281249999549,0.3506998697916561
117.6660215869916,0.48248697916667227,0.6613769531249548,0.35079752604165615
117.66612690371832,0.4825358072916723,0.6614257812499548,0.35089518229165617
117.66614968664372,0.4825846354166723,0.6614746093749547,0.3509928385416562
117.66625627606416,0.4826334635416723,0.6615234374999547,0.3510904947916562
117.66635797512892,0.4826822916666723,0.6615722656249546,0.35118815104165624
117.66642585696876,0.4827311197916723,0.6616210937499546,0.35128580729165626
117.66652522435211,0.48277994791667234,0.6616699218749545,0.3513834635416563
117.6666203973633,0.48282877604167235,0.6617187499999545,0.3514811197916563
117.66663819623014,0.48287760416667236,0.6617675781249545,0.3515787760416563
117.66671680512448,0.48292643229167237,0.6618164062499544,0.35167643229165635
117.66680548079836,0.4829752604166724,0.6618652343749544,0.35177408854165637
117.6668929067504,0.4830240885416724,0.6619140624999543,0.3518717447916564
117.66691135368596,0.4830729166666724,0.6619628906249543,0.3519694010416564
117.66697737498612,0.4831217447916724,0.6620117187499542,0.35206705729165644
117.66709354948344,0.4831705729166724,0.6620605468749542,0.35216471354165646
117.66714259358224,0.48321940104167244,0.6621093749999541,0.3522623697916565
117.66718889708426,0.48326822916667245,0.6621582031249541,0.3523600260416565
117.667248233625,0.48331705729167246,0.6622070312499541,0.3524576822916565
117.66735368179916,0.48336588541667247,0.662255859374954,0.35255533854165655
117.66739915168058,0.4834147135416725,0.662304687499954,0.35265299479165657
117.66744402608674,0.4834635416666725,0.6623535156249539,0.3527506510416566
117.66747733512352,0.4835123697916725,0.6624023437499539,0.3528483072916566
117.6675779654336,0.4835611979166725,0.6624511718749538,0.35294596354165664
117.6676206308642,0.4836100260416725,0.6624999999999538,0.35304361979165666
117.66766100972272,0.48365885416667254,0.6625488281249537,0.3531412760416567
117.66771267979854,0.48370768229167255,0.6625976562499537,0.3532389322916567
117.6678052510902,0.48375651041667256,0.6626464843749537,0.3533365885416567
117.66783834021577,0.48380533854167257,0.6626953124999536,0.35343424479165675
117.66788493080486,0.4838541666666726,0.6627441406249536,0.35353190104165677
117.66793514873558,0.4839029947916726,0.6627929687499535,0.3536295572916568
117.66799926834528,0.4839518229166726,0.6628417968749535,0.3537272135416568
117.66806151822205,0.4840006510416726,0.6628906249999534,0.35382486979165684
117.66807324856036,0.4840494791666726,0.6629394531249534,0.35392252604165686
117.6681252083022,0.48409830729167264,0.6629882812499533,0.3540201822916569
117.6681847195772,0.48414713541667265,0.6630371093749533,0.3541178385416569
117.6682439916437,0.48419596354167266,0.6630859374999533,0.3542154947916569
117.6682565883232,0.48424479166667267,0.6631347656249532,0.35431315104165695
117.66832446402452,0.4842936197916727,0.6631835937499532,0.35441080729165697
117.66835792046852,0.4843424479166727,0.6632324218749531,0.354508463541657
117.66839240817988,0.4843912760416727,0.6632812499999531,0.354606119791657
117.66847114415503,0.4844401041666727,0.663330078124953,0.35470377604165704
117.66851152846888,0.4844889322916727,0.663378906249953,0.35480143229165706
117.66854462068645,0.48453776041667274,0.663427734374953,0.3548990885416571
117.66857762223944,0.48458658854167275,0.6634765624999529,0.3549967447916571
117.66865148599156,0.48463541666667276,0.6635253906249529,0.3550944010416571
117.66869394555148,0.48468424479167277,0.6635742187499528,0.35519205729165715
117.66870386751802,0.4847330729166728,0.6636230468749528,0.35528971354165717
117.66875590395686,0.4847819010416728,0.6636718749999527,0.3553873697916572
117.66880787149468,0.4848307291666728,0.6637207031249527,0.3554850260416572
117.6688496176956,0.4848795572916728,0.6637695312499526,0.35558268229165724
117.66886046308828,0.4849283854166728,0.6638183593749526,0.35568033854165726
117.66891054615596,0.48497721354167284,0.6638671874999525,0.3557779947916573
117.66895933010552,0.48502604166667285,0.6639160156249525,0.3558756510416573
117.66901663453262,0.48507486979167286,0.6639648437499525,0.3559733072916573
117.66902580623268,0.48512369791667287,0.6640136718749524,0.35607096354165735
117.66907394364168,0.4851725260416729,0.6640624999999524,0.35616861979165737
117.6691220842748,0.4852213541666729,0.6641113281249523,0.3562662760416574
117.66916095191608,0.4852701822916729,0.6641601562499523,0.3563639322916574
117.66917101792494,0.4853190104166729,0.6642089843749522,0.35646158854165744
117.66921507384484,0.4853678385416729,0.6642578124999522,0.35655924479165746
117.6692629142533,0.48541666666667294,0.6643066406249521,0.3566569010416575
117.66929944463789,0.48546549479167295,0.6643554687499521,0.3567545572916575
117.66932580754435,0.48551432291667296,0.6644042968749521,0.3568522135416575
117.66935305460264,0.48556315104167297,0.664453124999952,0.35694986979165755
117.6694155296848,0.485611979166673,0.664501953124952,0.35704752604165757
117.669447854462,0.485660807291673,0.6645507812499519,0.3571451822916576
117.66947439441952,0.485709635416673,0.6645996093749519,0.3572428385416576
117.66950073759358,0.485758463541673,0.6646484374999518,0.35734049479165764
117.66956013878774,0.485807291666673,0.6646972656249518,0.35743815104165766
117.66956332726016,0.48585611979167304,0.6647460937499517,0.3575358072916577
117.6696231911155,0.48590494791667305,0.6647949218749517,0.3576334635416577
117.66964795766432,0.48595377604167306,0.6648437499999517,0.3577311197916577
117.66967193974725,0.48600260416667307,0.6648925781249516,0.35782877604165775
117.66970005650008,0.4860514322916731,0.6649414062499516,0.35792643229165777
117.66975716555734,0.4861002604166731,0.6649902343749515,0.3580240885416578
117.6697812174828,0.4861490885416731,0.6650390624999515,0.3581217447916578
117.6698061268875,0.4861979166666731,0.6650878906249514,0.35821940104165784
117.66983811658348,0.4862467447916731,0.6651367187499514,0.35831705729165786
117.66987839984355,0.48629557291667314,0.6651855468749514,0.3584147135416579
117.66991784636193,0.48634440104167315,0.6652343749999513,0.3585123697916579
117.66992508334812,0.48639322916667316,0.6652832031249513,0.3586100260416579
117.66996316278885,0.48644205729167317,0.6653320312499512,0.35870768229165795
117.6700014074096,0.4864908854166732,0.6653808593749512,0.35880533854165797
117.6700308806898,0.4865397135416732,0.6654296874999511,0.358902994791658
117.67003983179238,0.4865885416666732,0.6654785156249511,0.359000651041658
117.67004787527686,0.4866373697916732,0.665527343749951,0.35909830729165804
117.67012704803774,0.4866861979166732,0.665576171874951,0.35919596354165806
117.67016448604512,0.48673502604167324,0.665624999999951,0.3592936197916581
117.67017135900588,0.48678385416667325,0.6656738281249509,0.3593912760416581
117.67020765805908,0.48683268229167326,0.6657226562499509,0.3594889322916581
117.67024402073494,0.48688151041667327,0.6657714843749508,0.35958658854165815
117.670280578391,0.4869303385416733,0.6658203124999508,0.35968424479165817
117.6702882342476,0.4869791666666733,0.6658691406249507,0.3597819010416582
117.6703170613151,0.4870279947916733,0.6659179687499507,0.3598795572916582
117.67036816196276,0.4870768229166733,0.6659667968749506,0.35997721354165824
117.67038934843946,0.4871256510416733,0.6660156249999506,0.36007486979165826
117.67041044967142,0.48717447916667334,0.6660644531249506,0.3601725260416583
117.67043411542332,0.48722330729167335,0.6661132812499505,0.3602701822916583
117.67048319662538,0.48727213541667336,0.6661621093749505,0.3603678385416583
117.67050390911788,0.48732096354167337,0.6662109374999504,0.36046549479165835
117.67052538619151,0.4873697916666734,0.6662597656249504,0.36056315104165837
117.67055571397876,0.4874186197916734,0.6663085937499503,0.3606608072916584
117.67057591057208,0.4874674479166734,0.6663574218749503,0.3607584635416584
117.67059241501602,0.4875162760416734,0.6664062499999502,0.36085611979165844
117.67064501889053,0.4875651041666734,0.6664550781249502,0.36095377604165846
117.67066846627512,0.4877604166666734,0.6665527343749502,0.36119791666665846
117.67067005261204,0.4878092447916734,0.6666015624999502,0.3612955729166585
117.67069063028607,0.48785807291667344,0.6666503906249501,0.3613932291666585
117.6707111240952,0.48790690104167345,0.6666992187499501,0.3614908854166585
117.67075744667196,0.48795572916667346,0.66674804687495,0.36158854166665855
117.67078418355663,0.48800455729167347,0.66679687499995,0.36168619791665857
117.67079049106576,0.4880533854166735,0.66684570312495,0.3617838541666586
117.67082362027064,0.4881022135416735,0.6668945312499499,0.3618815104166586
117.67085695289384,0.4881510416666735,0.6669433593749499,0.36197916666665864
117.67088396876632,0.4881998697916735,0.6669921874999498,0.36207682291665866
117.67089099967116,0.4882486979166735,0.6670410156249498,0.3621744791666587
117.67092352089358,0.48829752604167354,0.6670898437499497,0.3622721354166587
117.67095541958636,0.48834635416667355,0.6671386718749497,0.3623697916666587
117.67099310175736,0.48839518229167356,0.6671874999999496,0.36246744791665875
117.67099900495349,0.48844401041667357,0.6672363281249496,0.36256510416665877
117.67103106113171,0.4884928385416736,0.6672851562499496,0.3626627604166588
117.67106316094102,0.4885416666666736,0.6673339843749495,0.3627604166666588
117.67108908878696,0.4885904947916736,0.6673828124999495,0.36285807291665884
117.67109586399914,0.4886393229166736,0.6674316406249494,0.36295572916665886
117.67112720897109,0.4886881510416736,0.6674804687499494,0.3630533854166589
117.67115796586074,0.48873697916667364,0.6675292968749493,0.3631510416666589
117.67118292915188,0.48878580729167365,0.6675781249999493,0.3632486979166589
117.67120092540502,0.48883463541667366,0.6676269531249492,0.36334635416665895
117.67121960520691,0.48888346354167367,0.6676757812499492,0.36344401041665897
117.67126260463792,0.4889322916666737,0.6677246093749492,0.363541666666659
117.67128489599789,0.4889811197916737,0.6677734374999491,0.363639322916659
117.67130331048952,0.4890299479166737,0.6678222656249491,0.36373697916665904
117.67132166302326,0.4890787760416737,0.667871093749949,0.36383463541665906
117.6713631948686,0.4891276041666737,0.667919921874949,0.3639322916666591
117.67136544399844,0.48917643229167374,0.6679687499999489,0.3640299479166591
117.67140757498036,0.48922526041667375,0.6680175781249489,0.3641276041666591
117.67142264863664,0.48927408854167376,0.6680664062499488,0.36422526041665915
117.67142509743508,0.48932291666667377,0.6681152343749488,0.36432291666665917
117.6714425474384,0.4893717447916738,0.6681640624999488,0.3644205729166592
117.6715029154502,0.4894205729166738,0.6682128906249487,0.3645182291666592
117.67152016161654,0.4894694010416738,0.6682617187499487,0.36461588541665924
117.67153804295783,0.4895182291666738,0.6683105468749486,0.36471354166665926
117.67156099376096,0.4895670572916738,0.6683593749999486,0.3648111979166593
117.67159013292742,0.48961588541667384,0.6684082031249485,0.3649088541666593
117.6716187331979,0.48966471354167385,0.6684570312499485,0.3650065104166593
117.67162400649929,0.48971354166667386,0.6685058593749484,0.36510416666665935
117.67165183479383,0.48976236979167387,0.6685546874999484,0.36520182291665937
117.6716798153951,0.4898111979166739,0.6686035156249484,0.3652994791666594
117.671708005,0.4898600260416739,0.6686523437499483,0.3653971354166594
117.6717139325779,0.4899088541666739,0.6687011718749483,0.36549479166665944
117.67174410096877,0.4899576822916739,0.6687499999999482,0.36559244791665946
117.67175956398005,0.49005533854167393,0.6687988281249482,0.36573893229165944
117.67177239529414,0.49010416666667395,0.6688476562499481,0.36583658854165946
117.67180017467044,0.49015299479167396,0.6688964843749481,0.3659342447916595
117.6718052979062,0.49020182291667397,0.668945312499948,0.3660319010416595
117.67183224956112,0.490250651041674,0.668994140624948,0.3661295572916595
117.67185944401902,0.490299479166674,0.669042968749948,0.36622721354165955
117.671886849074,0.490348307291674,0.6690917968749479,0.36632486979165957
117.67189226352085,0.490397135416674,0.6691406249999479,0.3664225260416596
117.67191439091587,0.490445963541674,0.6691894531249478,0.3665201822916596
117.67195296529738,0.49049479166667403,0.6692382812499478,0.36661783854165964
117.671969022527,0.49054361979167405,0.6692871093749477,0.36671549479165966
117.6719850215898,0.49059244791667406,0.6693359374999477,0.3668131510416597
117.67200293649148,0.49064127604167407,0.6693847656249476,0.3669108072916597
117.67204033902776,0.4906901041666741,0.6694335937499476,0.3670084635416597
117.67205619358248,0.4907389322916741,0.6694824218749476,0.36710611979165975
117.67207263174512,0.4907877604166741,0.6695312499999475,0.36720377604165977
117.67210411180837,0.4908365885416741,0.6695800781249475,0.3673014322916598
117.67210902379632,0.4908854166666741,0.6696289062499474,0.3673990885416598
117.67213545180458,0.49093424479167413,0.6696777343749474,0.36749674479165984
117.67216208909888,0.49098307291667415,0.6697265624999473,0.36759440104165986
117.67217112425074,0.49103190104167416,0.6697753906249473,0.3676920572916599
117.67219242306004,0.49108072916667417,0.6698242187499472,0.3677897135416599
117.67219333190651,0.4911783854166742,0.6698730468749472,0.3679361979166599
117.67221853100202,0.4912272135416742,0.6699218749999472,0.3680338541666599
117.67224421725804,0.4912760416666742,0.6699707031249471,0.3681315104166599
117.67226553710243,0.4913248697916742,0.6700195312499471,0.36822916666665995
117.67228083196756,0.49137369791667423,0.670068359374947,0.36832682291665997
117.67229609647936,0.49142252604167425,0.670117187499947,0.36842447916666
117.67233258409564,0.49147135416667426,0.6701660156249469,0.36852213541666
117.6723490051358,0.49152018229167427,0.6702148437499469,0.36861979166666003
117.67236478069216,0.4915690104166743,0.6702636718749468,0.36871744791666006
117.67237986500656,0.4916178385416743,0.6703124999999468,0.3688151041666601
117.67241527019658,0.4916666666666743,0.6703613281249468,0.3689127604166601
117.6724302930925,0.4917154947916743,0.6704101562499467,0.3690104166666601
117.67244523744236,0.4917643229166743,0.6704589843749467,0.36910807291666015
117.67246015421055,0.49181315104167433,0.6705078124999466,0.36920572916666017
117.67249581806868,0.49186197916667435,0.6705566406249466,0.3693033854166602
117.67251194961676,0.49191080729167436,0.6706054687499465,0.3694010416666602
117.67252737427562,0.49195963541667437,0.6706542968749465,0.36949869791666023
117.6725421246374,0.4920084635416744,0.6707031249999464,0.36959635416666026
117.67257578586768,0.4920572916666744,0.6707519531249464,0.3696940104166603
117.67259703382096,0.4921061197916744,0.6708007812499464,0.3697916666666603
117.67260161608176,0.4921549479166744,0.6708496093749463,0.3698893229166603
117.67262628106356,0.4922037760416744,0.6708984374999463,0.36998697916666035
117.67265115708176,0.49225260416667443,0.6709472656249462,0.37008463541666037
117.67267444926792,0.49230143229167445,0.6709960937499462,0.3701822916666604
117.67267956094184,0.49235026041667446,0.6710449218749461,0.3702799479166604
117.6727039927637,0.49239908854167447,0.6710937499999461,0.37037760416666043
117.6727280250685,0.4924479166666745,0.671142578124946,0.37047526041666046
117.67274444792976,0.4924967447916745,0.671191406249946,0.3705729166666605
117.67276909457372,0.4925455729166745,0.671240234374946,0.3706705729166605
117.6727808849546,0.4925944010416745,0.6712890624999459,0.3707682291666605
117.67279795635956,0.4926432291666745,0.6713378906249459,0.37086588541666055
117.67281849794574,0.49269205729167453,0.6713867187499458,0.37096354166666057
117.67284232963443,0.49274088541667455,0.6714355468749458,0.3710611979166606
117.67286634979514,0.49278971354167456,0.6714843749999457,0.3711588541666606
117.67287150507454,0.49283854166667457,0.6715332031249457,0.37125651041666063
117.67289020543016,0.4928873697916746,0.6715820312499456,0.37135416666666066
117.67292377267192,0.4929361979166746,0.6716308593749456,0.3714518229166607
117.67293826610153,0.4929850260416746,0.6716796874999456,0.3715494791666607
117.6729400672137,0.4930826822916746,0.6717285156249455,0.3716959635416607
117.67295210157982,0.49313151041667463,0.6717773437499455,0.3717936197916607
117.67297002200657,0.49318033854167465,0.6718261718749454,0.3718912760416607
117.67300265240834,0.49322916666667466,0.6718749999999454,0.37198893229166075
117.6730170062342,0.49327799479167467,0.6719238281249453,0.37208658854166077
117.67303131520087,0.4933268229166747,0.6719726562499453,0.3721842447916608
117.673042054957,0.4933756510416747,0.6720214843749452,0.3722819010416608
117.67307493736745,0.4934244791666747,0.6720703124999452,0.37237955729166083
117.673089233912,0.4934733072916747,0.6721191406249452,0.37247721354166086
117.67310281864984,0.4935221354166747,0.6721679687499451,0.3725748697916609
117.67312048811756,0.49357096354167473,0.6722167968749451,0.3726725260416609
117.67315253532908,0.49361979166667475,0.672265624999945,0.3727701822916609
117.67316663456457,0.49366861979167476,0.672314453124945,0.37286783854166095
117.673180690715,0.49371744791667477,0.6723632812499449,0.37296549479166097
117.67319863408676,0.4937662760416748,0.6724121093749449,0.373063151041661
117.6732219491562,0.4938151041666748,0.6724609374999448,0.373160807291661
117.67324489529192,0.4938639322916748,0.6725097656249448,0.37325846354166103
117.67324926529876,0.4939127604166748,0.6725585937499448,0.37335611979166106
117.67326878899392,0.4939615885416748,0.6726074218749447,0.3734537760416611
117.67329136553184,0.49401041666667483,0.6726562499999447,0.3735514322916611
117.67331413080228,0.49405924479167485,0.6727050781249446,0.3736490885416611
117.6733190178884,0.49410807291667486,0.6727539062499446,0.37374674479166115
117.67334015795888,0.49415690104167487,0.6728027343749445,0.37384440104166117
117.6733651822898,0.4942057291666749,0.6728515624999445,0.3739420572916612
117.6733879404506,0.4942545572916749,0.6729003906249444,0.3740397135416612
117.67339208332584,0.4943033854166749,0.6729492187499444,0.37413736979166123
117.67341582955063,0.4943522135416749,0.6729980468749444,0.37423502604166126
117.67343788138828,0.4944010416666749,0.6730468749999443,0.3743326822916613
117.67346045860435,0.49444986979167493,0.6730957031249443,0.3744303385416613
117.67346514535708,0.49449869791667495,0.6731445312499442,0.3745279947916613
117.67348259673268,0.49454752604167496,0.6731933593749442,0.37462565104166134
117.67351405904952,0.49459635416667497,0.6732421874999441,0.37472330729166137
117.67352742146218,0.494645182291675,0.6732910156249441,0.3748209635416614
117.67354050713342,0.494694010416675,0.673339843749944,0.3749186197916614
117.67355272215254,0.494742838541675,0.673388671874944,0.37501627604166143
117.67358341593078,0.494791666666675,0.673437499999944,0.37511393229166146
117.6735966807379,0.494840494791675,0.6734863281249439,0.3752115885416615
117.67361020475424,0.49488932291667503,0.6735351562499439,0.3753092447916615
117.67362347986302,0.49493815104167505,0.6735839843749438,0.3754069010416615
117.67365447906651,0.49498697916667506,0.6736328124999438,0.37550455729166154
117.67366764652088,0.49503580729167507,0.6736816406249437,0.37560221354166157
117.67368040739498,0.4950846354166751,0.6737304687499437,0.3756998697916616
117.673692648479,0.4951334635416751,0.6737792968749436,0.3757975260416616
117.67372290249324,0.4951822916666751,0.6738281249999436,0.37589518229166163
117.67373597865875,0.4952311197916751,0.6738769531249436,0.37599283854166166
117.67374931082948,0.4952799479166751,0.6739257812499435,0.3760904947916617
117.67376618691188,0.49532877604167513,0.6739746093749435,0.3761881510416617
117.6737880014298,0.49537760416667515,0.6740234374999434,0.3762858072916617
117.6738097766333,0.49542643229167516,0.6740722656249434,0.37638346354166174
117.673813741377,0.49547526041667517,0.6741210937499433,0.37648111979166177
117.67383653604053,0.4955240885416752,0.6741699218749433,0.3765787760416618
117.67385764994783,0.4955729166666752,0.6742187499999432,0.3766764322916618
117.67387927464536,0.4956217447916752,0.6742675781249432,0.37677408854166183
117.6738837646012,0.4956705729166752,0.6743164062499432,0.37687174479166186
117.67391204666936,0.4957194010416752,0.6743652343749431,0.3769694010416619
117.67391610552858,0.49576822916667523,0.6744140624999431,0.3770670572916619
117.67392495567368,0.49581705729167524,0.674462890624943,0.3771647135416619
117.67393717747444,0.49586588541667526,0.674511718749943,0.37726236979166194
117.67395876949608,0.49591471354167527,0.6745605468749429,0.37736002604166197
117.67398292012912,0.4959635416666753,0.6746093749999429,0.377457682291662
117.67398749847764,0.4960123697916753,0.6746582031249428,0.377555338541662
117.67402933417536,0.4960611979166753,0.6747070312499428,0.37765299479166203
117.67404661963732,0.4961100260416753,0.6747558593749428,0.37775065104166206
117.67405891934824,0.4961588541666753,0.6748046874999427,0.3778483072916621
117.67407148270522,0.49620768229167533,0.6748535156249427,0.3779459635416621
117.67410103602656,0.49625651041667534,0.6749023437499426,0.3780436197916621
117.67411035694712,0.49630533854167536,0.6749511718749426,0.37814127604166214
117.67412309391044,0.49635416666667537,0.6749999999999425,0.37823893229166217
117.67413558487348,0.4964029947916754,0.6750488281249425,0.3783365885416622
117.67416446409658,0.4964518229166754,0.6750976562499424,0.3784342447916622
117.67417999485907,0.4965006510416754,0.6751464843749424,0.37853190104166223
117.67419214870296,0.4965494791666754,0.6751953124999424,0.37862955729166226
117.67420456384892,0.4965983072916754,0.6752441406249423,0.3787272135416623
117.67423377165656,0.49664713541667543,0.6752929687499423,0.3788248697916623
117.67424304966332,0.49669596354167544,0.6753417968749422,0.3789225260416623
117.67425518826651,0.49674479166667546,0.6753906249999422,0.37902018229166234
117.67426798651115,0.49679361979167547,0.6754394531249421,0.37911783854166237
117.67429653621532,0.4968424479166755,0.6754882812499421,0.3792154947916624
117.67431335644524,0.4968912760416755,0.675537109374942,0.3793131510416624
117.67431727153853,0.4969401041666755,0.675585937499942,0.37941080729166243
117.67433760313575,0.4969889322916755,0.675634765624942,0.37950846354166246
117.6743584433804,0.4970377604166755,0.6756835937499419,0.3796061197916625
117.67438182397254,0.49708658854167553,0.6757324218749419,0.3797037760416625
117.67438624523024,0.49713541666667554,0.6757812499999418,0.3798014322916625
117.6744064616192,0.49718424479167556,0.6758300781249418,0.37989908854166254
117.67442664822188,0.49723307291667557,0.6758789062499417,0.37999674479166257
117.67443542527708,0.4972819010416756,0.6759277343749417,0.3800944010416626
117.67446409363411,0.4973307291666756,0.6759765624999416,0.3801920572916626
117.67447620327408,0.4973795572916756,0.6760253906249416,0.38028971354166263
117.67448804534465,0.4974283854166756,0.6760742187499416,0.38038736979166266
117.67449766660071,0.4974772135416756,0.6761230468749415,0.3804850260416627
117.6745038345784,0.49752604166667563,0.6761718749999415,0.3805826822916627
117.674525672021,0.49757486979167564,0.6762207031249414,0.3806803385416627
117.67455003013896,0.49762369791667566,0.6762695312499414,0.38077799479166274
117.67456600581237,0.49767252604167567,0.6763183593749413,0.38087565104166277
117.67458645533694,0.4977213541666757,0.6763671874999413,0.3809733072916628
117.6746063838585,0.4977701822916757,0.6764160156249412,0.3810709635416628
117.674610224424,0.4978190104166757,0.6764648437499412,0.38116861979166283
117.67463362217904,0.4978678385416757,0.6765136718749412,0.38126627604166285
117.67465348209517,0.4979166666666757,0.6765624999999411,0.3813639322916629
117.67467331112309,0.49796549479167573,0.6766113281249411,0.3814615885416629
117.67467761788102,0.49801432291667574,0.676660156249941,0.3815592447916629
117.67469390023672,0.49806315104167576,0.676708984374941,0.38165690104166294
117.6747141557462,0.49811197916667577,0.6767578124999409,0.38175455729166297
117.67473389736745,0.4981608072916758,0.6768066406249409,0.381852213541663
117.67473770252984,0.4982096354166758,0.6768554687499408,0.381949869791663
117.6747608212969,0.4982584635416758,0.6769042968749408,0.38204752604166303
117.67477922804308,0.4983072916666758,0.6769531249999408,0.38214518229166305
117.67480014764736,0.4983561197916758,0.6770019531249407,0.3822428385416631
117.6748044154218,0.49840494791667583,0.6770507812499407,0.3823404947916631
117.67482015885014,0.49845377604167584,0.6770996093749406,0.3824381510416631
117.674848019196,0.49850260416667586,0.6771484374999406,0.38253580729166314
117.67485979064108,0.49855143229167587,0.6771972656249405,0.38263346354166317
117.67487130386392,0.4986002604166759,0.6772460937499405,0.3827311197916632
117.6748805974111,0.4986490885416759,0.6772949218749404,0.3828287760416632
117.67490783589945,0.4986979166666759,0.6773437499999404,0.38292643229166323
117.6749195599872,0.4987467447916759,0.6773925781249404,0.38302408854166325
117.6749315092512,0.4987955729166759,0.6774414062499403,0.3831217447916633
117.67494750682552,0.49884440104167593,0.6774902343749403,0.3832194010416633
117.6749651745248,0.49889322916667594,0.6775390624999402,0.3833170572916633
117.6749770074688,0.49894205729167596,0.6775878906249402,0.38341471354166334
117.6750047007209,0.49899088541667597,0.6776367187499401,0.38351236979166337
117.67501502626898,0.499039713541676,0.6776855468749401,0.3836100260416634
117.67502704848395,0.499088541666676,0.67773437499994,0.3837076822916634
117.67503883466571,0.499137369791676,0.67778320312494,0.38380533854166343
117.67506591699517,0.499186197916676,0.67783203124994,0.38390299479166345
117.6750815753527,0.499235026041676,0.6778808593749399,0.3840006510416635
117.67508517180552,0.49928385416667603,0.6779296874999399,0.3840983072916635
117.67510476504712,0.49933268229167604,0.6779785156249398,0.3841959635416635
117.67512435227482,0.49938151041667606,0.6780273437499398,0.38429361979166354
117.67514445390294,0.49943033854167607,0.6780761718749397,0.38439127604166357
117.67514850644866,0.4994791666666761,0.6781249999999397,0.3844889322916636
117.67516802492538,0.4995279947916761,0.6781738281249396,0.3845865885416636
117.67518706936494,0.4995768229166761,0.6782226562499396,0.38468424479166363
117.67520512386504,0.4996256510416761,0.6782714843749396,0.38478190104166365
117.67520869338676,0.4996744791666761,0.6783203124999395,0.3848795572916637
117.67522814307266,0.49972330729167613,0.6783691406249395,0.3849772135416637
117.67524753472632,0.49977213541667614,0.6784179687499394,0.3850748697916637
117.67526748575725,0.49982096354167616,0.6784667968749394,0.38517252604166374
117.6752715094974,0.49986979166667617,0.6785156249999393,0.38527018229166377
117.67529088982064,0.4999186197916762,0.6785644531249393,0.3853678385416638
117.6753098008616,0.4999674479166762,0.6786132812499392,0.3854654947916638
117.67532529780554,0.5000162760416762,0.6786621093749392,0.38556315104166383
117.67533660610889,0.5000651041666762,0.6787109374999392,0.38566080729166385
117.67534818125483,0.5001139322916761,0.6787597656249391,0.3857584635416639
117.67537527501192,0.5001627604166761,0.6788085937499391,0.3858561197916639
117.67538531929132,0.500211588541676,0.678857421874939,0.3859537760416639
117.67539708585598,0.500260416666676,0.678906249999939,0.38605143229166394
117.6754086226473,0.5003092447916759,0.6789550781249389,0.38614908854166397
117.67543513748367,0.5003580729166759,0.6790039062499389,0.386246744791664
117.67544136047322,0.5004069010416758,0.6790527343749388,0.386344401041664
117.67546731733384,0.5004557291666758,0.6791015624999388,0.38644205729166403
117.67547954944229,0.5005045572916758,0.6791503906249388,0.38653971354166405
117.67549065658108,0.5005533854166757,0.6791992187499387,0.3866373697916641
117.67549961065752,0.5006022135416757,0.6792480468749387,0.3867350260416641
117.67552589278507,0.5006510416666756,0.6792968749999386,0.3868326822916641
117.67553719897164,0.5006998697916756,0.6793457031249386,0.38693033854166414
117.67554876394006,0.5007486979166755,0.6793945312499385,0.38702799479166416
117.67556383370253,0.5007975260416755,0.6794433593749385,0.3871256510416642
117.67558305066096,0.5008463541666754,0.6794921874999384,0.3872233072916642
117.67560180485076,0.5008951822916754,0.6795410156249384,0.38732096354166423
117.67560539500064,0.5009440104166754,0.6795898437499384,0.38741861979166425
117.67562738829716,0.5009928385416753,0.6796386718749383,0.3875162760416643
117.67564609065866,0.5010416666666753,0.6796874999999383,0.3876139322916643
117.67566479034708,0.5010904947916752,0.6797363281249382,0.3877115885416643
117.67566884426168,0.5011393229166752,0.6797851562499382,0.38780924479166434
117.67568421113393,0.5011881510416751,0.6798339843749381,0.38790690104166436
117.67570325716537,0.5012369791666751,0.6798828124999381,0.3880045572916644
117.6757033225168,0.501285807291675,0.679931640624938,0.3881022135416644
117.67572556210207,0.501334635416675,0.679980468749938,0.38819986979166443
117.67574747969954,0.501383463541675,0.680029296874938,0.38829752604166445
117.67576608313678,0.5014322916666749,0.6800781249999379,0.3883951822916645
117.67578468538636,0.5014811197916749,0.6801269531249379,0.3884928385416645
117.67578871850978,0.5015299479166748,0.6801757812499378,0.3885904947916645
117.67580356864812,0.5015787760416748,0.6802246093749378,0.38868815104166454
117.67582997738424,0.5016276041666747,0.6802734374999377,0.38878580729166456
117.6758411316809,0.5016764322916747,0.6803222656249377,0.3888834635416646
117.6758520594759,0.5017252604166746,0.6803710937499376,0.3889811197916646
117.67586092877136,0.5017740885416746,0.6804199218749376,0.38907877604166463
117.67588679442238,0.5018229166666746,0.6804687499999376,0.38917643229166465
117.6758979238308,0.5018717447916745,0.6805175781249375,0.3892740885416647
117.67590930970964,0.5019205729166745,0.6805664062499375,0.3893717447916647
117.67593029081344,0.5019694010416744,0.6806152343749374,0.3894694010416647
117.67594129761916,0.5020182291666744,0.6806640624999374,0.38956705729166474
117.67595254972404,0.5020670572916743,0.6807128906249373,0.38966471354166476
117.67597892350838,0.5021158854166743,0.6807617187499373,0.3897623697916648
117.6759886942288,0.5021647135416742,0.6808105468749373,0.3898600260416648
117.67600015829449,0.5022135416666742,0.6808593749999372,0.38995768229166483
117.67601138651172,0.5022623697916742,0.6809082031249372,0.39005533854166485
117.67603712503866,0.5023111979166741,0.6809570312499371,0.3901529947916649
117.67605222817042,0.5023600260416741,0.6810058593749371,0.3902506510416649
117.6760556540722,0.502408854166674,0.681054687499937,0.3903483072916649
117.67607437317498,0.502457682291674,0.681103515624937,0.39044596354166494
117.67609308300116,0.5025065104166739,0.6811523437499369,0.39054361979166496
117.67611225155518,0.5025553385416739,0.6812011718749369,0.390641276041665
117.67611611858486,0.5026041666666738,0.6812499999999369,0.390738932291665
117.67613480260924,0.5026529947916738,0.6812988281249368,0.39083658854166503
117.67615302679276,0.5027018229166738,0.6813476562499368,0.39093424479166505
117.6761703270342,0.5027506510416737,0.6813964843749367,0.3910319010416651
117.67617374020932,0.5027994791666737,0.6814453124999367,0.3911295572916651
117.67619238892256,0.5028483072916736,0.6814941406249366,0.3912272135416651
117.67621102935315,0.5028971354166736,0.6815429687499366,0.39132486979166514
117.67622128271864,0.5029459635416735,0.6815917968749365,0.39142252604166516
117.67623404118316,0.5029947916666735,0.6816406249999365,0.3915201822916652
117.6762526569199,0.5030436197916734,0.6816894531249365,0.3916178385416652
117.67627081770888,0.5030924479166734,0.6817382812499364,0.39171549479166523
117.67628565525928,0.5031412760416734,0.6817871093749364,0.39181315104166525
117.67629653701188,0.5031901041666733,0.6818359374999363,0.3919108072916653
117.67630766242506,0.5032389322916733,0.6818847656249363,0.3920084635416653
117.67633374413256,0.5032877604166732,0.6819335937499362,0.3921061197916653
117.67634346624033,0.5033365885416732,0.6819824218749362,0.39220377604166534
117.67635480650613,0.5033854166666731,0.6820312499999361,0.39230143229166536
117.67636591500948,0.5034342447916731,0.6820800781249361,0.3923990885416654
117.67639148352228,0.503483072916673,0.682128906249936,0.3924967447916654
117.67639913683712,0.503531901041673,0.682177734374936,0.39259440104166543
117.67641768887044,0.503580729166673,0.682226562499936,0.39269205729166545
117.67643624865109,0.5036295572916729,0.6822753906249359,0.3927897135416655
117.6764396232956,0.5036783854166729,0.6823242187499359,0.3928873697916655
117.67645909446078,0.5037272135416728,0.6823730468749358,0.3929850260416655
117.67647714731385,0.5037760416666728,0.6824218749999358,0.39308268229166554
117.67649568237088,0.5038248697916727,0.6824707031249357,0.39318033854166556
117.67649927609337,0.5038736979166727,0.6825195312499357,0.3932779947916656
117.67651382249451,0.5039225260416726,0.6825683593749357,0.3933756510416656
117.67653976460493,0.5039713541666726,0.6826171874999356,0.39347330729166563
117.67655079475166,0.5040201822916726,0.6826660156249356,0.39357096354166565
117.67656162361456,0.5040690104166725,0.6827148437499355,0.3936686197916657
117.67657178658676,0.5041178385416725,0.6827636718749355,0.3937662760416657
117.67659724996504,0.5041666666666724,0.6828124999999354,0.3938639322916657
117.67660827334984,0.5042154947916724,0.6828613281249354,0.39396158854166574
117.6766195342946,0.5042643229166723,0.6829101562499353,0.39405924479166576
117.67663058750254,0.5043131510416723,0.6829589843749353,0.3941569010416658
117.67665647299395,0.5043619791666722,0.6830078124999353,0.3942545572916658
117.6766674797064,0.5044108072916722,0.6830566406249352,0.39435221354166583
117.67667828576374,0.5044596354166722,0.6831054687499352,0.39444986979166585
117.6766851698164,0.5045084635416721,0.6831542968749351,0.3945475260416659
117.67671378855611,0.5045572916666721,0.6832031249999351,0.3946451822916659
117.67672478532228,0.504606119791672,0.683251953124935,0.3947428385416659
117.67673602518214,0.504654947916672,0.683300781249935,0.39484049479166594
117.67675031895077,0.5047037760416719,0.6833496093749349,0.39493815104166596
117.67676874916008,0.5047526041666719,0.6833984374999349,0.395035807291666
117.67678719020556,0.5048014322916718,0.6834472656249349,0.395133463541666
117.6767905433554,0.5048502604166718,0.6834960937499348,0.39523111979166603
117.67680983757988,0.5048990885416718,0.6835449218749348,0.39532877604166605
117.67682778223154,0.5049479166666717,0.6835937499999347,0.3954264322916661
117.67684620969372,0.5049967447916717,0.6836425781249347,0.3955240885416661
117.67685003168424,0.5050455729166716,0.6836914062499346,0.3956217447916661
117.67687419174116,0.5050944010416716,0.6837402343749346,0.39571940104166614
117.67687733883014,0.5051432291666715,0.6837890624999345,0.39581705729166616
117.67689570265804,0.5051920572916715,0.6838378906249345,0.3959147135416662
117.67691421528863,0.5052408854166714,0.6838867187499345,0.3960123697916662
117.67693503383047,0.5052897135416714,0.6839355468749344,0.39611002604166623
117.67693896624914,0.5053385416666714,0.6839843749999344,0.39620768229166625
117.6769570031815,0.5053873697916713,0.6840332031249343,0.3963053385416663
117.6769750351487,0.5054361979166713,0.6840820312499343,0.3964029947916663
117.6769899188618,0.5054850260416712,0.6841308593749342,0.3965006510416663
117.67700057041544,0.5055338541666712,0.6841796874999342,0.39659830729166634
117.67701144753934,0.5055826822916711,0.6842285156249341,0.39669596354166636
117.67703709726956,0.5056315104166711,0.6842773437499341,0.3967936197916664
117.67704525732746,0.505680338541671,0.684326171874934,0.3968912760416664
117.6770563471044,0.505729166666671,0.684374999999934,0.39698893229166643
117.67706722056712,0.505777994791671,0.684423828124934,0.39708658854166645
117.67708171165508,0.5058268229166709,0.6844726562499339,0.3971842447916665
117.67709242735076,0.5058756510416709,0.6845214843749339,0.3972819010416665
117.67710599790848,0.5059244791666708,0.6845703124999338,0.3973795572916665
117.67711664284722,0.5059733072916708,0.6846191406249338,0.39747721354166654
117.67715315591464,0.5060221354166707,0.6846679687499337,0.39757486979166656
117.67716124856916,0.5060709635416707,0.6847167968749337,0.3976725260416666
117.67717233303502,0.5061197916666706,0.6847656249999337,0.3977701822916666
117.67718320192688,0.5061686197916706,0.6848144531249336,0.39786783854166663
117.6772083999496,0.5062174479166706,0.6848632812499336,0.39796549479166665
117.67722332533992,0.5062662760416705,0.6849121093749335,0.3980631510416667
117.67722678296518,0.5063151041666705,0.6849609374999335,0.3981608072916667
117.67724479713225,0.5063639322916704,0.6850097656249334,0.3982584635416667
117.67726327884785,0.5064127604166704,0.6850585937499334,0.39835611979166674
117.67728401031844,0.5064615885416703,0.6851074218749333,0.39845377604166676
117.67728793730384,0.5065104166666703,0.6851562499999333,0.3985514322916668
117.677305952073,0.5065592447916702,0.6852050781249333,0.3986490885416668
117.67732396523134,0.5066080729166702,0.6852539062499332,0.39874674479166683
117.67734125049476,0.5066569010416702,0.6853027343749332,0.39884440104166685
117.67734507034822,0.5067057291666701,0.6853515624999331,0.3989420572916669
117.67736344989343,0.5067545572916701,0.6854003906249331,0.3990397135416669
117.67738136019776,0.50680338541667,0.685449218749933,0.3991373697916669
117.6773853967548,0.50685221354167,0.685498046874933,0.39923502604166694
117.67740218679847,0.5069010416666699,0.6855468749999329,0.39933268229166696
117.6774205703752,0.5069498697916699,0.6855957031249329,0.399430338541667
117.677438953319,0.5069986979166698,0.6856445312499329,0.399527994791667
117.67745314797833,0.5070475260416698,0.6856933593749328,0.39962565104166703
117.67746434429722,0.5070963541666698,0.6857421874999328,0.39972330729166705
117.6774753125628,0.5071451822916697,0.6857910156249327,0.3998209635416671
117.67750063786286,0.5071940104166697,0.6858398437499327,0.3999186197916671
117.67751257130408,0.5072428385416696,0.6858886718749326,0.4000162760416671
117.67752333217486,0.5072916666666696,0.6859374999999326,0.40011393229166714
117.67753430493012,0.5073404947916695,0.6859863281249325,0.40021158854166716
117.67756008190436,0.5073893229166695,0.6860351562499325,0.4003092447916672
117.67757018789828,0.5074381510416694,0.6860839843749325,0.4004069010416672
117.67758139439908,0.5074869791666694,0.6861328124999324,0.40050455729166723
117.6775923728432,0.5075358072916694,0.6861816406249324,0.40060221354166725
117.67761772309382,0.5075846354166693,0.6862304687499323,0.4006998697916673
117.67762961238265,0.5076334635416693,0.6862792968749323,0.4007975260416673
117.67764038470864,0.5076822916666692,0.6863281249999322,0.4008951822916673
117.67765136992256,0.5077311197916692,0.6863769531249322,0.40099283854166734
117.67767613344746,0.5077799479166691,0.6864257812499321,0.40109049479166736
117.6776914595484,0.5078287760416691,0.6864746093749321,0.4011881510416674
117.67769528994972,0.507877604166669,0.686523437499932,0.4012858072916674
117.67771372096551,0.507926432291669,0.686572265624932,0.40138346354166743
117.67773168435696,0.507975260416669,0.686621093749932,0.40148111979166745
117.67774915671252,0.5080240885416689,0.6866699218749319,0.4015787760416675
117.677752496581,0.5080729166666689,0.6867187499999319,0.4016764322916675
117.67777096550618,0.5081217447916688,0.6867675781249318,0.4017740885416675
117.67778941388868,0.5081705729166688,0.6868164062499318,0.40187174479166754
117.67780174219835,0.5082194010416687,0.6868652343749317,0.40196940104166756
117.67781984305444,0.5082682291666687,0.6869140624999317,0.4020670572916676
117.6778273868902,0.5083170572916687,0.6869628906249317,0.4021647135416676
117.6778418893442,0.5083658854166686,0.6870117187499316,0.40226236979166763
117.67785729174962,0.5084147135416686,0.6870605468749316,0.40236002604166765
117.67787588041986,0.5084635416666685,0.6871093749999315,0.4024576822916677
117.67789399125697,0.5085123697916685,0.6871582031249315,0.4025553385416677
117.67789747687098,0.5085611979166684,0.6872070312499314,0.4026529947916677
117.67791243604628,0.5086100260416684,0.6872558593749314,0.40275065104166774
117.6779377909289,0.5086588541666683,0.6873046874999313,0.40284830729166776
117.67794874090576,0.5087076822916683,0.6873535156249313,0.4029459635416678
117.67795989512318,0.5087565104166683,0.6874023437499313,0.4030436197916678
117.6779736095229,0.5088053385416682,0.6874511718749312,0.40314127604166783
117.67799943884832,0.5088541666666682,0.6874999999999312,0.40323893229166785
117.6780104026881,0.5089029947916681,0.6875488281249311,0.4033365885416679
117.67802112754444,0.5089518229166681,0.6875976562499311,0.4034342447916679
117.67803022977648,0.509000651041668,0.687646484374931,0.4035319010416679
117.67805557382552,0.509049479166668,0.687695312499931,0.40362955729166794
117.67806662449102,0.5090983072916679,0.6877441406249309,0.40372721354166796
117.67807780701278,0.5091471354166679,0.6877929687499309,0.403824869791668
117.67809149976334,0.5091959635416679,0.6878417968749309,0.403922526041668
117.67811739752544,0.5092447916666678,0.6878906249999308,0.40402018229166803
117.67812839124596,0.5092936197916678,0.6879394531249308,0.40411783854166805
117.67813914598024,0.5093424479166677,0.6879882812499307,0.4042154947916681
117.67815424222157,0.5093912760416677,0.6880371093749307,0.4043131510416681
117.67817247713636,0.5094401041666676,0.6880859374999306,0.4044108072916681
117.67819070753596,0.5094889322916676,0.6881347656249306,0.40450846354166814
117.67819468897102,0.5095377604166675,0.6881835937499305,0.40460611979166816
117.67821015555468,0.5095865885416675,0.6882324218749305,0.4047037760416682
117.67822889200042,0.5096354166666675,0.6882812499999305,0.4048014322916682
117.6782471503531,0.5096842447916674,0.6883300781249304,0.40489908854166823
117.67825066491814,0.5097330729166674,0.6883789062499304,0.40499674479166825
117.67827251296612,0.5097819010416673,0.6884277343749303,0.4050944010416683
117.67828377036136,0.5098307291666673,0.6884765624999303,0.4051920572916683
117.67829056022325,0.5098795572916672,0.6885253906249302,0.4052897135416683
117.67832036781704,0.5099283854166672,0.6885742187499302,0.40538736979166834
117.6783346373829,0.5099772135416671,0.6886230468749301,0.40548502604166836
117.67834543976224,0.5100260416666671,0.6886718749999301,0.4055826822916684
117.67835647835972,0.510074869791667,0.6887207031249301,0.4056803385416684
117.67838258294007,0.510123697916667,0.68876953124993,0.40577799479166843
117.67839732315144,0.510172526041667,0.68881835937493,0.40587565104166845
117.67840131614872,0.5102213541666669,0.6888671874999299,0.4059733072916685
117.67841969577044,0.5102701822916669,0.6889160156249299,0.4060709635416685
117.67843808895596,0.5103190104166668,0.6889648437499298,0.4061686197916685
117.6784541064188,0.5103678385416668,0.6890136718749298,0.40626627604166854
117.67845765823164,0.5104166666666667,0.6890624999999297,0.40636393229166856
117.67847607267088,0.5104654947916667,0.6891113281249297,0.4064615885416686
117.67849495053191,0.5105143229166667,0.6891601562499297,0.4065592447916686
117.6785166287838,0.5105631510416666,0.6892089843749296,0.40665690104166863
117.67852043598536,0.5106119791666666,0.6892578124999296,0.40675455729166865
117.67853909368851,0.5106608072916665,0.6893066406249295,0.4068522135416687
117.67855756359704,0.5107096354166665,0.6893554687499295,0.4069498697916687
117.67857370762972,0.5107584635416664,0.6894042968749294,0.4070475260416687
117.67857727448936,0.5108072916666664,0.6894531249999294,0.40714518229166874
117.67859576850245,0.5108561197916663,0.6895019531249293,0.40724283854166876
117.67861472938534,0.5109049479166663,0.6895507812499293,0.4073404947916688
117.67862953290332,0.5109537760416663,0.6895996093749293,0.4074381510416688
117.6786409283222,0.5110026041666662,0.6896484374999292,0.40753580729166883
117.67865208259671,0.5110514322916662,0.6896972656249292,0.40763346354166885
117.67867797909967,0.5111002604166661,0.6897460937499291,0.4077311197916689
117.67869249367467,0.5111490885416661,0.6897949218749291,0.4078287760416689
117.678703435205,0.511197916666666,0.689843749999929,0.4079264322916689
117.67871461760812,0.511246744791666,0.689892578124929,0.40802408854166894
117.6787410676872,0.5112955729166659,0.689941406249929,0.40812174479166896
117.6787424788088,0.5113444010416659,0.6899902343749289,0.408219401041669
117.67876552522176,0.5113932291666659,0.6900390624999289,0.408317057291669
117.67876859348418,0.5114420572916658,0.6900878906249288,0.408414713541669
117.67877995351624,0.5114908854166658,0.6901367187499288,0.40851236979166905
117.67879153739064,0.5115397135416657,0.6901855468749287,0.40861002604166907
117.6788299777231,0.5115885416666657,0.6902343749999287,0.4087076822916691
117.67884136837932,0.5116373697916656,0.6902832031249286,0.4088053385416691
117.67885249800467,0.5116861979166656,0.6903320312499286,0.40890299479166914
117.6788677446462,0.5117350260416655,0.6903808593749285,0.40900065104166916
117.678886348728,0.5117838541666655,0.6904296874999285,0.4090983072916692
117.67890540986852,0.5118326822916655,0.6904785156249285,0.4091959635416692
117.67890936605068,0.5118815104166654,0.6905273437499284,0.4092936197916692
117.67892703831576,0.5119303385416654,0.6905761718749284,0.40939127604166925
117.67894615222214,0.5119791666666653,0.6906249999999283,0.40948893229166927
117.67896526698824,0.5120279947916653,0.6906738281249283,0.4095865885416693
117.67896877602588,0.5120768229166652,0.6907226562499282,0.4096842447916693
117.6789893623261,0.5121256510416652,0.6907714843749282,0.40978190104166934
117.6790080746785,0.5121744791666651,0.6908203124999281,0.40987955729166936
117.67902724781216,0.5122233072916651,0.6908691406249281,0.4099772135416694
117.6790312271157,0.512272135416665,0.6909179687499281,0.4100748697916694
117.67904906437892,0.512320963541665,0.690966796874928,0.4101725260416694
117.67906829334925,0.512369791666665,0.691015624999928,0.41027018229166945
117.67908752506946,0.5124186197916649,0.6910644531249279,0.41036783854166947
117.67909063281672,0.5124674479166649,0.6911132812499279,0.4104654947916695
117.67910642057352,0.5125162760416648,0.6911621093749278,0.4105631510416695
117.6791329916398,0.5125651041666648,0.6912109374999278,0.41066080729166954
117.67914455250684,0.5126139322916647,0.6912597656249277,0.41075846354166956
117.679156342535,0.5126627604166647,0.6913085937499277,0.4108561197916696
117.6791683854183,0.5127115885416647,0.6913574218749277,0.4109537760416696
117.6791955302205,0.5127604166666646,0.6914062499999276,0.4110514322916696
117.67920713847282,0.5128092447916646,0.6914550781249276,0.41114908854166965
117.67921847443154,0.5128580729166645,0.6915039062499275,0.41124674479166967
117.67923526650476,0.5129069010416645,0.6915527343749275,0.4113444010416697
117.67924700261632,0.5129557291666644,0.6916015624999274,0.4114420572916697
117.67925847793038,0.5130045572916644,0.6916503906249274,0.41153971354166974
117.67928515823716,0.5130533854166643,0.6916992187499273,0.41163736979166976
117.67930009955866,0.5131022135416643,0.6917480468749273,0.4117350260416698
117.67931126978858,0.5131510416666643,0.6917968749999273,0.4118326822916698
117.67932289943894,0.5131998697916642,0.6918457031249272,0.4119303385416698
117.67935017781834,0.5132486979166642,0.6918945312499272,0.41202799479166985
117.67936552483064,0.5132975260416641,0.6919433593749271,0.41212565104166987
117.67936969259276,0.5133463541666641,0.6919921874999271,0.4122233072916699
117.6793724413035,0.5134440104166641,0.692041015624927,0.41236979166666987
117.67938892402854,0.513492838541664,0.692089843749927,0.4124674479166699
117.67940816471004,0.513541666666664,0.692138671874927,0.4125651041666699
117.67942500437648,0.513590494791664,0.6921874999999269,0.41266276041666994
117.67942871668475,0.5136393229166639,0.6922363281249269,0.41276041666666996
117.67944801720364,0.5136881510416639,0.6922851562499268,0.41285807291667
117.67946779712663,0.5137369791666638,0.6923339843749268,0.41295572916667
117.67949054615492,0.5137858072916638,0.6923828124999267,0.41305338541667
117.67949474557204,0.5138346354166637,0.6924316406249267,0.41315104166667005
117.6795141258708,0.5138834635416637,0.6924804687499266,0.41324869791667007
117.67953351742122,0.5139322916666637,0.6925292968749266,0.4133463541666701
117.6795504285158,0.5139811197916636,0.6925781249999265,0.4134440104166701
117.67955417032098,0.5140299479166636,0.6926269531249265,0.41354166666667014
117.67957065527284,0.5140787760416635,0.6926757812499265,0.41363932291667016
117.6795935661157,0.5141276041666635,0.6927246093749264,0.4137369791666702
117.67960921093145,0.5141764322916634,0.6927734374999264,0.4138346354166702
117.6796212190032,0.5142252604166634,0.6928222656249263,0.4139322916666702
117.67963296195629,0.5142740885416633,0.6928710937499263,0.41402994791667025
117.67966027077696,0.5143229166666633,0.6929199218749262,0.41412760416667027
117.67967550580738,0.5143717447916633,0.6929687499999262,0.4142252604166703
117.67968705885528,0.5144205729166632,0.6930175781249261,0.4143229166666703
117.67969885429744,0.5144694010416632,0.6930664062499261,0.41442057291667034
117.6797267965466,0.5145182291666631,0.6931152343749261,0.41451822916667036
117.67972827990616,0.5145670572916631,0.693164062499926,0.4146158854166704
117.6797558924562,0.514615885416663,0.693212890624926,0.4147135416666704
117.67976789998184,0.514664713541663,0.6932617187499259,0.4148111979166704
117.67977954624334,0.5147135416666629,0.6933105468749259,0.41490885416667045
117.67979267850684,0.5147623697916629,0.6933593749999258,0.41500651041667047
117.679820931157,0.5148111979166629,0.6934082031249258,0.4151041666666705
117.67983299462976,0.5148600260416628,0.6934570312499257,0.4152018229166705
117.67984480171846,0.5149088541666628,0.6935058593749257,0.41529947916667054
117.67986090910556,0.5149576822916627,0.6935546874999257,0.41539713541667056
117.6798806318442,0.5150065104166627,0.6936035156249256,0.4154947916666706
117.67990089046194,0.5150553385416626,0.6936523437499256,0.4155924479166706
117.67990508448874,0.5151041666666626,0.6937011718749255,0.4156901041666706
117.6799201324648,0.5151529947916625,0.6937499999999255,0.41578776041667065
117.6799239334714,0.5152018229166625,0.6937988281249254,0.41588541666667067
117.6799442475692,0.5152506510416625,0.6938476562499254,0.4159830729166707
117.67996459145476,0.5152994791666624,0.6938964843749253,0.4160807291666707
117.67996831791244,0.5153483072916624,0.6939453124999253,0.41617838541667074
117.68001017128924,0.5153971354166623,0.6939941406249253,0.41627604166667076
117.6800306185631,0.5154459635416623,0.6940429687499252,0.4163736979166708
117.68003485473244,0.5154947916666622,0.6940917968749252,0.4164713541666708
117.68005382833614,0.5155436197916622,0.6941406249999251,0.4165690104166708
117.68007434721794,0.5155924479166621,0.6941894531249251,0.41666666666667085
117.680094898001,0.5156412760416621,0.694238281249925,0.41676432291667087
117.6800986624894,0.5156901041666621,0.694287109374925,0.4168619791666709
117.68011515043864,0.515738932291662,0.694335937499925,0.4169596354166709
117.68014358084775,0.515787760416662,0.6943847656249249,0.41705729166667094
117.68015594668768,0.5158365885416619,0.6944335937499249,0.41715494791667096
117.68016858006412,0.5158854166666619,0.6944824218749248,0.417252604166671
117.68018140828976,0.5159342447916618,0.6945312499999248,0.417350260416671
117.68021052303656,0.5159830729166618,0.6945800781249247,0.417447916666671
117.68022295774443,0.5160319010416617,0.6946289062499247,0.41754557291667105
117.68023512970277,0.5160807291666617,0.6946777343749246,0.41764322916667107
117.68025927524242,0.5161295572916617,0.6947265624999246,0.4177408854166711
117.68026360700648,0.5161783854166616,0.6947753906249245,0.4178385416666711
117.6802845164,0.5162272135416616,0.6948242187499245,0.41793619791667114
117.68030339607122,0.5162760416666615,0.6948730468749245,0.41803385416667116
117.68032479202624,0.5163248697916615,0.6949218749999244,0.4181315104166712
117.68032861283524,0.5163736979166614,0.6949707031249244,0.4182291666666712
117.68034963908109,0.5164225260416614,0.6950195312499243,0.4183268229166712
117.6803706850241,0.5164713541666613,0.6950683593749243,0.41842447916667125
117.68038703241952,0.5165201822916613,0.6951171874999242,0.41852213541667127
117.6803998662215,0.5165690104166613,0.6951660156249242,0.4186197916666713
117.6804125009521,0.5166178385416612,0.6952148437499241,0.4187174479166713
117.68044167532707,0.5166666666666612,0.6952636718749241,0.41881510416667134
117.68045536958536,0.5167154947916611,0.6953124999999241,0.41891276041667136
117.6804678059765,0.5167643229166611,0.695361328124924,0.4190104166666714
117.68048048445183,0.516813151041661,0.695410156249924,0.4191080729166714
117.68049717827542,0.516861979166661,0.6954589843749239,0.4192057291666714
117.68051034890992,0.516910807291661,0.6955078124999239,0.41930338541667145
117.6805350901326,0.5169596354166609,0.6955566406249238,0.41940104166667147
117.68054784668831,0.5170084635416609,0.6956054687499238,0.4194986979166715
117.68057738266134,0.5170572916666608,0.6956542968749237,0.4195963541666715
117.6805913143737,0.5171061197916608,0.6957031249999237,0.41969401041667154
117.68060390754816,0.5171549479166607,0.6957519531249237,0.41979166666667156
117.6806167461604,0.5172037760416607,0.6958007812499236,0.4198893229166716
117.68064699064072,0.5172526041666606,0.6958496093749236,0.4199869791666716
117.68066369016064,0.5173014322916606,0.6958984374999235,0.4200846354166716
117.68066818208962,0.5173502604166605,0.6959472656249235,0.42018229166667165
117.6806898706569,0.5173990885416605,0.6959960937499234,0.42027994791667167
117.68071103176334,0.5174479166666605,0.6960449218749234,0.4203776041666717
117.6807317342804,0.5174967447916604,0.6960937499999234,0.4204752604166717
117.68073570070074,0.5175455729166604,0.6961425781249233,0.42057291666667174
117.68075753201155,0.5175944010416603,0.6961914062499233,0.42067057291667176
117.68077939056607,0.5176432291666603,0.6962402343749232,0.4207682291666718
117.68079403474133,0.5176920572916602,0.6962890624999232,0.4208658854166718
117.68081554892328,0.5177408854166602,0.6963378906249231,0.4209635416666718
117.68083711074968,0.5177897135416601,0.6963867187499231,0.42106119791667185
117.68084181600518,0.5178385416666601,0.696435546874923,0.42115885416667187
117.680860143439,0.5178873697916601,0.696484374999923,0.4212565104166719
117.68088232412173,0.51793619791666,0.696533203124923,0.4213541666666719
117.68090407216344,0.51798502604166,0.6965820312499229,0.42145182291667194
117.68090824468317,0.5180338541666599,0.6966308593749229,0.42154947916667196
117.68092627408944,0.5180826822916599,0.6966796874999228,0.421647135416672
117.68095213203068,0.5183268229166599,0.6969238281249228,0.42184244791667197
117.68095678957722,0.5183756510416598,0.6969726562499228,0.421940104166672
117.68096998109743,0.5184244791666598,0.6970214843749227,0.422037760416672
117.68098345166604,0.5184733072916597,0.6970703124999227,0.42213541666667204
117.68099994778896,0.5185221354166597,0.6971191406249226,0.42223307291667206
117.68103123615246,0.5185709635416597,0.6971679687499226,0.4223307291666721
117.68104453111133,0.5186197916666596,0.6972167968749226,0.4224283854166721
117.68105756818169,0.5186686197916596,0.6972656249999225,0.4225260416666721
117.68106862957433,0.5187174479166595,0.6973144531249225,0.42262369791667215
117.68109960608986,0.5187662760416595,0.6973632812499224,0.42272135416667217
117.68111299859926,0.5188151041666594,0.6974121093749224,0.4228190104166722
117.6811266754614,0.5188639322916594,0.6974609374999223,0.4229166666666722
117.68114349557064,0.5189127604166593,0.6975097656249223,0.42301432291667224
117.68117527061636,0.5189615885416593,0.6975585937499222,0.42311197916667226
117.68118138106942,0.5190104166666593,0.6976074218749222,0.4232096354166723
117.6812020166201,0.5190592447916592,0.6976562499999222,0.4233072916666723
117.68122054946512,0.5191080729166592,0.6977050781249221,0.4234049479166723
117.68124305288968,0.5191569010416591,0.6977539062499221,0.42350260416667235
117.68126561482912,0.5192057291666591,0.697802734374922,0.42360026041667237
117.681270539926,0.519254557291659,0.697851562499922,0.4236979166666724
117.68128979671864,0.519303385416659,0.6979003906249219,0.4237955729166724
117.68131306641236,0.519352213541659,0.6979492187499219,0.42389322916667244
117.68133580746569,0.5194010416666589,0.6979980468749218,0.42399088541667246
117.6813401794809,0.5194498697916589,0.6980468749999218,0.4240885416666725
117.68136480873711,0.5194986979166588,0.6980957031249218,0.4241861979166725
117.68138755704844,0.5195475260416588,0.6981445312499217,0.4242838541666725
117.6814106703288,0.5195963541666587,0.6981933593749217,0.42438151041667255
117.68141551410356,0.5196451822916587,0.6982421874999216,0.42447916666667257
117.68143980917364,0.5196940104166586,0.6982910156249216,0.4245768229166726
117.68146332071044,0.5197428385416586,0.6983398437499215,0.4246744791666726
117.68148663981708,0.5197916666666585,0.6983886718749215,0.42477213541667264
117.68149073619831,0.5198404947916585,0.6984374999999214,0.42486979166667266
117.68151018956812,0.5198893229166585,0.6984863281249214,0.4249674479166727
117.68154288618382,0.5199381510416584,0.6985351562499214,0.4250651041666727
117.68155679277976,0.5199869791666584,0.6985839843749213,0.4251627604166727
117.6815713475969,0.5200358072916583,0.6986328124999213,0.42526041666667275
117.68158410592444,0.5200846354166583,0.6986816406249212,0.42535807291667277
117.6816177024448,0.5201334635416582,0.6987304687499212,0.4254557291666728
117.68163173987443,0.5201822916666582,0.6987792968749211,0.4255533854166728
117.68164581419585,0.5202311197916581,0.6988281249999211,0.42565104166667284
117.68166113066243,0.5202799479166581,0.698876953124921,0.42574869791667286
117.68169443291303,0.5203287760416581,0.698925781249921,0.4258463541666729
117.68170859928708,0.520377604166658,0.698974609374921,0.4259440104166729
117.68172342762072,0.520426432291658,0.6990234374999209,0.4260416666666729
117.68173281107352,0.5204752604166579,0.6990722656249209,0.42613932291667295
117.68177074246606,0.5205240885416579,0.6991210937499208,0.42623697916667297
117.6817850449205,0.5205729166666578,0.6991699218749208,0.426334635416673
117.68179939033084,0.5206217447916578,0.6992187499999207,0.426432291666673
117.68181928617877,0.5206705729166577,0.6992675781249207,0.42652994791667304
117.68184332676547,0.5207194010416577,0.6993164062499206,0.42662760416667306
117.68186776457463,0.5207682291666577,0.6993652343749206,0.4267252604166731
117.68187288771637,0.5208170572916576,0.6994140624999206,0.4268229166666731
117.6818986662736,0.5208658854166576,0.6994628906249205,0.4269205729166731
117.68192355173792,0.5209147135416575,0.6995117187499205,0.42701822916667315
117.68194824502812,0.5209635416666575,0.6995605468749204,0.42711588541667317
117.68195282220728,0.5210123697916574,0.6996093749999204,0.4272135416666732
117.68198576458212,0.5210611979166574,0.6996582031249203,0.4273111979166732
117.6819908369418,0.5211100260416573,0.6997070312499203,0.42740885416667324
117.68201615424414,0.5211588541666573,0.6997558593749202,0.42750651041667326
117.68204097773398,0.5212076822916573,0.6998046874999202,0.4276041666666733
117.68206994956503,0.5212565104166572,0.6998535156249202,0.4277018229166733
117.68207475876363,0.5213053385416572,0.6999023437499201,0.4277994791666733
117.68210007165844,0.5213541666666571,0.6999511718749201,0.42789713541667335
117.68212579060774,0.5214029947916571,0.69999999999992,0.42799479166667337
117.68214568656056,0.521451822916657,0.70004882812492,0.4280924479166734
117.682161226862,0.521500651041657,0.7000976562499199,0.4281901041666734
117.68217680323374,0.521549479166657,0.7001464843749199,0.42828776041667344
117.6822122640697,0.5215983072916569,0.7001953124999198,0.42838541666667346
117.68222402118658,0.5216471354166569,0.7002441406249198,0.4284830729166735
117.68223906631076,0.5216959635416568,0.7002929687499198,0.4285807291666735
117.68225481107532,0.5217447916666568,0.7003417968749197,0.4286783854166735
117.6822889909055,0.5217936197916567,0.7003906249999197,0.42877604166667355
117.68229133265028,0.5218424479166567,0.7004394531249196,0.42887369791667357
117.68230973925868,0.5218912760416566,0.7004882812499196,0.4289713541666736
117.6823256374938,0.5219401041666566,0.7005371093749195,0.4290690104166736
117.6823778703932,0.5219889322916565,0.7005859374999195,0.42916666666667364
117.68238998092887,0.5220377604166565,0.7006347656249194,0.42926432291667366
117.68240538281232,0.5220865885416565,0.7006835937499194,0.4293619791666737
117.6824215025188,0.5221354166666564,0.7007324218749194,0.4294596354166737
117.68245890113228,0.5221842447916564,0.7007812499999193,0.4295572916666737
117.68247966883804,0.5222330729166563,0.7008300781249193,0.42965494791667375
117.68248540745988,0.5222819010416563,0.7008789062499192,0.42975260416667377
117.68251222453426,0.5223307291666562,0.7009277343749192,0.4298502604166738
117.68253883539928,0.5223795572916562,0.7009765624999191,0.4299479166666738
117.68256999727542,0.5224283854166561,0.7010253906249191,0.43004557291667384
117.68257515847183,0.5224772135416561,0.701074218749919,0.43014322916667386
117.68260233280536,0.5225260416666561,0.701123046874919,0.4302408854166739
117.68262996025842,0.522574869791656,0.701171874999919,0.4303385416666739
117.68264137148338,0.522623697916656,0.7012207031249189,0.4304361979166739
117.68267860767205,0.5226725260416559,0.7012695312499189,0.43053385416667395
117.68269605572416,0.5227213541666559,0.7013183593749188,0.43063151041667397
117.68271285772684,0.5227701822916558,0.7013671874999188,0.430729166666674
117.68272494032853,0.5228190104166558,0.7014160156249187,0.430826822916674
117.68276404578708,0.5228678385416557,0.7014648437499187,0.43092447916667403
117.68278099935804,0.5229166666666557,0.7015136718749186,0.43102213541667406
117.68279734510716,0.5229654947916557,0.7015624999999186,0.4311197916666741
117.68281989473816,0.5230143229166556,0.7016113281249186,0.4312174479166741
117.68284775054336,0.5230631510416556,0.7016601562499185,0.4313151041666741
117.68287612762116,0.5231119791666555,0.7017089843749185,0.43141276041667415
117.68288222665988,0.5231608072916555,0.7017578124999184,0.43151041666667417
117.68291431861408,0.5232096354166554,0.7018066406249184,0.4316080729166742
117.6829433257436,0.5232584635416554,0.7018554687499183,0.4317057291666742
117.68297213317716,0.5233072916666553,0.7019042968749183,0.43180338541667423
117.68297760049566,0.5233561197916553,0.7019531249999182,0.43190104166667426
117.68300146704904,0.5234049479166553,0.7020019531249182,0.4319986979166743
117.68303013255698,0.5234537760416552,0.7020507812499182,0.4320963541666743
117.68304041748802,0.5235026041666552,0.7020996093749181,0.4321940104166743
117.68306563811164,0.5235514322916551,0.7021484374999181,0.43229166666667435
117.68309857639828,0.5236002604166551,0.702197265624918,0.43238932291667437
117.68312845465832,0.523649088541655,0.702246093749918,0.4324869791666744
117.68315813545078,0.523697916666655,0.7022949218749179,0.4325846354166744
117.68316376922726,0.523746744791655,0.7023437499999179,0.43268229166667443
117.68318777072828,0.5237955729166549,0.7023925781249178,0.43277994791667446
117.68322914715792,0.5238444010416549,0.7024414062499178,0.4328776041666745
117.68324741014038,0.5238932291666548,0.7024902343749178,0.4329752604166745
117.68326575464803,0.5239420572916548,0.7025390624999177,0.4330729166666745
117.6832788572148,0.5239908854166547,0.7025878906249177,0.43317057291667455
117.68332160409616,0.5240397135416547,0.7026367187499176,0.43326822916667457
117.68334015223463,0.5240885416666546,0.7026855468749176,0.4333658854166746
117.683358044139,0.5241373697916546,0.7027343749999175,0.4334635416666746
117.68339260132149,0.5241861979166546,0.7027832031249175,0.43356119791667463
117.68341159415064,0.5242350260416545,0.7028320312499174,0.43365885416667466
117.68342989533944,0.5242838541666545,0.7028808593749174,0.4337565104166747
117.68347319657384,0.5243326822916544,0.7029296874999174,0.4338541666666747
117.68349090416586,0.5243815104166544,0.7029785156249173,0.4339518229166747
117.68350946081809,0.5244303385416543,0.7030273437499173,0.43404947916667475
117.68352807379236,0.5244791666666543,0.7030761718749172,0.43414713541667477
117.68357280957956,0.5245279947916542,0.7031249999999172,0.4342447916666748
117.6835981246575,0.5245768229166542,0.7031738281249171,0.4343424479166748
117.6836048191463,0.5246256510416542,0.7032226562499171,0.43444010416667483
117.68363675862804,0.5246744791666541,0.703271484374917,0.43453776041667486
117.68366847286244,0.5247233072916541,0.703320312499917,0.4346354166666749
117.68370332397636,0.524772135416654,0.703369140624917,0.4347330729166749
117.68370930448708,0.524820963541654,0.7034179687499169,0.4348307291666749
117.68374184648783,0.5248697916666539,0.7034667968749169,0.43492838541667495
117.68377501192938,0.5249186197916539,0.7035156249999168,0.43502604166667497
117.68380548738958,0.5249674479166538,0.7035644531249168,0.435123697916675
117.6838124342684,0.5250162760416538,0.7036132812499167,0.435221354166675
117.68384558838842,0.5250651041666538,0.7036621093749167,0.43531901041667503
117.68387852238946,0.5251139322916537,0.7037109374999166,0.43541666666667506
117.68390559314204,0.5251627604166537,0.7037597656249166,0.4355143229166751
117.68392083933831,0.5252115885416536,0.7038085937499166,0.4356119791666751
117.68395466175332,0.5252604166666536,0.7038574218749165,0.4357096354166751
117.6839891484329,0.5253092447916535,0.7039062499999165,0.43580729166667515
117.6840164731311,0.5253580729166535,0.7039550781249164,0.43590494791667517
117.6840377133676,0.5254069010416534,0.7040039062499164,0.4360026041666752
117.68405819535022,0.5254557291666534,0.7040527343749163,0.4361002604166752
117.6841067160538,0.5255045572916534,0.7041015624999163,0.43619791666667523
117.68412647192972,0.5255533854166533,0.7041503906249162,0.43629557291667526
117.684147306015,0.5256022135416533,0.7041992187499162,0.4363932291666753
117.68416821847865,0.5256510416666532,0.7042480468749162,0.4364908854166753
117.68421863587764,0.5256998697916532,0.7042968749999161,0.4365885416666753
117.68423033943898,0.5257486979166531,0.7043457031249161,0.43668619791667534
117.68428025109104,0.5257975260416531,0.704394531249916,0.43678385416667537
117.68430234695484,0.525846354166653,0.704443359374916,0.4368815104166754
117.6843245411132,0.525895182291653,0.7044921874999159,0.4369791666666754
117.68434043533674,0.525944010416653,0.7045410156249159,0.43707682291667543
117.68438818120384,0.5259928385416529,0.7045898437499158,0.43717447916667546
117.684392331132,0.5260416666666529,0.7046386718749158,0.4372721354166755
117.6844367076952,0.5260904947916528,0.7046874999999158,0.4373697916666755
117.68446697023052,0.5261393229166528,0.7047363281249157,0.4374674479166755
117.68450432831408,0.5261881510416527,0.7047851562499157,0.43756510416667554
117.68454247790976,0.5262369791666527,0.7048339843749156,0.43766276041667557
117.68455073287964,0.5262858072916526,0.7048828124999156,0.4377604166666756
117.68459391778168,0.5263346354166526,0.7049316406249155,0.4378580729166756
117.68463324802632,0.5263834635416526,0.7049804687499155,0.43795572916667563
117.68467241082077,0.5264322916666525,0.7050292968749154,0.43805338541667566
117.68467987670238,0.5264811197916525,0.7050781249999154,0.4381510416666757
117.68471244388,0.5265299479166524,0.7051269531249154,0.4382486979166757
117.68475172002104,0.5265787760416524,0.7051757812499153,0.4383463541666757
117.68479185364664,0.5266276041666523,0.7052246093749153,0.43844401041667574
117.6848005406152,0.5266764322916523,0.7052734374999152,0.43854166666667577
117.68484613839176,0.5267252604166522,0.7053222656249152,0.4386393229166758
117.68488629972106,0.5267740885416522,0.7053710937499151,0.4387369791666758
117.6849288774186,0.5268229166666522,0.7054199218749151,0.43883463541667583
117.68493675352916,0.5268717447916521,0.705468749999915,0.43893229166667586
117.68497017350732,0.5269205729166521,0.705517578124915,0.4390299479166759
117.68502824625942,0.526969401041652,0.705566406249915,0.4391276041666759
117.68505400625855,0.527018229166652,0.7056152343749149,0.4392252604166759
117.6850799127724,0.5270670572916519,0.7056640624999149,0.43932291666667594
117.68509861999516,0.5271158854166519,0.7057128906249148,0.43942057291667597
117.6851593803426,0.5271647135416518,0.7057617187499148,0.439518229166676
117.68518588411824,0.5272135416666518,0.7058105468749147,0.439615885416676
117.68521145627436,0.5272623697916518,0.7058593749999147,0.43971354166667603
117.685256338218,0.5273111979166517,0.7059082031249146,0.43981119791667606
117.68528855451306,0.5273600260416517,0.7059570312499146,0.4399088541666761
117.68531505210731,0.5274088541666516,0.7060058593749146,0.4400065104166761
117.68537797984403,0.5274576822916516,0.7060546874999145,0.4401041666666761
117.6854037151946,0.5275065104166515,0.7061035156249145,0.44020182291667614
117.685430874912,0.5275553385416515,0.7061523437499144,0.44029947916667617
117.68545823183324,0.5276041666666514,0.7062011718749144,0.4403971354166762
117.68552437053155,0.5276529947916514,0.7062499999999143,0.4404947916666762
117.6855619848752,0.5277018229166514,0.7062988281249143,0.44059244791667623
117.68557196763756,0.5277506510416513,0.7063476562499142,0.44069010416667626
117.68561964472389,0.5277994791666513,0.7063964843749142,0.4407877604166763
117.6856672775786,0.5278483072916512,0.7064453124999142,0.4408854166666763
117.68571972463371,0.5278971354166512,0.7064941406249141,0.4409830729166763
117.68572880822488,0.5279459635416511,0.7065429687499141,0.44108072916667634
117.68577825941712,0.5279947916666511,0.706591796874914,0.44117838541667637
117.68582899495932,0.528043619791651,0.706640624999914,0.4412760416666764
117.68587584654776,0.528092447916651,0.7066894531249139,0.4413736979166764
117.68588658857674,0.528141276041651,0.7067382812499139,0.44147135416667643
117.68593792612636,0.5281901041666509,0.7067871093749138,0.44156901041667646
117.68598922664442,0.5282389322916509,0.7068359374999138,0.4416666666666765
117.68604607179716,0.5282877604166508,0.7068847656249138,0.4417643229166765
117.6860558875169,0.5283365885416508,0.7069335937499137,0.4418619791666765
117.6861093698342,0.5283854166666507,0.7069824218749137,0.44195963541667654
117.68616432060652,0.5284342447916507,0.7070312499999136,0.44205729166667657
117.6862079449822,0.5284830729166506,0.7070800781249136,0.4421549479166766
117.68624213822297,0.5285319010416506,0.7071289062499135,0.4422526041666766
117.68627530098463,0.5285807291666506,0.7071777343749135,0.44235026041667663
117.68635436791074,0.5286295572916505,0.7072265624999134,0.44244791666667665
117.68638701523744,0.5286783854166505,0.7072753906249134,0.4425455729166767
117.68642136166676,0.5287272135416504,0.7073242187499134,0.4426432291666767
117.68645604678814,0.5287760416666504,0.7073730468749133,0.4427408854166767
117.686540278003,0.5288248697916503,0.7074218749999133,0.44283854166667674
117.68656421302911,0.5288736979166503,0.7074707031249132,0.44293619791667677
117.68662628844456,0.5289225260416502,0.7075195312499132,0.4430338541666768
117.68668812172406,0.5289713541666502,0.7075683593749131,0.4431315104166768
117.6867012154962,0.5290201822916502,0.7076171874999131,0.44322916666667683
117.6867674994092,0.5290690104166501,0.707666015624913,0.44332682291667685
117.68683242645332,0.5291178385416501,0.707714843749913,0.4434244791666769
117.6868977002416,0.52916666666665,0.707763671874913,0.4435221354166769
117.68690993124552,0.52921549479165,0.7078124999999129,0.4436197916666769
117.68696443747795,0.5292643229166499,0.7078613281249129,0.44371744791667694
117.68705901947828,0.5293131510416499,0.7079101562499128,0.44381510416667697
117.68709990959152,0.5293619791666498,0.7079589843749128,0.443912760416677
117.6871430636187,0.5294108072916498,0.7080078124999127,0.444010416666677
117.68718152034836,0.5294596354166498,0.7080566406249127,0.44410807291667703
117.68728377604933,0.5295084635416497,0.7081054687499126,0.44420572916667705
117.68732725845824,0.5295572916666497,0.7081542968749126,0.4443033854166771
117.6873712616924,0.5296061197916496,0.7082031249999126,0.4444010416666771
117.68741974122554,0.5296549479166496,0.7082519531249125,0.4444986979166771
117.68752703883445,0.5297037760416495,0.7083007812499125,0.44459635416667714
117.68757358469524,0.5297526041666495,0.7083496093749124,0.44469401041667717
117.6876226629238,0.5298014322916494,0.7083984374999124,0.4447916666666772
117.68766652722374,0.5298502604166494,0.7084472656249123,0.4448893229166772
117.68778387078169,0.5298990885416494,0.7084960937499123,0.44498697916667723
117.68778504050805,0.5299967447916494,0.7085449218749122,0.4451334635416772
117.6878339736843,0.5300455729166493,0.7085937499999122,0.44523111979167723
117.68788480692386,0.5300944010416493,0.7086425781249122,0.44532877604167725
117.6879109638058,0.5301920572916493,0.7086914062499121,0.44547526041667723
117.6879567372298,0.5302408854166493,0.7087402343749121,0.44557291666667725
117.68804516059294,0.5302897135416492,0.708789062499912,0.4456705729166773
117.68813710904725,0.5303385416666492,0.708837890624912,0.4457682291666773
117.6881567114568,0.5303873697916491,0.7088867187499119,0.4458658854166773
117.68825639934468,0.5304361979166491,0.7089355468749119,0.44596354166667734
117.68835559105308,0.530485026041649,0.7089843749999118,0.44606119791667737
117.68845663839728,0.530533854166649,0.7090332031249118,0.4461588541666774
117.688475726837,0.530582682291649,0.7090820312499118,0.4462565104166774
117.68861580492732,0.5306315104166489,0.7091308593749117,0.44635416666667743
117.68863916132042,0.5306803385416489,0.7091796874999117,0.44645182291667745
117.688750104579,0.5307291666666488,0.7092285156249116,0.4465494791666775
117.6888637755901,0.5307779947916488,0.7092773437499116,0.4466471354166775
117.6890015899658,0.5308268229166487,0.7093261718749115,0.4467447916666775
117.68902500342055,0.5308756510416487,0.7093749999999115,0.44684244791667754
117.68907724027076,0.5309244791666486,0.7094238281249114,0.44694010416667757
117.68928339533842,0.5309733072916486,0.7094726562499114,0.4470377604166776
117.68938937780388,0.5310221354166486,0.7095214843749114,0.4471354166666776
117.68947489083033,0.5310709635416485,0.7095703124999113,0.44723307291667763
117.68956303301722,0.5311197916666485,0.7096191406249113,0.44733072916667765
117.68977303797124,0.5311686197916484,0.7096679687499112,0.4474283854166777
117.68984639207405,0.5312174479166484,0.7097167968749112,0.4475260416666777
117.68994208010626,0.5312662760416483,0.7097656249999111,0.4476236979166777
117.69004561700508,0.5313151041666483,0.7098144531249111,0.44772135416667774
117.69023542527304,0.5314127604166483,0.709863281249911,0.4478678385416777
117.6902999666812,0.5314615885416483,0.709912109374911,0.44796549479167774
117.69043691889384,0.5315104166666482,0.709960937499911,0.44806315104167777
117.69056038436588,0.5315592447916482,0.7100097656249109,0.4481608072916778
117.69068978702228,0.5316080729166481,0.7100585937499109,0.4482584635416778
117.69084636215126,0.5317057291666482,0.7101074218749108,0.4484049479166778
117.6910079211372,0.5317545572916481,0.7101562499999108,0.4485026041666778
117.69112191037672,0.5318033854166481,0.7102050781249107,0.44860026041667783
117.69127429257672,0.531852213541648,0.7102539062499107,0.44869791666667785
117.69144472436,0.531901041666648,0.7103027343749106,0.4487955729166779
117.69188556234444,0.5319498697916479,0.7103515624999106,0.4488932291666779
117.69216789855864,0.5319986979166479,0.7104003906249106,0.4489908854166779
117.69225152567748,0.5320475260416478,0.7104492187499105,0.44908854166667794
117.69268287524298,0.5320963541666478,0.7104980468749105,0.44918619791667797
117.69320221922392,0.5321451822916478,0.7105468749999104,0.449283854166678
117.69400077365474,0.5321940104166477,0.7105957031249104,0.449381510416678
117.69416561044952,0.5322428385416477,0.7106445312499103,0.44947916666667803
117.6942831419616,0.5323404947916477,0.7106933593749103,0.449625651041678
117.69532226376457,0.5323893229166476,0.7107421874999102,0.44972330729167803
117.69835698405409,0.5324381510416476,0.7107910156249102,0.44982096354167805
117.69949396391934,0.5325358072916476,0.7108398437499102,0.44996744791667803
117.70966045181736,0.5326334635416476,0.7108886718749101,0.450113932291678
117.71145929229944,0.5327311197916477,0.7109374999999101,0.450260416666678
117.71434250233298,0.5329752604166477,0.7111816406249101,0.450455729166678
117.7174548044468,0.5330729166666477,0.71123046874991,0.45060221354167795
117.72038067325252,0.5331705729166477,0.71127929687491,0.45074869791667793
117.722031596101,0.5332682291666477,0.7113281249999099,0.4508951822916779
117.72708824602675,0.5333658854166478,0.7113769531249099,0.4510416666666779
117.7310529374551,0.5334635416666478,0.7114257812499098,0.45118815104167787
117.73331546967374,0.5337076822916478,0.7116699218749098,0.45138346354167785
117.73410317480553,0.5338053385416478,0.7117187499999098,0.45152994791667783
117.7365903413465,0.5340006510416478,0.7118164062499098,0.45177408854167783
117.74261715611485,0.5340983072916479,0.7118652343749098,0.4519205729166778
117.74766734478372,0.5341959635416479,0.7119140624999097,0.4520670572916778
117.74898317314896,0.5342936197916479,0.7119628906249097,0.45221354166667777
117.7546802838892,0.5343912760416479,0.7120117187499097,0.45236002604167774
117.75706220764742,0.534586588541648,0.7121093749999097,0.45260416666667774
117.76144145282208,0.534684244791648,0.7121582031249096,0.4527506510416777
117.76649763722398,0.534781901041648,0.7122070312499096,0.4528971354166777
117.76754552358796,0.534879557291648,0.7122558593749095,0.4530436197916777
117.77427920629862,0.5349446614583148,0.7124023437499095,0.45305989583334433
117.7767734290054,0.5350423177083148,0.7124511718749095,0.4532063802083443
117.77790247377132,0.5351399739583148,0.7124999999999094,0.4533528645833443
117.78005331270444,0.5353352864583149,0.7125976562499095,0.4535970052083443
117.78439579799188,0.5355305989583149,0.7126953124999095,0.4538411458333443
117.79690983885725,0.5356282552083149,0.7127441406249094,0.45398763020834426
117.79894901709396,0.5358723958333149,0.7129882812499094,0.45418294270834425
117.803020794993,0.5359700520833149,0.7130371093749094,0.45432942708334423
117.8063825778476,0.536067708333315,0.7130859374999093,0.4544759114583442
117.81020489932736,0.536165364583315,0.7131347656249093,0.4546223958333442
117.81371207801308,0.536360677083315,0.7132324218749093,0.4548665364583442
117.81379908553708,0.536458333333315,0.7132812499999093,0.45501302083334416
117.8351668013514,0.5365559895833151,0.7133300781249092,0.45515950520834414
117.83817375990664,0.5366536458333151,0.7133789062499092,0.4553059895833441
117.84044233353984,0.5367513020833151,0.7134277343749091,0.4554524739583441
117.8471659454952,0.5368489583333151,0.7134765624999091,0.4555989583333441
117.8489068241096,0.5370442708333152,0.7135742187499091,0.4558430989583441
117.86053689893016,0.5371419270833152,0.7136230468749091,0.45598958333334405
117.86388184566955,0.5372395833333152,0.713671874999909,0.45613606770834403
117.86528276990636,0.5373372395833153,0.713720703124909,0.456282552083344
117.86575031855229,0.5374348958333153,0.7137695312499089,0.456429036458344
117.87271249120126,0.5376302083333153,0.713867187499909,0.456673177083344
117.87859385044672,0.5377278645833153,0.7139160156249089,0.45681966145834396
117.87954212547714,0.5378255208333154,0.7139648437499089,0.45696614583334394
117.88102233068524,0.5379231770833154,0.7140136718749088,0.4571126302083439
117.88794263542056,0.5380208333333154,0.7140624999999088,0.4572591145833439
117.8926288818186,0.5382161458333155,0.7141601562499088,0.4575032552083439
117.89488825663258,0.5383138020833155,0.7142089843749088,0.4576497395833439
117.8996871096506,0.5384114583333155,0.7142578124999087,0.45779622395834385
117.9021833924576,0.5385091145833155,0.7143066406249087,0.45794270833334383
117.9089154707613,0.5386067708333155,0.7143554687499086,0.4580891927083438
117.90960757763295,0.5387044270833156,0.7144042968749086,0.4582356770833438
117.91158304244377,0.5388020833333156,0.7144531249999085,0.45838216145834376
117.9123201575458,0.5388997395833156,0.7145019531249085,0.45852864583334374
117.91289283772812,0.5389973958333156,0.7145507812499085,0.4586751302083437
117.91924043804948,0.5390950520833157,0.7145996093749084,0.4588216145833437
117.92246827078762,0.5391927083333157,0.7146484374999084,0.4589680989583437
117.92464969354316,0.5392903645833157,0.7146972656249083,0.45911458333334365
117.92516416167048,0.5393880208333157,0.7147460937499083,0.45926106770834363
117.92858717021144,0.5394856770833157,0.7147949218749082,0.4594075520833436
117.92951664484744,0.5395833333333158,0.7148437499999082,0.4595540364583436
117.92961737487086,0.5396809895833158,0.7148925781249081,0.45970052083334356
117.9310479653534,0.5397786458333158,0.7149414062499081,0.45984700520834354
117.93342188426232,0.5398763020833158,0.714990234374908,0.4599934895833435
117.93577665617303,0.5399739583333159,0.715039062499908,0.4601399739583435
117.93714041327388,0.5400716145833159,0.715087890624908,0.4602864583333435
117.9449995178966,0.5401692708333159,0.7151367187499079,0.46043294270834345
117.94923230983105,0.5404134114583159,0.7153808593749079,0.46062825520834344
117.95105206677636,0.5406575520833159,0.7156249999999079,0.46082356770834343
117.95217033676008,0.5407552083333159,0.7156738281249079,0.4609700520833434
117.95445519499918,0.5408528645833159,0.7157226562499078,0.4611165364583434
117.9603366769841,0.540950520833316,0.7157714843749078,0.46126302083334336
117.96048037224652,0.541048177083316,0.7158203124999077,0.46140950520834334
117.9636206232514,0.541145833333316,0.7158691406249077,0.4615559895833433
117.9768627816873,0.541243489583316,0.7159179687499077,0.4617024739583433
117.97921751870692,0.541341145833316,0.7159667968749076,0.4618489583333433
117.98664719256922,0.5414388020833161,0.7160156249999076,0.46199544270834325
118.006852564328,0.5416341145833161,0.7161132812499076,0.46223958333334325
118.01752357530268,0.5417317708333161,0.7161621093749075,0.46238606770834323
118.01910003393496,0.5418294270833162,0.7162109374999075,0.4625325520833432
118.02437782752048,0.5419270833333162,0.7162597656249075,0.4626790364583432
118.0261923856738,0.5421712239583162,0.7165039062499075,0.4628743489583432
118.03469952293452,0.5422688802083162,0.7165527343749074,0.46302083333334315
118.03635099887258,0.5423665364583162,0.7166015624999074,0.46316731770834313
118.03801252006592,0.5424641927083163,0.7166503906249073,0.4633138020833431
118.04288986902829,0.5425618489583163,0.7166992187499073,0.4634602864583431
118.0479936571756,0.5426595052083163,0.7167480468749072,0.46360677083334306
118.04998654273491,0.5427571614583163,0.7167968749999072,0.46375325520834304
118.0500802956252,0.5428548177083163,0.7168457031249071,0.463899739583343
118.05854902705744,0.5429524739583164,0.7168945312499071,0.464046223958343
118.06055741325284,0.5431477864583164,0.7169921874999071,0.464290364583343
118.06486211854896,0.5432454427083164,0.7170410156249071,0.464436848958343
118.06906967164068,0.5433430989583165,0.717089843749907,0.46458333333334295
118.06913744692996,0.5434407552083165,0.717138671874907,0.46472981770834293
118.070218889356,0.5435384114583165,0.7171874999999069,0.4648763020833429
118.0705525279326,0.5437825520833165,0.7174316406249069,0.4650716145833429
118.0716405153506,0.5439778645833165,0.717529296874907,0.4653157552083429
118.07191177038725,0.5440755208333166,0.7175781249999069,0.4654622395833429
118.07821001762632,0.5442708333333166,0.7176757812499069,0.4657063802083429
118.08317811372294,0.5443684895833166,0.7177246093749069,0.46585286458334285
118.08951303259876,0.5446126302083166,0.7179687499999069,0.46604817708334284
118.1005176865984,0.5447102864583167,0.7180175781249069,0.4661946614583428
118.10075120750584,0.5449544270833167,0.7182617187499069,0.4663899739583428
118.10909360944471,0.5450520833333167,0.7183105468749068,0.4665364583333428
118.1111844402284,0.5451497395833167,0.7183593749999068,0.46668294270834276
118.11444376609708,0.5452473958333167,0.7184082031249067,0.46682942708334274
118.11774595315136,0.5453450520833167,0.7184570312499067,0.4669759114583427
118.12695544724336,0.5454427083333168,0.7185058593749066,0.4671223958333427
118.12953858875146,0.5455403645833168,0.7185546874999066,0.4672688802083427
118.12955291483706,0.5456380208333168,0.7186035156249065,0.46741536458334265
118.13128840204476,0.5457356770833168,0.7186523437499065,0.46756184895834263
118.14117925596132,0.5458333333333169,0.7187011718749065,0.4677083333333426
118.14176367856766,0.5459309895833169,0.7187499999999064,0.4678548177083426
118.14724837534102,0.5460286458333169,0.7187988281249064,0.46800130208334256
118.15278094163357,0.5461263020833169,0.7188476562499063,0.46814778645834254
118.16243171977024,0.5463704427083169,0.7190917968749063,0.46834309895834253
118.16915633779706,0.5464680989583169,0.7191406249999063,0.4684895833333425
118.16985946834971,0.546565755208317,0.7191894531249062,0.4686360677083425
118.17725227509716,0.546663411458317,0.7192382812499062,0.46878255208334246
118.17793265374384,0.546761067708317,0.7192871093749061,0.46892903645834244
118.17800129093342,0.546858723958317,0.7193359374999061,0.4690755208333424
118.18159535088508,0.546956380208317,0.719384765624906,0.4692220052083424
118.18236255638116,0.5470540364583171,0.719433593749906,0.4693684895833424
118.18358985503872,0.5471516927083171,0.719482421874906,0.46951497395834235
118.18959211730548,0.5472493489583171,0.7195312499999059,0.46966145833334233
118.19360889852524,0.5474446614583172,0.7196289062499059,0.46990559895834233
118.19845101332456,0.5475423177083172,0.7196777343749059,0.4700520833333423
118.20074433857792,0.5476399739583172,0.7197265624999059,0.4701985677083423
118.20110077334256,0.5478352864583172,0.7198242187499059,0.4704427083333423
118.20111608399284,0.5479329427083173,0.7198730468749058,0.47058919270834226
118.20667685081244,0.5480305989583173,0.7199218749999058,0.47073567708334224
118.20753562018082,0.5482747395833173,0.7201660156249058,0.47093098958334223
118.21134270365576,0.5483723958333173,0.7202148437499057,0.4710774739583422
118.22003270514838,0.5484700520833173,0.7202636718749057,0.4712239583333422
118.22511899895498,0.5485677083333174,0.7203124999999057,0.47137044270834216
118.23673626143912,0.5486653645833174,0.7203613281249056,0.47151692708334214
118.23917859871432,0.5487630208333174,0.7204101562499056,0.4716634114583421
118.23932586872375,0.5488606770833174,0.7204589843749055,0.4718098958333421
118.23997882413016,0.5489583333333174,0.7205078124999055,0.4719563802083421
118.24018221149451,0.5490559895833175,0.7205566406249054,0.47210286458334205
118.24058704101188,0.5491536458333175,0.7206054687499054,0.47224934895834203
118.24107643566056,0.5492513020833175,0.7206542968749053,0.472395833333342
118.24378269262482,0.5493489583333175,0.7207031249999053,0.472542317708342
118.24839258359356,0.5494466145833176,0.7207519531249053,0.47268880208334196
118.25173031197482,0.5496907552083176,0.7209960937499053,0.47288411458334195
118.26141527413264,0.5497884114583176,0.7210449218749052,0.47303059895834193
118.26452891766615,0.5498860677083176,0.7210937499999052,0.4731770833333419
118.26560890507196,0.5499837239583176,0.7211425781249051,0.4733235677083419
118.27065105647594,0.5500813802083176,0.7211914062499051,0.47347005208334186
118.27789623971422,0.5503255208333176,0.7214355468749051,0.47366536458334185
118.27878392510011,0.5504231770833177,0.721484374999905,0.47381184895834183
118.2789327915383,0.5505208333333177,0.721533203124905,0.4739583333333418
118.281166668446,0.5506184895833177,0.7215820312499049,0.4741048177083418
118.2855910535764,0.5507161458333177,0.7216308593749049,0.47425130208334176
118.2878367411372,0.5507812499999845,0.7217773437499049,0.4742675781250084
118.30852360039346,0.5508789062499845,0.7218261718749048,0.4744140625000084
118.31369244141942,0.5509765624999845,0.7218749999999048,0.47456054687500837
118.31373568580796,0.5510742187499845,0.7219238281249047,0.47470703125000835
118.3178539549442,0.5511718749999845,0.7219726562499047,0.4748535156250083
118.32128453676364,0.5512695312499846,0.7220214843749047,0.4750000000000083
118.32146477260584,0.5513671874999846,0.7220703124999046,0.4751464843750083
118.32632791996666,0.5516113281249846,0.7223144531249046,0.47534179687500827
118.33718843593422,0.5517089843749846,0.7223632812499046,0.47548828125000825
118.34249884956698,0.5518066406249846,0.7224121093749045,0.4756347656250082
118.34352938626438,0.5519042968749847,0.7224609374999045,0.4757812500000082
118.34499604469391,0.5520019531249847,0.7225097656249044,0.4759277343750082
118.34844625171688,0.5520996093749847,0.7225585937499044,0.47607421875000816
118.3506276436241,0.5521972656249847,0.7226074218749043,0.47622070312500814
118.35453085135434,0.5522949218749847,0.7226562499999043,0.4763671875000081
118.35533729551555,0.5523925781249848,0.7227050781249043,0.4765136718750081
118.36192451001004,0.5525878906249848,0.7228027343749043,0.4767578125000081
118.36712644693706,0.5526855468749848,0.7228515624999042,0.47690429687500807
118.36784225666268,0.5527832031249849,0.7229003906249042,0.47705078125000805
118.36789833156811,0.5528808593749849,0.7229492187499041,0.477197265625008
118.36806093676874,0.5529785156249849,0.7229980468749041,0.477343750000008
118.36817473094123,0.553173828124985,0.7230957031249041,0.477587890625008
118.36915474236376,0.553271484374985,0.7231445312499041,0.477734375000008
118.37344967559106,0.553369140624985,0.723193359374904,0.47788085937500796
118.37700240851731,0.553466796874985,0.723242187499904,0.47802734375000794
118.38400342686204,0.553710937499985,0.723486328124904,0.4782226562500079
118.39233080407632,0.553808593749985,0.7235351562499039,0.4783691406250079
118.3926229204419,0.5539062499999851,0.7235839843749039,0.4785156250000079
118.39854965264728,0.5540039062499851,0.7236328124999039,0.47866210937500786
118.401360199493,0.5541015624999851,0.7236816406249038,0.47880859375000784
118.4065572536617,0.5541992187499851,0.7237304687499038,0.4789550781250078
118.41267253793356,0.5544433593749851,0.7239746093749038,0.4791503906250078
118.4136186310523,0.5546386718749852,0.7240722656249038,0.4793945312500078
118.4178165387264,0.5547363281249852,0.7241210937499037,0.4795410156250078
118.41997017428336,0.5548339843749852,0.7241699218749037,0.47968750000000776
118.42709214391996,0.5549316406249852,0.7242187499999037,0.47983398437500774
118.428009041618,0.5551757812499852,0.7244628906249037,0.4800292968750077
118.43523619615983,0.5552734374999853,0.7245117187499036,0.4801757812500077
118.4358556143646,0.5553710937499853,0.7245605468749036,0.4803222656250077
118.43926034727404,0.5554687499999853,0.7246093749999035,0.48046875000000766
118.44756444078824,0.5555664062499853,0.7246582031249035,0.48061523437500764
118.4497304972825,0.5556640624999853,0.7247070312499034,0.4807617187500076
118.45645489865842,0.5557617187499854,0.7247558593749034,0.4809082031250076
118.45776367339614,0.5558593749999854,0.7248046874999033,0.48105468750000757
118.46019974718835,0.5561035156249854,0.7250488281249033,0.48125000000000756
118.46921514587488,0.5562988281249854,0.7251464843749034,0.48149414062500756
118.47005978272766,0.5563964843749855,0.7251953124999033,0.48164062500000754
118.47071700646735,0.5564941406249855,0.7252441406249033,0.4817871093750075
118.47128882249436,0.5565917968749855,0.7252929687499032,0.4819335937500075
118.47275543180662,0.5566894531249855,0.7253417968749032,0.48208007812500747
118.47689990771455,0.5567871093749855,0.7253906249999031,0.48222656250000745
118.47807278513152,0.5569824218749856,0.7254882812499032,0.48247070312500745
118.47815113882066,0.5571777343749856,0.7255859374999032,0.48271484375000745
118.48077484342444,0.5573730468749857,0.7256835937499032,0.48295898437500745
118.48238065495327,0.5575683593749857,0.7257812499999032,0.48320312500000745
118.48296279680592,0.5576660156249857,0.7258300781249032,0.4833496093750074
118.48312577354896,0.5578613281249858,0.7259277343749032,0.4835937500000074
118.4847601990274,0.5580566406249858,0.7260253906249032,0.4838378906250074
118.48532092041508,0.5582519531249859,0.7261230468749033,0.4840820312500074
118.4859794487311,0.5583496093749859,0.7261718749999032,0.4842285156250074
118.4864670665114,0.558544921874986,0.7262695312499032,0.4844726562500074
118.48770046449437,0.558740234374986,0.7263671874999033,0.4847167968750074
118.48799234192028,0.558935546874986,0.7264648437499033,0.4849609375000074
118.48878549650594,0.559179687499986,0.7267089843749033,0.4851562500000074
118.48887902434156,0.5593749999999861,0.7268066406249033,0.4854003906250074
118.4907882122862,0.5595703124999861,0.7269042968749033,0.4856445312500074
118.49150269414471,0.5597656249999862,0.7270019531249033,0.4858886718750074
118.49206936202188,0.5599609374999862,0.7270996093749034,0.4861328125000074
118.49226646068934,0.5600585937499862,0.7271484374999033,0.48627929687500737
118.4928105895518,0.5602539062499863,0.7272460937499033,0.48652343750000737
118.49316829714894,0.5604492187499863,0.7273437499999034,0.48676757812500737
118.4945937153672,0.5606445312499864,0.7274414062499034,0.48701171875000737
118.49527548816336,0.5608398437499864,0.7275390624999034,0.48725585937500737
118.49599794699988,0.5610351562499865,0.7276367187499034,0.48750000000000737
118.49637878125245,0.5612304687499865,0.7277343749999035,0.48774414062500737
118.49815962585797,0.5614257812499865,0.7278320312499035,0.48798828125000737
118.49925113892104,0.5615234374999866,0.7278808593749034,0.48813476562500735
118.49939767300326,0.5617187499999866,0.7279785156249035,0.48837890625000735
118.5010959574132,0.5619140624999867,0.7280761718749035,0.48862304687500735
118.50199450395245,0.5621093749999867,0.7281738281249035,0.48886718750000735
118.50237292964712,0.5622070312499867,0.7282226562499035,0.4890136718750073
118.50274427171044,0.5624023437499868,0.7283203124999035,0.4892578125000073
118.5029022204444,0.5624999999999868,0.7283691406249034,0.4894042968750073
118.50396476430578,0.5625976562499868,0.7284179687499034,0.4895507812500073
118.50425291649238,0.5627929687499869,0.7285156249999034,0.4897949218750073
118.50481183848171,0.5629882812499869,0.7286132812499034,0.4900390625000073
118.5053332022502,0.5631835937499869,0.7287109374999035,0.4902832031250073
118.50552971224472,0.563378906249987,0.7288085937499035,0.4905273437500073
118.50666551998988,0.563476562499987,0.7288574218749034,0.49067382812500726
118.50673736102118,0.563671874999987,0.7289550781249035,0.49091796875000726
118.50803228031086,0.5638671874999871,0.7290527343749035,0.49116210937500726
118.50848449236888,0.5640624999999871,0.7291503906249035,0.49140625000000726
118.5090818305194,0.5643066406249871,0.7293945312499035,0.49160156250000725
118.5102371753304,0.5645019531249872,0.7294921874999035,0.49184570312500725
118.51098658359614,0.5646972656249872,0.7295898437499035,0.49208984375000725
118.5116408572643,0.5648925781249873,0.7296874999999036,0.49233398437500725
118.51271589036274,0.5650878906249873,0.7297851562499036,0.49257812500000725
118.51376677147287,0.5652832031249874,0.7298828124999036,0.49282226562500725
118.514803171685,0.5653808593749874,0.7299316406249036,0.4929687500000072
118.51497382606551,0.5655761718749874,0.7300292968749036,0.4932128906250072
118.51541460893294,0.5657714843749875,0.7301269531249036,0.4934570312500072
118.516652755922,0.5659667968749875,0.7302246093749036,0.4937011718750072
118.51760731759656,0.5661621093749876,0.7303222656249037,0.4939453125000072
118.51832608907657,0.5663574218749876,0.7304199218749037,0.4941894531250072
118.51915549622512,0.5665527343749877,0.7305175781249037,0.4944335937500072
118.52100132900466,0.5667480468749877,0.7306152343749037,0.4946777343750072
118.52115713771988,0.5669433593749877,0.7307128906249037,0.4949218750000072
118.52135384766127,0.5670410156249878,0.7307617187499037,0.4950683593750072
118.52239788674812,0.5672363281249878,0.7308593749999037,0.4953125000000072
118.5236694107874,0.5674316406249879,0.7309570312499037,0.4955566406250072
118.52413612528672,0.5676757812499879,0.7312011718749037,0.4957519531250072
118.5242388003156,0.5677734374999879,0.7312499999999037,0.49589843750000717
118.52492707158608,0.5679687499999879,0.7313476562499037,0.49614257812500717
118.52497494063518,0.568164062499988,0.7314453124999037,0.49638671875000717
118.52620965178284,0.568359374999988,0.7315429687499038,0.49663085937500717
118.52760004094974,0.568554687499988,0.7316406249999038,0.49687500000000717
118.52849483282974,0.5687499999999881,0.7317382812499038,0.49711914062500717
118.52930551330732,0.5689453124999881,0.7318359374999038,0.49736328125000717
118.5300215429737,0.5691406249999882,0.7319335937499039,0.49760742187500717
118.53168648789811,0.5693359374999882,0.7320312499999039,0.49785156250000717
118.53220411473008,0.5695312499999883,0.7321289062499039,0.49809570312500717
118.53271767159391,0.5696289062499883,0.7321777343749039,0.49824218750000715
118.53338233038026,0.5698242187499883,0.7322753906249039,0.49848632812500715
118.53458664315929,0.5700195312499884,0.7323730468749039,0.49873046875000715
118.53574278979735,0.5702148437499884,0.7324707031249039,0.49897460937500715
118.53574521264852,0.5703124999999885,0.7325195312499039,0.4991210937500071
118.5359874841994,0.5704101562499885,0.7325683593749038,0.4992675781250071
118.53755397529038,0.5705078124999885,0.7326171874999038,0.4994140625000071
118.53836788451412,0.5707031249999885,0.7327148437499038,0.4996582031250071
118.5389040422736,0.5708984374999886,0.7328124999999038,0.4999023437500071
118.53998686681672,0.5710937499999886,0.7329101562499039,0.5001464843750071
118.54125149018154,0.5712890624999887,0.7330078124999039,0.5003906250000071
118.54219034122306,0.5713867187499887,0.7330566406249038,0.5005371093750071
118.5426554254367,0.5715820312499887,0.7331542968749039,0.5007812500000071
118.54525221820164,0.5717773437499888,0.7332519531249039,0.5010253906250071
118.54528944151458,0.5719726562499888,0.7333496093749039,0.5012695312500071
118.5459714665188,0.5721679687499889,0.7334472656249039,0.5015136718750071
118.54690027574064,0.5723632812499889,0.7335449218749039,0.5017578125000071
118.54748780783171,0.5724609374999889,0.7335937499999039,0.501904296875007
118.54818086448304,0.572656249999989,0.7336914062499039,0.502148437500007
118.5486213940306,0.572851562499989,0.7337890624999039,0.502392578125007
118.54982892546045,0.5730468749999891,0.733886718749904,0.502636718750007
118.55088001642478,0.5732421874999891,0.733984374999904,0.502880859375007
118.55122162336512,0.5734863281249891,0.734228515624904,0.5030761718750071
118.5519984777196,0.5736816406249892,0.734326171874904,0.5033203125000071
118.55265252786803,0.5738769531249892,0.734423828124904,0.5035644531250071
118.5534024129732,0.5740722656249893,0.734521484374904,0.5038085937500071
118.55508079152632,0.5742675781249893,0.7346191406249041,0.5040527343750071
118.55515531945215,0.5744628906249893,0.7347167968749041,0.5042968750000071
118.55594235501424,0.5746582031249894,0.7348144531249041,0.5045410156250071
118.55722166517478,0.5748535156249894,0.7349121093749041,0.5047851562500071
118.55876000136372,0.5750488281249895,0.7350097656249042,0.5050292968750071
118.55910217697912,0.5752441406249895,0.7351074218749042,0.5052734375000071
118.5603033921792,0.5754394531249896,0.7352050781249042,0.5055175781250071
118.56144932282548,0.5755371093749896,0.7352539062499042,0.5056640625000071
118.56150627444671,0.5757324218749896,0.7353515624999042,0.5059082031250071
118.562752696756,0.5758300781249897,0.7354003906249041,0.506054687500007
118.56322071357803,0.5760253906249897,0.7354980468749042,0.506298828125007
118.56395768914471,0.5761230468749897,0.7355468749999041,0.506445312500007
118.56397507147238,0.5762207031249897,0.7355957031249041,0.506591796875007
118.56433057666068,0.5764160156249898,0.7356933593749041,0.506835937500007
118.56488588201988,0.5766113281249898,0.7357910156249041,0.507080078125007
118.56560048117476,0.5768066406249899,0.7358886718749041,0.507324218750007
118.56641093391164,0.5770019531249899,0.7359863281249042,0.507568359375007
118.56722893688072,0.57719726562499,0.7360839843749042,0.507812500000007
118.56795842609571,0.57729492187499,0.7361328124999041,0.507958984375007
118.56861957936292,0.57749023437499,0.7362304687499042,0.508203125000007
118.56927993661024,0.57758789062499,0.7362792968749041,0.508349609375007
118.56953645141104,0.57783203124999,0.7365234374999041,0.508544921875007
118.56985286000358,0.5780273437499901,0.7366210937499041,0.508789062500007
118.56990047573284,0.5782226562499901,0.7367187499999042,0.509033203125007
118.57140422884493,0.5784179687499902,0.7368164062499042,0.509277343750007
118.57158473256216,0.5786132812499902,0.7369140624999042,0.509521484375007
118.57215114711948,0.5788085937499903,0.7370117187499042,0.509765625000007
118.57286705943928,0.5790039062499903,0.7371093749999043,0.510009765625007
118.57426535892702,0.5791015624999903,0.7371582031249042,0.510156250000007
118.57477650075394,0.5792968749999904,0.7372558593749042,0.510400390625007
118.57558735861616,0.5794921874999904,0.7373535156249043,0.510644531250007
118.57587901252498,0.5796874999999905,0.7374511718749043,0.510888671875007
118.57711384101944,0.5798828124999905,0.7375488281249043,0.511132812500007
118.57826021063316,0.5800781249999906,0.7376464843749043,0.511376953125007
118.58046727842824,0.5802734374999906,0.7377441406249043,0.511621093750007
118.5812138275354,0.5804687499999907,0.7378417968749044,0.511865234375007
118.58209100731878,0.5805664062499907,0.7378906249999043,0.512011718750007
118.58286564639944,0.5807617187499907,0.7379882812499043,0.512255859375007
118.5832457460029,0.5808593749999907,0.7380371093749043,0.5124023437500069
118.58345489019575,0.5809570312499908,0.7380859374999043,0.5125488281250069
118.58420548835034,0.5810546874999908,0.7381347656249042,0.5126953125000069
118.585490965189,0.5812499999999908,0.7382324218749042,0.5129394531250069
118.58556913520388,0.5814453124999909,0.7383300781249043,0.5131835937500069
118.58654626521827,0.5816894531249909,0.7385742187499043,0.5133789062500069
118.58681153162556,0.5818847656249909,0.7386718749999043,0.5136230468750069
118.58810667443264,0.582080078124991,0.7387695312499043,0.5138671875000069
118.5893138043002,0.582275390624991,0.7388671874999043,0.5141113281250069
118.58941694404338,0.582373046874991,0.7389160156249043,0.5142578125000069
118.58951013284909,0.5825683593749911,0.7390136718749043,0.5145019531250069
118.59063855672244,0.5827636718749911,0.7391113281249043,0.5147460937500069
118.59159091910747,0.5828613281249911,0.7391601562499043,0.5148925781250069
118.59214745490983,0.5830566406249912,0.7392578124999043,0.5151367187500069
118.59289674583064,0.5832519531249912,0.7393554687499043,0.5153808593750069
118.59327277014548,0.583317057291658,0.7395019531249043,0.5153971354166735
118.59379503905016,0.583512369791658,0.7395996093749043,0.5156412760416735
118.59496089196422,0.583610026041658,0.7396484374999043,0.5157877604166735
118.59509713782316,0.5838053385416581,0.7397460937499043,0.5160319010416735
118.59550715173768,0.5840006510416581,0.7398437499999043,0.5162760416666735
118.5967447220458,0.5841959635416581,0.7399414062499043,0.5165201822916735
118.59883273701358,0.5843912760416582,0.7400390624999044,0.5167643229166735
118.59892779786244,0.5844889322916582,0.7400878906249043,0.5169108072916735
118.6002310333501,0.5846842447916583,0.7401855468749043,0.5171549479166735
118.60077488845252,0.5849283854166583,0.7404296874999043,0.5173502604166735
118.60201961762446,0.5851236979166583,0.7405273437499044,0.5175944010416735
118.60248366679237,0.5853190104166583,0.7406249999999044,0.5178385416666735
118.60375223896642,0.5855143229166584,0.7407226562499044,0.5180826822916735
118.60498695002347,0.5857096354166584,0.7408203124999044,0.5183268229166735
118.60515663615604,0.5859049479166585,0.7409179687499045,0.5185709635416735
118.60621106661834,0.5861002604166585,0.7410156249999045,0.5188151041666735
118.60664438604309,0.5861979166666585,0.7410644531249044,0.5189615885416735
118.6073687593681,0.5862955729166586,0.7411132812499044,0.5191080729166735
118.60765161413752,0.5863932291666586,0.7411621093749043,0.5192545572916735
118.60775474767377,0.5865885416666586,0.7412597656249044,0.5194986979166735
118.60787847834406,0.5868326822916586,0.7415039062499044,0.5196940104166735
118.60847077734007,0.5870279947916587,0.7416015624999044,0.5199381510416735
118.60881189012932,0.5872233072916587,0.7416992187499044,0.5201822916666735
118.60922412976797,0.5874186197916588,0.7417968749999044,0.5204264322916735
118.60940330038952,0.5876139322916588,0.7418945312499045,0.5206705729166735
118.61042521585904,0.5878580729166588,0.7421386718749045,0.5208658854166736
118.61067779479568,0.5880533854166589,0.7422363281249045,0.5211100260416736
118.61075787460126,0.5881510416666589,0.7422851562499044,0.5212565104166735
118.61112209065992,0.5883463541666589,0.7423828124999045,0.5215006510416735
118.6123264034389,0.588541666666659,0.7424804687499045,0.5217447916666735
118.6144972595497,0.588736979166659,0.7425781249999045,0.5219889322916735
118.61581702557947,0.5888020833333257,0.7427246093749045,0.5220052083333402
118.61590165631333,0.5889973958333258,0.7428222656249045,0.5222493489583402
118.61684947071782,0.5890950520833258,0.7428710937499045,0.5223958333333402
118.61765851202593,0.5892903645833258,0.7429687499999045,0.5226399739583402
118.61844309634702,0.5894856770833259,0.7430664062499045,0.5228841145833402
118.61897507618356,0.5896809895833259,0.7431640624999045,0.5231282552083402
118.61972448445,0.589876302083326,0.7432617187499045,0.5233723958333402
118.621132683367,0.590071614583326,0.7433593749999046,0.5236165364583402
118.62159946124244,0.5902669270833261,0.7434570312499046,0.5238606770833402
118.62248375947762,0.5904622395833261,0.7435546874999046,0.5241048177083402
118.62280221871272,0.5906575520833262,0.7436523437499046,0.5243489583333402
118.62400927330545,0.5908528645833262,0.7437499999999047,0.5245930989583402
118.62518247804776,0.5910481770833262,0.7438476562499047,0.5248372395833402
118.6273828757106,0.5912434895833263,0.7439453124999047,0.5250813802083402
118.62775426093444,0.5914876302083263,0.7441894531249047,0.5252766927083402
118.62810164719065,0.5916829427083263,0.7442871093749047,0.5255208333333402
118.62898275459116,0.5919270833333263,0.7445312499999047,0.5257161458333403
118.62973166006796,0.5921223958333264,0.7446289062499047,0.5259602864583403
118.63099223771673,0.5923177083333264,0.7447265624999048,0.5262044270833403
118.63164736969236,0.5924153645833264,0.7447753906249047,0.5263509114583402
118.63172743599227,0.5926106770833265,0.7448730468749047,0.5265950520833402
118.63239974185068,0.5928059895833265,0.7449707031249048,0.5268391927083402
118.63281925680567,0.5929036458333266,0.7450195312499047,0.5269856770833402
118.63408791768538,0.5930989583333266,0.7451171874999047,0.5272298177083402
118.63464930724255,0.5932942708333266,0.7452148437499048,0.5274739583333402
118.63727527513343,0.5934895833333267,0.7453124999999048,0.5277180989583402
118.63743907342769,0.5935872395833267,0.7453613281249047,0.5278645833333402
118.63837646815168,0.5937825520833268,0.7454589843749048,0.5281087239583402
118.639614515297,0.5939778645833268,0.7455566406249048,0.5283528645833402
118.64133562828589,0.5941731770833268,0.7456542968749048,0.5285970052083402
118.64172802577936,0.5944173177083268,0.7458984374999048,0.5287923177083402
118.6429347716814,0.5945149739583269,0.7459472656249048,0.5289388020833402
118.64296659670012,0.5947102864583269,0.7460449218749048,0.5291829427083402
118.6437163644581,0.594905598958327,0.7461425781249048,0.5294270833333402
118.6444925873651,0.595100911458327,0.7462402343749048,0.5296712239583402
118.6453414531942,0.595296223958327,0.7463378906249049,0.5299153645833402
118.6453668794705,0.5954915364583271,0.7464355468749049,0.5301595052083402
118.64561911635218,0.5955891927083271,0.7464843749999048,0.5303059895833402
118.64678409259008,0.5957845052083272,0.7465820312499049,0.5305501302083402
118.64775343986298,0.5958821614583272,0.7466308593749048,0.5306966145833402
118.64799174136654,0.5960774739583272,0.7467285156249048,0.5309407552083402
118.6480659575312,0.5962727864583273,0.7468261718749049,0.5311848958333402
118.64931077539164,0.5964680989583273,0.7469238281249049,0.5314290364583402
118.6496323136098,0.5965657552083273,0.7469726562499048,0.5315755208333401
118.65060966845272,0.5967610677083274,0.7470703124999049,0.5318196614583401
118.6515321037942,0.5970052083333274,0.7473144531249049,0.5320149739583402
118.65201283368454,0.5972005208333274,0.7474121093749049,0.5322591145833402
118.65271019696634,0.5973958333333275,0.7475097656249049,0.5325032552083402
118.65286096792872,0.5974934895833275,0.7475585937499049,0.5326497395833402
118.65464861347512,0.5976888020833275,0.7476562499999049,0.5328938802083402
118.65539373207082,0.5978841145833276,0.7477539062499049,0.5331380208333402
118.65589689096596,0.5979817708333276,0.7478027343749049,0.5332845052083401
118.65629573562276,0.5981770833333276,0.7479003906249049,0.5335286458333401
118.65716291663384,0.5982747395833277,0.7479492187499048,0.5336751302083401
118.6575964487268,0.5984700520833277,0.7480468749999049,0.5339192708333401
118.65801017294812,0.5986653645833278,0.7481445312499049,0.5341634114583401
118.65917210581352,0.5989095052083278,0.7483886718749049,0.5343587239583402
118.6592435709311,0.5991048177083278,0.7484863281249049,0.5346028645833402
118.66026787014498,0.5993001302083278,0.7485839843749049,0.5348470052083402
118.6613300287275,0.5994954427083279,0.7486816406249049,0.5350911458333402
118.66201851016872,0.5996907552083279,0.748779296874905,0.5353352864583402
118.66262210535974,0.599788411458328,0.7488281249999049,0.5354817708333401
118.66273299540566,0.599983723958328,0.7489257812499049,0.5357259114583401
118.6645203664078,0.600179036458328,0.749023437499905,0.5359700520833401
118.66557360097003,0.6003743489583281,0.749121093749905,0.5362141927083401
118.66564804065216,0.6005696614583281,0.749218749999905,0.5364583333333401
118.66581117393729,0.6006673177083282,0.749267578124905,0.5366048177083401
118.6659997451168,0.6007649739583282,0.7493164062499049,0.5367513020833401
118.6668551609925,0.6009602864583282,0.7494140624999049,0.5369954427083401
118.66826891921664,0.6010579427083282,0.7494628906249049,0.5371419270833401
118.66827220219362,0.6012532552083283,0.7495605468749049,0.5373860677083401
118.66910307953694,0.6014485677083283,0.7496582031249049,0.5376302083333401
118.66987955599264,0.6016438802083284,0.749755859374905,0.5378743489583401
118.67012313770944,0.6017415364583284,0.7498046874999049,0.53802083333334
118.67062884691344,0.6019368489583284,0.7499023437499049,0.53826497395834
118.67111013618867,0.6020345052083285,0.7499511718749049,0.53841145833334
118.67175024669424,0.6022786458333285,0.7501953124999049,0.5386067708333401
118.67225956200798,0.6024739583333285,0.7502929687499049,0.5388509114583401
118.67282154625592,0.6026692708333286,0.7503906249999049,0.5390950520833401
118.67396398569628,0.6028645833333286,0.750488281249905,0.5393391927083401
118.67520155600448,0.6030598958333286,0.750585937499905,0.5395833333333401
118.67597898198912,0.6031575520833287,0.7506347656249049,0.53972981770834
118.6760971347112,0.6032552083333287,0.7506835937499049,0.53987630208334
118.67638167302296,0.6034505208333287,0.7507812499999049,0.54012044270834
118.67704524334248,0.6035481770833288,0.7508300781249049,0.54026692708334
118.6781324021404,0.6036458333333288,0.7508789062499048,0.54041341145834
118.67894868030837,0.6038411458333288,0.7509765624999049,0.54065755208334
118.6795685536339,0.6040364583333289,0.7510742187499049,0.54090169270834
118.68030746403323,0.6042317708333289,0.7511718749999049,0.54114583333334
118.68209458149808,0.604427083333329,0.7512695312499049,0.54138997395834
118.68281049403537,0.604622395833329,0.7513671874999049,0.54163411458334
118.68285644012296,0.604720052083329,0.7514160156249049,0.54178059895834
118.683499232225,0.6049153645833291,0.7515136718749049,0.54202473958334
118.68463815405208,0.6051106770833291,0.7516113281249049,0.54226888020834
118.68566222983588,0.6053059895833292,0.751708984374905,0.54251302083334
118.68689705833036,0.6055013020833292,0.751806640624905,0.54275716145834
118.68708865218188,0.6057454427083292,0.752050781249905,0.54295247395834
118.68731100606908,0.6059407552083292,0.752148437499905,0.54319661458334
118.68949512607593,0.6061360677083293,0.752246093749905,0.54344075520834
118.69024167518307,0.6063313802083293,0.752343749999905,0.54368489583334
118.69283190957444,0.6065266927083294,0.7524414062499051,0.54392903645834
118.69423590623518,0.6067220052083294,0.7525390624999051,0.54417317708334
118.69463855418398,0.6069173177083295,0.7526367187499051,0.54441731770834
118.69553539837884,0.6071126302083295,0.7527343749999051,0.54466145833334
118.69598369143144,0.6073079427083296,0.7528320312499052,0.54490559895834
118.69847909284374,0.6075032552083296,0.7529296874999052,0.54514973958334
118.69914351339624,0.6076985677083296,0.7530273437499052,0.54539388020834
118.70065051957192,0.6079427083333296,0.7532714843749052,0.54558919270834
118.70091971411104,0.6080403645833297,0.7533203124999052,0.54573567708334
118.70126788533464,0.6082356770833297,0.7534179687499052,0.54597981770834
118.7024707676022,0.6084309895833298,0.7535156249999052,0.54622395833334
118.70377153537072,0.6085286458333298,0.7535644531249052,0.54637044270834
118.70417763694364,0.6087239583333298,0.7536621093749052,0.54661458333334
118.70511038351044,0.6089192708333299,0.7537597656249052,0.54685872395834
118.70582498266536,0.6091145833333299,0.7538574218749052,0.54710286458334
118.7073678572773,0.60930989583333,0.7539550781249053,0.54734700520834
118.70744777769596,0.60940755208333,0.7540039062499052,0.54749348958334
118.70849866542208,0.60960286458333,0.7541015624999052,0.54773763020834
118.70866860378592,0.6097981770833301,0.7541992187499053,0.54798177083334
118.70990188541997,0.6099934895833301,0.7542968749999053,0.54822591145834
118.71117020427424,0.6101888020833302,0.7543945312499053,0.54847005208334
118.71236454715095,0.6104329427083302,0.7546386718749053,0.54866536458334
118.71243021200586,0.6106282552083302,0.7547363281249053,0.54890950520834
118.71247412241397,0.6108235677083302,0.7548339843749053,0.54915364583334
118.71295354853042,0.6109212239583303,0.7548828124999053,0.54930013020834
118.71509877062576,0.6111165364583303,0.7549804687499053,0.54954427083334
118.71517852731984,0.6112141927083303,0.7550292968749053,0.54969075520834
118.7168029242306,0.6114095052083304,0.7551269531249053,0.54993489583334
118.71752217254776,0.6116048177083304,0.7552246093749053,0.55017903645834
118.71830465749991,0.6117024739583304,0.7552734374999053,0.55032552083334
118.71917816404984,0.6118977864583305,0.7553710937499053,0.55056966145834
118.71966621844186,0.6119954427083305,0.7554199218749053,0.5507161458333399
118.71970874193296,0.6121907552083306,0.7555175781249053,0.5509602864583399
118.7197377374782,0.6122884114583306,0.7555664062499052,0.5511067708333399
118.71986388649454,0.6125325520833306,0.7558105468749052,0.55130208333334
118.719918582858,0.6126302083333306,0.7558593749999052,0.5514485677083399
118.7208816933556,0.6128255208333306,0.7559570312499052,0.5516927083333399
118.72102738970942,0.6130208333333307,0.7560546874999052,0.5519368489583399
118.72208922478546,0.6132161458333307,0.7561523437499053,0.5521809895833399
118.72240791082513,0.6134114583333308,0.7562499999999053,0.5524251302083399
118.72324406757193,0.6136067708333308,0.7563476562499053,0.5526692708333399
118.72509071034716,0.6137044270833308,0.7563964843749053,0.5528157552083399
118.7251188208453,0.6138997395833309,0.7564941406249053,0.5530598958333399
118.7258687059505,0.6140950520833309,0.7565917968749053,0.5533040364583399
118.72640090930447,0.614290364583331,0.7566894531249053,0.5535481770833399
118.72786485898484,0.614485677083331,0.7567871093749053,0.5537923177083399
118.7283052842243,0.6146809895833311,0.7568847656249054,0.5540364583333399
118.72846504284,0.6147786458333311,0.7569335937499053,0.5541829427083399
118.72951245802628,0.6149739583333311,0.7570312499999053,0.5544270833333399
118.73056345834571,0.6151692708333312,0.7571289062499054,0.5546712239583399
118.7306544862973,0.6152669270833312,0.7571777343749053,0.5548177083333399
118.73168998985726,0.6154622395833312,0.7572753906249053,0.5550618489583399
118.73234414424246,0.6156575520833313,0.7573730468749054,0.5553059895833399
118.73236872680224,0.6159016927083313,0.7576171874999054,0.5555013020833399
118.73309343337246,0.6160970052083313,0.7577148437499054,0.5557454427083399
118.73419840816932,0.6163411458333313,0.7579589843749054,0.55594075520834
118.7342844126536,0.6165364583333314,0.7580566406249054,0.55618489583334
118.73484647396197,0.6167317708333314,0.7581542968749054,0.55642903645834
118.73529567505408,0.6169270833333315,0.7582519531249055,0.55667317708334
118.736821592179,0.6170247395833315,0.7583007812499054,0.5568196614583399
118.73779703002522,0.6172200520833315,0.7583984374999054,0.5570638020833399
118.73796387604612,0.6174153645833316,0.7584960937499055,0.5573079427083399
118.73997387108328,0.6176106770833316,0.7585937499999055,0.5575520833333399
118.74056866328404,0.6178059895833317,0.7586914062499055,0.5577962239583399
118.74128755397336,0.6180013020833317,0.7587890624999055,0.5580403645833399
118.74266539723608,0.6180989583333317,0.7588378906249055,0.5581868489583399
118.7429112803097,0.6182942708333318,0.7589355468749055,0.5584309895833399
118.7431709294274,0.6183919270833318,0.7589843749999055,0.5585774739583399
118.74457658949484,0.6185872395833318,0.7590820312499055,0.5588216145833399
118.74474914600654,0.6188313802083318,0.7593261718749055,0.5590169270833399
118.7452924999519,0.6190266927083319,0.7594238281249055,0.5592610677083399
118.74610305699692,0.6192220052083319,0.7595214843749055,0.5595052083333399
118.74691202241172,0.619417317708332,0.7596191406249055,0.5597493489583399
118.74830253078775,0.619612630208332,0.7597167968749056,0.5599934895833399
118.74856877296811,0.619710286458332,0.7597656249999055,0.5601399739583399
118.74877789662936,0.6198079427083321,0.7598144531249055,0.5602864583333399
118.7495361937274,0.6200032552083321,0.7599121093749055,0.5605305989583399
118.74958487256606,0.6201985677083321,0.7600097656249055,0.5607747395833399
118.75125799543396,0.6203938802083322,0.7601074218749055,0.5610188802083399
118.75155377926204,0.6206380208333322,0.7603515624999055,0.5612141927083399
118.75228992924538,0.6208333333333322,0.7604492187499056,0.5614583333333399
118.75428572673404,0.6209309895833323,0.7604980468749055,0.5616048177083399
118.754419128701,0.6211263020833323,0.7605957031249055,0.5618489583333399
118.75528910702072,0.6213216145833323,0.7606933593749056,0.5620930989583399
118.75561139575382,0.6215169270833324,0.7607910156249056,0.5623372395833399
118.75578964142494,0.6216145833333324,0.7608398437499055,0.5624837239583399
118.75681558932354,0.6218098958333325,0.7609374999999056,0.5627278645833399
118.757541894097,0.6219075520833325,0.7609863281249055,0.5628743489583399
118.76015172741548,0.6221028645833325,0.7610839843749055,0.5631184895833399
118.7608967268019,0.6222981770833326,0.7611816406249056,0.5633626302083399
118.76167389875928,0.6224934895833326,0.7612792968749056,0.5636067708333399
118.7621587686522,0.6225911458333326,0.7613281249999055,0.5637532552083399
118.76253376451086,0.6228352864583326,0.7615722656249055,0.5639485677083399
118.7625577322318,0.6230305989583327,0.7616699218749056,0.5641927083333399
118.76340495428929,0.6231282552083327,0.7617187499999055,0.5643391927083399
118.76393315166264,0.6232259114583327,0.7617675781249055,0.5644856770833399
118.76397872881772,0.6234212239583328,0.7618652343749055,0.5647298177083399
118.76525967131543,0.6236165364583328,0.7619628906249055,0.5649739583333399
118.76656878527352,0.6237141927083328,0.7620117187499055,0.5651204427083398
118.76689423370344,0.6239095052083329,0.7621093749999055,0.5653645833333398
118.76746054393024,0.6241048177083329,0.7622070312499055,0.5656087239583398
118.76817514497031,0.624300130208333,0.7623046874999055,0.5658528645833398
118.76955576347416,0.624397786458333,0.7623535156249055,0.5659993489583398
118.76990324297152,0.624495442708333,0.7624023437499055,0.5661458333333398
118.77008445217444,0.6246907552083331,0.7624999999999055,0.5663899739583398
118.77087554060502,0.6247884114583331,0.7625488281249054,0.5665364583333398
118.77090437739334,0.6249837239583331,0.7626464843749055,0.5667805989583398
118.7711941890594,0.6250813802083331,0.7626953124999054,0.5669270833333397
118.7711961356102,0.6252766927083332,0.7627929687499054,0.5671712239583397
118.77242941438394,0.6254720052083332,0.7628906249999055,0.5674153645833397
118.7724645659798,0.6257161458333332,0.7631347656249055,0.5676106770833398
118.7735757795858,0.6259114583333333,0.7632324218749055,0.5678548177083398
118.7742061379396,0.6260091145833333,0.7632812499999054,0.5680013020833398
118.77444181166464,0.6261067708333333,0.7633300781249054,0.5681477864583397
118.77519813488408,0.6263020833333334,0.7634277343749054,0.5683919270833397
118.77643630123868,0.6264973958333334,0.7635253906249054,0.5686360677083397
118.77795394234032,0.6265950520833334,0.7635742187499054,0.5687825520833397
118.7785160833149,0.6267903645833335,0.7636718749999054,0.5690266927083397
118.7796091742887,0.6269856770833335,0.7637695312499054,0.5692708333333397
118.78118014713792,0.6272298177083335,0.7640136718749054,0.5694661458333398
118.7817035599722,0.6274251302083336,0.7641113281249055,0.5697102864583398
118.7821275520249,0.6276204427083336,0.7642089843749055,0.5699544270833398
118.78342274306053,0.6278157552083337,0.7643066406249055,0.5701985677083398
118.7846303585096,0.6280110677083337,0.7644042968749055,0.5704427083333398
118.78482674929488,0.6282063802083337,0.7645019531249055,0.5706868489583398
118.78594708937392,0.6284016927083338,0.7645996093749056,0.5709309895833398
118.786357904743,0.6286458333333338,0.7648437499999056,0.5711263020833398
118.78683184100048,0.6288899739583338,0.7650878906249056,0.5713216145833399
118.78745585336522,0.6290852864583338,0.7651855468749056,0.5715657552083399
118.78820574033249,0.6292805989583339,0.7652832031249056,0.5718098958333399
118.78910392924388,0.6294759114583339,0.7653808593749056,0.5720540364583399
118.7900038196816,0.629671223958334,0.7654785156249057,0.5722981770833399
118.79115007008603,0.629866536458334,0.7655761718749057,0.5725423177083399
118.79238477937122,0.6300618489583341,0.7656738281249057,0.5727864583333399
118.79246677942147,0.6301595052083341,0.7657226562499057,0.5729329427083398
118.7926767909078,0.6303548177083341,0.7658203124999057,0.5731770833333398
118.79356966476128,0.6305501302083342,0.7659179687499057,0.5734212239583398
118.79511740728,0.6307454427083342,0.7660156249999057,0.5736653645833398
118.79547874844792,0.6309407552083343,0.7661132812499057,0.5739095052083398
118.7959761760332,0.6311360677083343,0.7662109374999058,0.5741536458333398
118.79619477995048,0.6313313802083343,0.7663085937499058,0.5743977864583398
118.79637358228206,0.6315755208333343,0.7665527343749058,0.5745930989583399
118.79676131374376,0.6317708333333344,0.7666503906249058,0.5748372395833399
118.79806802368132,0.6320149739583344,0.7668945312499058,0.5750325520833399
118.79838087066248,0.6322102864583344,0.7669921874999058,0.5752766927083399
118.8010842402576,0.6324055989583345,0.7670898437499059,0.5755208333333399
118.80269636242824,0.6326009114583345,0.7671874999999059,0.5757649739583399
118.80344279232612,0.6327962239583346,0.7672851562499059,0.5760091145833399
118.80554365622598,0.6329915364583346,0.7673828124999059,0.5762532552083399
118.80594952973556,0.6332356770833346,0.7676269531249059,0.57644856770834
118.80668594903489,0.6334309895833347,0.7677246093749059,0.57669270833334
118.80743535916493,0.6336263020833347,0.767822265624906,0.57693684895834
118.80894389963882,0.6338216145833347,0.767919921874906,0.57718098958334
118.80930310558536,0.6339192708333348,0.7679687499999059,0.5773274739583399
118.81001701048751,0.6341145833333348,0.768066406249906,0.5775716145833399
118.81021365459252,0.6343098958333349,0.768164062499906,0.5778157552083399
118.81096690740677,0.6344075520833349,0.7682128906249059,0.5779622395833399
118.8114206983398,0.6346028645833349,0.768310546874906,0.5782063802083399
118.81177571036932,0.634700520833335,0.7683593749999059,0.5783528645833399
118.81271573092032,0.634895833333335,0.7684570312499059,0.5785970052083399
118.81312710168947,0.635091145833335,0.768554687499906,0.5788411458333399
118.81407183964286,0.635335286458335,0.768798828124906,0.5790364583333399
118.8146914413276,0.6354329427083351,0.7688476562499059,0.5791829427083399
118.81562889289596,0.6356282552083351,0.7689453124999059,0.5794270833333399
118.81631410150963,0.6358235677083351,0.769042968749906,0.5796712239583399
118.81736414580348,0.6360188802083352,0.769140624999906,0.5799153645833399
118.81843873201596,0.6361165364583352,0.7691894531249059,0.5800618489583399
118.81846851605162,0.6363118489583353,0.769287109374906,0.5803059895833399
118.81970620556908,0.6365071614583353,0.769384765624906,0.5805501302083399
118.8211558725594,0.6366048177083353,0.7694335937499059,0.5806966145833399
118.82229071605197,0.6368001302083354,0.769531249999906,0.5809407552083399
118.8230100835784,0.6369954427083354,0.769628906249906,0.5811848958333399
118.82311170245109,0.6372395833333354,0.769873046874906,0.5813802083333399
118.82454176029026,0.6374837239583354,0.770117187499906,0.58157552083334
118.8245491356956,0.6376790364583355,0.770214843749906,0.58181966145834
118.8253215440412,0.6378743489583355,0.770312499999906,0.58206380208334
118.82569234940397,0.6380696614583355,0.770410156249906,0.58230794270834
118.8283610272332,0.6382649739583356,0.7705078124999061,0.58255208333334
118.8287928386702,0.6384602864583356,0.7706054687499061,0.58279622395834
118.83008552252706,0.6385579427083357,0.770654296874906,0.5829427083333399
118.83054419060724,0.6387532552083357,0.7707519531249061,0.5831868489583399
118.83122053355916,0.6389485677083357,0.7708496093749061,0.5834309895833399
118.83129539183514,0.6391438802083358,0.7709472656249061,0.5836751302083399
118.83140671524284,0.6393880208333358,0.7711914062499061,0.58387044270834
118.83194979961208,0.6395833333333358,0.7712890624999061,0.58411458333334
118.8320454788104,0.6396809895833359,0.7713378906249061,0.58426106770834
118.8330319778173,0.6398763020833359,0.7714355468749061,0.58450520833334
118.83408275461927,0.640071614583336,0.7715332031249061,0.58474934895834
118.83529040525842,0.640266927083336,0.7716308593749062,0.58499348958334
118.83550184571124,0.640364583333336,0.7716796874999061,0.5851399739583399
118.8357310520476,0.6405598958333361,0.7717773437499061,0.5853841145833399
118.83582497498412,0.6408040364583361,0.7720214843749061,0.58557942708334
118.83629639566236,0.6409016927083361,0.7720703124999061,0.58572591145834
118.83638190939404,0.6409993489583361,0.772119140624906,0.5858723958333399
118.83807445346552,0.6411946614583361,0.7722167968749061,0.5861165364583399
118.83927721652375,0.6413899739583362,0.7723144531249061,0.5863606770833399
118.8392921463968,0.6414876302083362,0.772363281249906,0.5865071614583399
118.8399869880448,0.6415852864583362,0.772412109374906,0.5866536458333399
118.84042729093868,0.6417805989583363,0.772509765624906,0.5868977864583399
118.8435869936942,0.6419759114583363,0.772607421874906,0.5871419270833399
118.8438867291234,0.6420735677083363,0.772656249999906,0.5872884114583399
118.8441549570175,0.6423177083333363,0.772900390624906,0.5874837239583399
118.84524415741848,0.6425130208333364,0.772998046874906,0.5877278645833399
118.84529189230804,0.6427083333333364,0.773095703124906,0.5879720052083399
118.845537657354,0.6428059895833365,0.773144531249906,0.5881184895833399
118.84652529214704,0.6430013020833365,0.773242187499906,0.5883626302083399
118.84791557706136,0.6431966145833365,0.773339843749906,0.5886067708333399
118.84880415192978,0.6433919270833366,0.7734374999999061,0.5888509114583399
118.84961496229458,0.6435872395833366,0.7735351562499061,0.5890950520833399
118.85032944224017,0.6437825520833367,0.7736328124999061,0.5893391927083399
118.8503763256003,0.6438802083333367,0.7736816406249061,0.5894856770833399
118.8513303292683,0.6441243489583367,0.7739257812499061,0.5896809895833399
118.8519944914718,0.6443196614583367,0.7740234374999061,0.5899251302083399
118.85364742885518,0.6445149739583368,0.7741210937499061,0.5901692708333399
118.85470222206624,0.6447102864583368,0.7742187499999061,0.5904134114583399
118.85488559520977,0.6449055989583369,0.7743164062499062,0.5906575520833399
118.85548449505008,0.6450032552083369,0.7743652343749061,0.5908040364583399
118.85607273812582,0.645198567708337,0.7744628906249061,0.5910481770833399
118.8574689454472,0.645442708333337,0.7747070312499061,0.5912434895833399
118.85926021478308,0.645638020833337,0.7748046874999062,0.5914876302083399
118.86088196217258,0.645833333333337,0.7749023437499062,0.5917317708333399
118.86095650443296,0.6460286458333371,0.7749999999999062,0.5919759114583399
118.86131586281898,0.6462727864583371,0.7752441406249062,0.59217122395834
118.86216406553204,0.6464680989583371,0.7753417968749062,0.59241536458334
118.86358115944252,0.6466634114583372,0.7754394531249063,0.59265950520834
118.86441921192392,0.6468587239583372,0.7755371093749063,0.59290364583334
118.864678632666,0.6469563802083372,0.7755859374999062,0.59305013020834
118.86474540229132,0.6470540364583373,0.7756347656249062,0.5931966145833399
118.86519555404028,0.6472493489583373,0.7757324218749062,0.5934407552083399
118.86594544100748,0.6474446614583373,0.7758300781249062,0.5936848958333399
118.86757605179388,0.6476399739583374,0.7759277343749063,0.5939290364583399
118.86890310577331,0.6478841145833374,0.7761718749999063,0.59412434895834
118.86918723426,0.6480794270833374,0.7762695312499063,0.59436848958334
118.86993223364638,0.6482747395833375,0.7763671874999063,0.59461263020834
118.87016952100252,0.6485188802083375,0.7766113281249063,0.59480794270834
118.87142765463622,0.6487141927083375,0.7767089843749063,0.59505208333334
118.87251639581464,0.6489095052083376,0.7768066406249063,0.59529622395834
118.87271638601536,0.6491048177083376,0.7769042968749064,0.59554036458334
118.87290222086696,0.6493001302083377,0.7770019531249064,0.59578450520834
118.87521833489824,0.6494954427083377,0.7770996093749064,0.59602864583334
118.87562450516212,0.6496907552083377,0.7771972656249064,0.59627278645834
118.87590165496432,0.6499348958333377,0.7774414062499064,0.5964680989583401
118.87690193676548,0.6500325520833378,0.7774902343749064,0.59661458333334
118.87741150072524,0.6502278645833378,0.7775878906249064,0.59685872395834
118.87777323914898,0.6503255208333378,0.7776367187499064,0.59700520833334
118.87812611955393,0.6505208333333379,0.7777343749999064,0.59724934895834
118.87881472363313,0.6507161458333379,0.7778320312499064,0.59749348958334
118.87965394507631,0.6509602864583379,0.7780761718749064,0.5976888020833401
118.87994745402771,0.651155598958338,0.7781738281249064,0.5979329427083401
118.8807395139956,0.651253255208338,0.7782226562499064,0.59807942708334
118.8809716341196,0.651448567708338,0.7783203124999064,0.59832356770834
118.88118063189263,0.651546223958338,0.7783691406249064,0.59847005208334
118.88220491289336,0.6517415364583381,0.7784667968749064,0.59871419270834
118.8824006925376,0.6519368489583381,0.7785644531249064,0.59895833333334
118.88385980534042,0.6521321614583382,0.7786621093749064,0.59920247395834
118.8847933721839,0.6523274739583382,0.7787597656249065,0.59944661458334
118.88550928264095,0.6525227864583383,0.7788574218749065,0.59969075520834
118.88597891464188,0.6527669270833383,0.7791015624999065,0.5998860677083401
118.8867599857155,0.6530110677083383,0.7793457031249065,0.6000813802083401
118.88705226156108,0.6532063802083383,0.7794433593749065,0.6003255208333401
118.8881892909406,0.6534016927083384,0.7795410156249065,0.6005696614583401
118.88835909619172,0.6535970052083384,0.7796386718749065,0.6008138020833401
118.88917113622875,0.6536946614583384,0.7796874999999065,0.6009602864583401
118.8894171796372,0.6538899739583385,0.7797851562499065,0.6012044270833401
118.89046053334424,0.6539876302083385,0.7798339843749065,0.6013509114583401
118.89064500100204,0.6540852864583385,0.7798828124999064,0.60149739583334
118.89086214109496,0.6542805989583386,0.7799804687499065,0.60174153645834
118.89129173225896,0.6544759114583386,0.7800781249999065,0.60198567708334
118.8929234926666,0.6547200520833386,0.7803222656249065,0.6021809895833401
118.8930332248447,0.6549153645833387,0.7804199218749065,0.6024251302083401
118.89345483544189,0.6550130208333387,0.7804687499999065,0.6025716145833401
118.89445286552596,0.6552083333333387,0.7805664062499065,0.6028157552083401
118.8955202163201,0.6554036458333388,0.7806640624999065,0.6030598958333401
118.89658354810616,0.6555989583333388,0.7807617187499065,0.6033040364583401
118.89778774167584,0.6557942708333389,0.7808593749999065,0.6035481770833401
118.89940033602544,0.6559895833333389,0.7809570312499066,0.6037923177083401
118.90057318314152,0.6561848958333389,0.7810546874999066,0.6040364583333401
118.90178035694348,0.656380208333339,0.7811523437499066,0.6042805989583401
118.9020989353879,0.656575520833339,0.7812499999999066,0.6045247395833401
118.90292792051277,0.6567708333333391,0.7813476562499067,0.6047688802083401
118.90309595618524,0.6570149739583391,0.7815917968749067,0.6049641927083401
118.9048027658868,0.6572102864583391,0.7816894531249067,0.6052083333333401
118.90502785070024,0.6574544270833391,0.7819335937499067,0.6054036458333402
118.90555206714446,0.6576497395833392,0.7820312499999067,0.6056477864583402
118.90608440461746,0.6578450520833392,0.7821289062499067,0.6058919270833402
118.90693219267852,0.6580403645833393,0.7822265624999067,0.6061360677083402
118.9077467390447,0.6582356770833393,0.7823242187499068,0.6063802083333402
118.9079269021641,0.6583333333333393,0.7823730468749067,0.6065266927083401
118.90846646679212,0.6584309895833393,0.7824218749999067,0.6066731770833401
118.91041494003674,0.6586263020833394,0.7825195312499067,0.6069173177083401
118.91045345626254,0.6588704427083394,0.7827636718749067,0.6071126302083402
118.9121118293254,0.6590657552083394,0.7828613281249067,0.6073567708333402
118.91283072001475,0.6592610677083395,0.7829589843749067,0.6076009114583402
118.9134213641038,0.6595052083333395,0.7832031249999067,0.6077962239583402
118.91580649494368,0.6597005208333395,0.7833007812499068,0.6080403645833402
118.91593215886084,0.6597981770833395,0.7833496093749067,0.6081868489583402
118.91700925800193,0.6599934895833396,0.7834472656249067,0.6084309895833402
118.91819732911294,0.6601888020833396,0.7835449218749068,0.6086751302083402
118.91819732911294,0.6602539062500064,0.7836914062499067,0.6086914062500068
118.91911605982332,0.6604980468750064,0.7839355468749067,0.6088867187500069
118.91918930067854,0.6606933593750064,0.7840332031249068,0.6091308593750069
118.92003603736816,0.6607910156250064,0.7840820312499067,0.6092773437500069
118.92234900343406,0.6609863281250065,0.7841796874999067,0.6095214843750069
118.9224015806531,0.6612304687500065,0.7844238281249067,0.6097167968750069
118.92279315303252,0.6614257812500065,0.7845214843749068,0.6099609375000069
118.92282473944148,0.6616699218750065,0.7847656249999068,0.610156250000007
118.9240615871399,0.6618652343750066,0.7848632812499068,0.610400390625007
118.92529496696255,0.6620605468750066,0.7849609374999068,0.610644531250007
118.9254645726754,0.6622558593750066,0.7850585937499068,0.610888671875007
118.92652862361808,0.6624511718750067,0.7851562499999069,0.611132812500007
118.92710735869908,0.6626464843750067,0.7852539062499069,0.611376953125007
118.92807185585782,0.6628417968750068,0.7853515624999069,0.611621093750007
118.92878633580344,0.6630371093750068,0.7854492187499069,0.611865234375007
118.92971896282523,0.6632324218750069,0.7855468749999069,0.612109375000007
118.93044741980816,0.6634765625000069,0.7857910156249069,0.612304687500007
118.9312479917014,0.6635742187500069,0.7858398437499069,0.612451171875007
118.9320738737582,0.6637695312500069,0.7859374999999069,0.612695312500007
118.93279324128468,0.663964843750007,0.7860351562499069,0.612939453125007
118.93322019606444,0.664208984375007,0.7862792968749069,0.613134765625007
118.93328540421184,0.664306640625007,0.7863281249999069,0.613281250000007
118.93359954547172,0.664501953125007,0.7864257812499069,0.613525390625007
118.93441502127038,0.6646972656250071,0.7865234374999069,0.613769531250007
118.9345009253602,0.6648925781250071,0.786621093749907,0.614013671875007
118.93512929275222,0.6649902343750071,0.7866699218749069,0.614160156250007
118.93592950916214,0.6650878906250072,0.7867187499999069,0.614306640625007
118.9370836990996,0.6652832031250072,0.7868164062499069,0.614550781250007
118.9374257057804,0.6653808593750072,0.7868652343749069,0.6146972656250069
118.93866990266233,0.6656250000000072,0.7871093749999069,0.614892578125007
118.93875916144982,0.6658203125000073,0.7872070312499069,0.615136718750007
118.93884367913532,0.6660156250000073,0.7873046874999069,0.615380859375007
118.9400410114898,0.6662109375000074,0.7874023437499069,0.615625000000007
118.94191612239166,0.6664062500000074,0.7874999999999069,0.615869140625007
118.9421461791156,0.6666503906250074,0.7877441406249069,0.616064453125007
118.94216747675922,0.6667480468750074,0.7877929687499069,0.616210937500007
118.9427923069446,0.6669433593750075,0.7878906249999069,0.616455078125007
118.94311066187164,0.6671386718750075,0.7879882812499069,0.616699218750007
118.94431831251072,0.6673339843750076,0.788085937499907,0.616943359375007
118.94520878702234,0.6675781250000076,0.788330078124907,0.617138671875007
118.94549022807436,0.6677734375000076,0.788427734374907,0.617382812500007
118.94639463450956,0.6680175781250076,0.788671874999907,0.6175781250000071
118.947650501795,0.6682128906250077,0.788769531249907,0.6178222656250071
118.9478488435095,0.6684570312500077,0.789013671874907,0.6180175781250071
118.94817594878604,0.6685546875000077,0.789062499999907,0.6181640625000071
118.94839991192508,0.6687500000000077,0.789160156249907,0.6184082031250071
118.94917603052396,0.6689453125000078,0.789257812499907,0.6186523437500071
118.95005840650934,0.6691406250000078,0.789355468749907,0.6188964843750071
118.95147575373936,0.6693359375000079,0.789453124999907,0.6191406250000071
118.95147941830518,0.6694335937500079,0.789501953124907,0.6192871093750071
118.95247841800266,0.6695312500000079,0.789550781249907,0.6194335937500071
118.95268181446306,0.669726562500008,0.789648437499907,0.6196777343750071
118.95275712694216,0.669921875000008,0.789746093749907,0.6199218750000071
118.95288640160516,0.670019531250008,0.789794921874907,0.620068359375007
118.95374145366758,0.6702148437500081,0.789892578124907,0.620312500000007
118.9543967706262,0.6704101562500081,0.789990234374907,0.620556640625007
118.95473347937347,0.6706054687500081,0.790087890624907,0.620800781250007
118.95624083611204,0.6708496093750081,0.790332031249907,0.6209960937500071
118.95674607110011,0.6709472656250082,0.790380859374907,0.6211425781250071
118.95758377044636,0.6711425781250082,0.790478515624907,0.6213867187500071
118.9586929579376,0.6713378906250083,0.790576171874907,0.6216308593750071
118.95873784182317,0.6714355468750083,0.790624999999907,0.621777343750007
118.95959525689987,0.6715332031250083,0.7906738281249069,0.621923828125007
118.959930647455,0.6717285156250083,0.790771484374907,0.622167968750007
118.96156694127902,0.6719238281250084,0.790869140624907,0.622412109375007
118.96187227109422,0.6720214843750084,0.7909179687499069,0.622558593750007
118.96228700719004,0.6722167968750085,0.791015624999907,0.622802734375007
118.96270083571956,0.6724121093750085,0.791113281249907,0.623046875000007
118.96292751293142,0.6725097656250085,0.7911621093749069,0.623193359375007
118.96306430097565,0.6727539062500085,0.7914062499999069,0.623388671875007
118.9639355450048,0.6729492187500086,0.791503906249907,0.623632812500007
118.96415188928466,0.6730468750000086,0.7915527343749069,0.623779296875007
118.9649599783356,0.6732421875000086,0.7916503906249069,0.624023437500007
118.96555563679048,0.6734863281250086,0.7918945312499069,0.624218750000007
118.96601306955505,0.6736816406250087,0.791992187499907,0.624462890625007
118.9661235167368,0.6737792968750087,0.7920410156249069,0.624609375000007
118.96617401210952,0.6738769531250087,0.7920898437499069,0.624755859375007
118.96670144974875,0.6740722656250088,0.7921874999999069,0.625000000000007
118.96739363391812,0.6742675781250088,0.7922851562499069,0.625244140625007
118.9681573963326,0.6745117187500088,0.7925292968749069,0.625439453125007
118.96920471853748,0.6747070312500089,0.7926269531249069,0.625683593750007
118.96941089249673,0.6749023437500089,0.792724609374907,0.625927734375007
118.9696264009102,0.675097656250009,0.792822265624907,0.626171875000007
118.97131361878446,0.675341796875009,0.793066406249907,0.6263671875000071
118.9723297705053,0.675537109375009,0.793164062499907,0.6266113281250071
118.9740110319013,0.675634765625009,0.793212890624907,0.6267578125000071
118.97495660214858,0.6758300781250091,0.793310546874907,0.6270019531250071
118.97533739415704,0.6760253906250091,0.793408203124907,0.6272460937500071
118.97570303204648,0.6762207031250091,0.793505859374907,0.6274902343750071
118.97781766701026,0.6764648437500091,0.793749999999907,0.6276855468750071
118.97855148373742,0.6766601562500092,0.793847656249907,0.6279296875000071
118.97905080887664,0.6768554687500092,0.7939453124999071,0.6281738281250071
118.97979687928397,0.6770507812500093,0.7940429687499071,0.6284179687500071
118.98019461905471,0.6772949218750093,0.7942871093749071,0.6286132812500071
118.98064639299352,0.6775390625000093,0.7945312499999071,0.6288085937500072
118.98140173900114,0.6777343750000093,0.7946289062499071,0.6290527343750072
118.98161924270563,0.6778320312500093,0.7946777343749071,0.6291992187500072
118.9835804471764,0.6779296875000094,0.794726562499907,0.6293457031250071
118.98410474910575,0.6781250000000094,0.794824218749907,0.6295898437500071
118.98548808909196,0.6783203125000095,0.7949218749999071,0.6298339843750071
118.98701431817548,0.6785156250000095,0.7950195312499071,0.6300781250000071
118.9876568814294,0.6787597656250095,0.7952636718749071,0.6302734375000072
118.98867938230916,0.6789550781250095,0.7953613281249071,0.6305175781250072
118.98980923677968,0.6791503906250096,0.7954589843749071,0.6307617187500072
118.98985698661944,0.6793457031250096,0.7955566406249072,0.6310058593750072
118.9903039873426,0.6795898437500096,0.7958007812499072,0.6312011718750072
118.99109134013936,0.6797851562500097,0.7958984374999072,0.6314453125000072
118.99248160623743,0.6799804687500097,0.7959960937499072,0.6316894531250072
118.99258978868671,0.6802246093750097,0.7962402343749072,0.6318847656250073
118.99378575041132,0.6804199218750098,0.7963378906249072,0.6321289062500073
118.99470576531566,0.6805175781250098,0.7963867187499072,0.6322753906250073
118.99502284574498,0.6807128906250098,0.7964843749999072,0.6325195312500073
118.99664831516628,0.6808105468750099,0.7965332031249072,0.6326660156250072
118.99718547641471,0.6810058593750099,0.7966308593749072,0.6329101562500072
118.99720850492496,0.6812500000000099,0.7968749999999072,0.6331054687500073
118.99858769835978,0.6814941406250099,0.7971191406249072,0.6333007812500073
118.9991329896774,0.6815917968750099,0.7971679687499071,0.6334472656250073
119.00037188205108,0.68178710937501,0.7972656249999072,0.6336914062500073
119.00102029676722,0.68198242187501,0.7973632812499072,0.6339355468750073
119.00207105716186,0.6821777343750101,0.7974609374999072,0.6341796875000073
119.00225572116383,0.6822753906250101,0.7975097656249072,0.6343261718750073
119.00327775504007,0.6824707031250101,0.7976074218749072,0.6345703125000073
119.00371841929096,0.6826660156250102,0.7977050781249072,0.6348144531250073
119.00455550316956,0.6828613281250102,0.7978027343749072,0.6350585937500073
119.00501398921276,0.6830566406250103,0.7979003906249073,0.6353027343750073
119.0057788768852,0.6831542968750103,0.7979492187499072,0.6354492187500073
119.00581262331428,0.6833984375000103,0.7981933593749072,0.6356445312500073
119.00604803848212,0.6836425781250103,0.7984374999999072,0.6358398437500073
119.00630830536775,0.6838378906250103,0.7985351562499072,0.6360839843750073
119.0070571175887,0.6840332031250104,0.7986328124999073,0.6363281250000073
119.0076388498923,0.6842285156250104,0.7987304687499073,0.6365722656250073
119.00798654850468,0.6844238281250105,0.7988281249999073,0.6368164062500073
119.0080376249322,0.6846191406250105,0.7989257812499073,0.6370605468750073
119.0080376249322,0.6846842447916772,0.7990722656249073,0.637076822916674
119.00822623004628,0.6849283854166772,0.7993164062499073,0.637272135416674
119.00926201243004,0.6851236979166773,0.7994140624999073,0.637516276041674
119.00945864181207,0.6853190104166773,0.7995117187499073,0.637760416666674
119.01003578895995,0.6854166666666773,0.7995605468749073,0.637906901041674
119.01007276573937,0.6855143229166774,0.7996093749999073,0.638053385416674
119.01066664821644,0.6857096354166774,0.7997070312499073,0.638297526041674
119.01121766756752,0.6858072916666774,0.7997558593749072,0.638444010416674
119.01196028186028,0.6860026041666775,0.7998535156249073,0.638688151041674
119.01232469656848,0.6862467447916775,0.8000976562499073,0.638883463541674
119.01279161061332,0.6864420572916775,0.8001953124999073,0.639127604166674
119.0136900378134,0.6866373697916776,0.8002929687499073,0.639371744791674
119.01444026406442,0.6868326822916776,0.8003906249999073,0.639615885416674
119.01461466287076,0.6869303385416776,0.8004394531249073,0.639762369791674
119.0150778835812,0.6871744791666776,0.8006835937499073,0.639957682291674
119.0159489273204,0.6873697916666777,0.8007812499999073,0.640201822916674
119.01620403768791,0.6874674479166777,0.8008300781249073,0.640348307291674
119.01648202146808,0.6875651041666777,0.8008789062499072,0.640494791666674
119.01663221447905,0.6877604166666778,0.8009765624999072,0.640738932291674
119.01750628337707,0.6880045572916778,0.8012207031249072,0.640934244791674
119.01892979528286,0.6881022135416778,0.8012695312499072,0.641080729166674
119.01930125179874,0.6882975260416778,0.8013671874999072,0.641324869791674
119.01935950653346,0.6883951822916778,0.8014160156249072,0.641471354166674
119.019610959072,0.6886393229166778,0.8016601562499072,0.641666666666674
119.02197553618984,0.6888346354166779,0.8017578124999072,0.641910807291674
119.02269526320684,0.6890299479166779,0.8018554687499072,0.642154947916674
119.02271470067762,0.6892740885416779,0.8020996093749072,0.6423502604166741
119.0237207940885,0.689371744791678,0.8021484374999072,0.6424967447916741
119.0237576239204,0.689567057291678,0.8022460937499072,0.6427408854166741
119.02430490971412,0.689664713541678,0.8022949218749071,0.642887369791674
119.02590598753828,0.6898600260416781,0.8023925781249072,0.643131510416674
119.02662106539302,0.6900553385416781,0.8024902343749072,0.643375651041674
119.02718356078672,0.6902994791666781,0.8027343749999072,0.6435709635416741
119.02718761406084,0.6904947916666782,0.8028320312499072,0.6438151041666741
119.0283274895622,0.6906901041666782,0.8029296874999072,0.6440592447916741
119.02895801416912,0.6907877604166782,0.8029785156249072,0.6442057291666741
119.02900008241858,0.6909830729166783,0.8030761718749072,0.6444498697916741
119.029473754866,0.6911783854166783,0.8031738281249072,0.6446940104166741
119.02969063493256,0.6912760416666783,0.8032226562499072,0.644840494791674
119.0309995071142,0.6914713541666784,0.8033203124999072,0.645084635416674
119.03110378992176,0.6917154947916784,0.8035644531249072,0.6452799479166741
119.0324043681024,0.6919108072916784,0.8036621093749072,0.6455240885416741
119.03370605663343,0.6921061197916785,0.8037597656249073,0.6457682291666741
119.03440166413998,0.6923502604166785,0.8040039062499073,0.6459635416666741
119.0355646650417,0.6925455729166785,0.8041015624999073,0.6462076822916741
119.03672176721682,0.6927408854166786,0.8041992187499073,0.6464518229166741
119.03683884966468,0.6929850260416786,0.8044433593749073,0.6466471354166742
119.03792512445888,0.6931803385416786,0.8045410156249073,0.6468912760416742
119.0396055869495,0.6932779947916786,0.8045898437499073,0.6470377604166742
119.04096196807164,0.6934733072916787,0.8046874999999073,0.6472819010416742
119.04112748802864,0.6937174479166787,0.8049316406249073,0.6474772135416742
119.04168026457714,0.6939127604166787,0.8050292968749073,0.6477213541666742
119.04184973887214,0.6941569010416787,0.8052734374999073,0.6479166666666742
119.04214020816886,0.6943522135416788,0.8053710937499073,0.6481608072916742
119.0442780091538,0.6945475260416788,0.8054687499999074,0.6484049479166742
119.04467651037253,0.6947428385416788,0.8055664062499074,0.6486490885416742
119.04652529266689,0.6949381510416789,0.8056640624999074,0.6488932291666742
119.04694561596202,0.6951334635416789,0.8057617187499074,0.6491373697916742
119.04713415426563,0.6953776041666789,0.8060058593749074,0.6493326822916743
119.04734045071336,0.695475260416679,0.8060546874999074,0.6494791666666743
119.04764724645004,0.695670572916679,0.8061523437499074,0.6497233072916743
119.04912126838865,0.695768229166679,0.8062011718749074,0.6498697916666742
119.04990495294795,0.6959635416666791,0.8062988281249074,0.6501139322916742
119.05080313264564,0.6961588541666791,0.8063964843749074,0.6503580729166742
119.0512983918484,0.6964029947916791,0.8066406249999074,0.6505533854166743
119.05167837842544,0.6965983072916792,0.8067382812499074,0.6507975260416743
119.05297364044176,0.6967936197916792,0.8068359374999075,0.6510416666666743
119.05418021633464,0.6969889322916792,0.8069335937499075,0.6512858072916743
119.05420052066228,0.6970865885416793,0.8069824218749074,0.6514322916666743
119.0546191759837,0.6971842447916793,0.8070312499999074,0.6515787760416742
119.0569203191547,0.6973795572916793,0.8071289062499074,0.6518229166666742
119.05812290402744,0.6976236979166793,0.8073730468749074,0.6520182291666743
119.05812415323392,0.6978190104166794,0.8074707031249074,0.6522623697916743
119.05932441662236,0.6980143229166794,0.8075683593749075,0.6525065104166743
119.06030913465926,0.6982584635416794,0.8078124999999075,0.6527018229166743
119.06172993057032,0.6983561197916794,0.8078613281249074,0.6528483072916743
119.06248519039885,0.6985514322916795,0.8079589843749074,0.6530924479166743
119.06390696420505,0.6987467447916795,0.8080566406249075,0.6533365885416743
119.06417774829713,0.6989420572916796,0.8081542968749075,0.6535807291666743
119.06432223259776,0.6991861979166796,0.8083984374999075,0.6537760416666744
119.0644326218798,0.6992838541666796,0.8084472656249074,0.6539225260416743
119.06500367200208,0.6995279947916796,0.8086914062499074,0.6541178385416744
119.06543296976255,0.6997233072916796,0.8087890624999075,0.6543619791666744
119.06657945859422,0.6999186197916797,0.8088867187499075,0.6546061197916744
119.06758028869965,0.7000162760416797,0.8089355468749074,0.6547526041666744
119.06764027665656,0.7002115885416798,0.8090332031249075,0.6549967447916744
119.06808864088694,0.7004557291666798,0.8092773437499075,0.6551920572916744
119.06820695876316,0.7006510416666798,0.8093749999999075,0.6554361979166744
119.06892251344622,0.7008463541666798,0.8094726562499075,0.6556803385416744
119.07083152159092,0.7010416666666799,0.8095703124999075,0.6559244791666744
119.07117162996778,0.7012369791666799,0.8096679687499075,0.6561686197916744
119.07168110050286,0.7014811197916799,0.8099121093749075,0.6563639322916744
119.07234424956812,0.70167643229168,0.8100097656249076,0.6566080729166744
119.07234424956812,0.7017415364583467,0.8101562499999075,0.6566243489583411
119.07256370811898,0.7019368489583467,0.8102539062499076,0.6568684895833411
119.0737975848018,0.7021321614583468,0.8103515624999076,0.6571126302083411
119.0738450085742,0.7023274739583468,0.8104492187499076,0.6573567708333411
119.07490104838448,0.7025227864583469,0.8105468749999076,0.6576009114583411
119.07537466280851,0.7027669270833469,0.8107910156249076,0.6577962239583411
119.07604133933212,0.7030110677083469,0.8110351562499076,0.6579915364583412
119.07622853327132,0.7031087239583469,0.8110839843749076,0.6581380208333412
119.07656066142182,0.7033040364583469,0.8111816406249076,0.6583821614583412
119.07728129254076,0.703499348958347,0.8112792968749076,0.6586263020833412
119.07746295345216,0.703597005208347,0.8113281249999076,0.6587727864583411
119.07809186476334,0.703792317708347,0.8114257812499076,0.6590169270833411
119.07948925654578,0.7039876302083471,0.8115234374999076,0.6592610677083411
119.0811847467826,0.7042317708333471,0.8117675781249076,0.6594563802083412
119.08172475483886,0.7043294270833471,0.8118164062499076,0.6596028645833412
119.08219178981324,0.7045247395833472,0.8119140624999076,0.6598470052083412
119.08384456421426,0.7047200520833472,0.8120117187499076,0.6600911458333412
119.08445024800623,0.7048177083333472,0.8120605468749076,0.6602376302083411
119.08459015778442,0.7050130208333473,0.8121582031249076,0.6604817708333411
119.0847844563392,0.7052571614583473,0.8124023437499076,0.6606770833333412
119.08598501968508,0.7055013020833473,0.8126464843749076,0.6608723958333412
119.0861224794995,0.705566406250014,0.8127929687499076,0.6608886718750079
119.0861224794995,0.705761718750014,0.8128906249999076,0.6611328125000079
119.0861317644082,0.7059570312500141,0.8129882812499076,0.6613769531250079
119.08778574067338,0.7061523437500141,0.8130859374999077,0.6616210937500079
119.08815140477262,0.7063964843750141,0.8133300781249077,0.6618164062500079
119.08853598340588,0.7065917968750142,0.8134277343749077,0.6620605468750079
119.09028900909402,0.7067871093750142,0.8135253906249077,0.6623046875000079
119.09117235365495,0.7069824218750143,0.8136230468749077,0.6625488281250079
119.09118286403978,0.7072265625000143,0.8138671874999077,0.662744140625008
119.0916127639923,0.7074218750000143,0.8139648437499077,0.662988281250008
119.0933725429974,0.7076660156250143,0.8142089843749077,0.663183593750008
119.09387190669018,0.7078613281250143,0.8143066406249078,0.663427734375008
119.09453198901548,0.7080566406250144,0.8144042968749078,0.663671875000008
119.09469767654696,0.7083007812500144,0.8146484374999078,0.6638671875000081
119.096857138146,0.7085449218750144,0.8148925781249078,0.6640625000000081
119.0977198251634,0.7087402343750144,0.8149902343749078,0.6643066406250081
119.0998068845941,0.7089355468750145,0.8150878906249078,0.6645507812500081
119.10046012913902,0.7091796875000145,0.8153320312499078,0.6647460937500081
119.10093787179272,0.7092773437500145,0.8153808593749078,0.6648925781250081
119.10104541043924,0.7094726562500145,0.8154785156249078,0.6651367187500081
119.10217740235473,0.7095703125000146,0.8155273437499078,0.6652832031250081
119.10234955811588,0.7098144531250146,0.8157714843749078,0.6654785156250081
119.10243406779784,0.7099121093750146,0.8158203124999077,0.6656250000000081
119.1034626423492,0.7101074218750146,0.8159179687499077,0.6658691406250081
119.10417772020388,0.7103027343750147,0.8160156249999078,0.6661132812500081
119.10575295149064,0.7105468750000147,0.8162597656249078,0.6663085937500082
119.1059649719967,0.7107421875000147,0.8163574218749078,0.6665527343750082
119.10677678353328,0.7109375000000148,0.8164550781249078,0.6667968750000082
119.10719058540728,0.7111328125000148,0.8165527343749078,0.6670410156250082
119.10882986436346,0.7111979166666815,0.8166992187499078,0.6670572916666748
119.10882986436346,0.7113932291666816,0.8167968749999078,0.6673014322916748
119.10915080062176,0.7114908854166816,0.8168457031249078,0.6674479166666748
119.10944880108524,0.7116861979166816,0.8169433593749078,0.6676920572916748
119.11014406877744,0.7118815104166817,0.8170410156249078,0.6679361979166748
119.11181592626455,0.7121256510416817,0.8172851562499078,0.6681315104166748
119.11330436571674,0.7123209635416817,0.8173828124999079,0.6683756510416748
119.11350757007406,0.7124186197916818,0.8174316406249078,0.6685221354166748
119.1137473124692,0.7125162760416818,0.8174804687499078,0.6686686197916748
119.1154761773645,0.7127115885416818,0.8175781249999078,0.6689127604166748
119.11646585989632,0.7129557291666818,0.8178222656249078,0.6691080729166748
119.11667953460648,0.7131510416666819,0.8179199218749078,0.6693522135416748
119.11678804988712,0.7132486979166819,0.8179687499999078,0.6694986979166748
119.11701109029114,0.7133463541666819,0.8180175781249077,0.6696451822916748
119.117999867287,0.713541666666682,0.8181152343749077,0.6698893229166748
119.11827612768906,0.713785807291682,0.8183593749999077,0.6700846354166748
119.11941730538425,0.713981119791682,0.8184570312499078,0.6703287760416748
119.1196489521896,0.714176432291682,0.8185546874999078,0.6705729166666748
119.1197385227888,0.714420572916682,0.8187988281249078,0.6707682291666749
119.12062531179916,0.7146158854166821,0.8188964843749078,0.6710123697916749
119.12153239854784,0.7147135416666821,0.8189453124999078,0.6711588541666749
119.12181115991842,0.7149576822916821,0.8191894531249078,0.6713541666666749
119.12182711745788,0.7151529947916822,0.8192871093749078,0.6715983072916749
119.12240467089757,0.7153483072916822,0.8193847656249078,0.6718424479166749
119.12345794753254,0.7155436197916822,0.8194824218749078,0.6720865885416749
119.12377311897214,0.7156412760416823,0.8195312499999078,0.6722330729166749
119.12403849974078,0.7158365885416823,0.8196289062499078,0.6724772135416749
119.1249844341648,0.7160319010416824,0.8197265624999078,0.6727213541666749
119.12500193969676,0.7162760416666824,0.8199707031249078,0.6729166666666749
119.12520986889956,0.7163736979166824,0.8200195312499078,0.6730631510416749
119.12640771298844,0.7165690104166824,0.8201171874999078,0.6733072916666749
119.12754085902456,0.7166666666666824,0.8201660156249078,0.6734537760416749
119.12907675030814,0.7168619791666825,0.8202636718749078,0.6736979166666749
119.12920542275006,0.7171061197916825,0.8205078124999078,0.6738932291666749
119.13062825368964,0.7173502604166825,0.8207519531249078,0.674088541666675
119.13070580764848,0.7175455729166825,0.8208496093749078,0.674332682291675
119.13142553466544,0.7177408854166826,0.8209472656249078,0.674576822916675
119.1320032741711,0.7179361979166826,0.8210449218749079,0.674820963541675
119.1320032741711,0.7180013020833493,0.8211914062499078,0.6748372395833416
119.13339435367358,0.7182454427083493,0.8214355468749078,0.6750325520833417
119.13506301894029,0.7184407552083494,0.8215332031249079,0.6752766927083417
119.13630011427392,0.7186360677083494,0.8216308593749079,0.6755208333333417
119.13691109701688,0.7187337239583494,0.8216796874999078,0.6756673177083417
119.13725473070704,0.7189778645833494,0.8219238281249078,0.6758626302083417
119.13727248559198,0.7190755208333495,0.8219726562499078,0.6760091145833417
119.13740225910382,0.7192708333333495,0.8220703124999078,0.6762532552083417
119.1386494610206,0.7195149739583495,0.8223144531249078,0.6764485677083417
119.13910170155658,0.7195800781250162,0.8224609374999078,0.6764648437500084
119.13910170155658,0.7197753906250163,0.8225585937499078,0.6767089843750084
119.14015842604324,0.7198730468750163,0.8226074218749078,0.6768554687500083
119.14058866474022,0.7200683593750163,0.8227050781249078,0.6770996093750083
119.14078363630033,0.7201660156250164,0.8227539062499077,0.6772460937500083
119.141575353199,0.7204101562500164,0.8229980468749077,0.6774414062500084
119.14199244282922,0.7206054687500164,0.8230957031249078,0.6776855468750084
119.14231013153598,0.7208007812500165,0.8231933593749078,0.6779296875000084
119.14342593404044,0.7209960937500165,0.8232910156249078,0.6781738281250084
119.14469057164332,0.7211914062500165,0.8233886718749078,0.6784179687500084
119.14580868311356,0.7213867187500166,0.8234863281249079,0.6786621093750084
119.14634204219269,0.7215820312500166,0.8235839843749079,0.6789062500000084
119.1470908544127,0.7217773437500167,0.8236816406249079,0.6791503906250084
119.1476873746414,0.7220214843750167,0.8239257812499079,0.6793457031250084
119.14905102193508,0.7222656250000167,0.8241699218749079,0.6795410156250085
119.15028873953216,0.7224609375000167,0.8242675781249079,0.6797851562500085
119.15100514655948,0.7225585937500167,0.8243164062499079,0.6799316406250084
119.15103480993942,0.7227539062500168,0.8244140624999079,0.6801757812500084
119.1512828450972,0.7229980468750168,0.8246582031249079,0.6803710937500085
119.15182637793713,0.7231933593750168,0.8247558593749079,0.6806152343750085
119.15366963791833,0.7233886718750169,0.8248535156249079,0.6808593750000085
119.15444979450052,0.7236328125000169,0.8250976562499079,0.6810546875000085
119.15637264802297,0.7238281250000169,0.825195312499908,0.6812988281250085
119.15703125513336,0.724023437500017,0.825292968749908,0.6815429687500085
119.15747227450838,0.724267578125017,0.825537109374908,0.6817382812500086
119.15909390781955,0.724511718750017,0.825781249999908,0.6819335937500086
119.15928990129048,0.724707031250017,0.825878906249908,0.6821777343750086
119.16022254835056,0.724902343750017,0.825976562499908,0.6824218750000086
119.16039595504844,0.7249674479166838,0.826123046874908,0.6824381510416753
119.16039595504844,0.7251627604166838,0.826220703124908,0.6826822916666753
119.16103959648342,0.7253580729166839,0.826318359374908,0.6829264322916753
119.16220546477298,0.7256022135416839,0.826562499999908,0.6831217447916753
119.16230805060998,0.7257975260416839,0.8266601562499081,0.6833658854166753
119.16354240412988,0.725992838541684,0.8267578124999081,0.6836100260416753
119.16654775041118,0.726188151041684,0.8268554687499081,0.6838541666666753
119.16676872332758,0.726285807291684,0.8269042968749081,0.6840006510416753
119.16729799314555,0.7264811197916841,0.8270019531249081,0.6842447916666753
119.16731059371924,0.7267252604166841,0.8272460937499081,0.6844401041666753
119.16783031569396,0.7269205729166841,0.8273437499999081,0.6846842447916753
119.16890439513313,0.7271158854166841,0.8274414062499081,0.6849283854166753
119.169035921085,0.7272135416666842,0.8274902343749081,0.6850748697916753
119.16909538800356,0.7274576822916842,0.8277343749999081,0.6852701822916754
119.17007722660593,0.7276529947916842,0.8278320312499081,0.6855143229166754
119.17159095038532,0.7277506510416842,0.8278808593749081,0.6856608072916753
119.17160394816835,0.7279459635416843,0.8279785156249081,0.6859049479166753
119.17213513450096,0.7281901041666843,0.8282226562499081,0.6861002604166754
119.17268657907933,0.7284342447916843,0.8284667968749081,0.6862955729166754
119.17298888257876,0.7286295572916843,0.8285644531249081,0.6865397135416754
119.17494650458474,0.7288248697916844,0.8286621093749081,0.6867838541666754
119.17494650458474,0.7288899739583511,0.8288085937499081,0.6868001302083421
119.17617671872664,0.7290852864583511,0.8289062499999081,0.6870442708333421
119.17659331309542,0.7293294270833511,0.8291503906249081,0.6872395833333421
119.1773558802082,0.7295247395833512,0.8292480468749082,0.6874837239583421
119.17859440605328,0.7297200520833512,0.8293457031249082,0.6877278645833421
119.17891341429537,0.7298177083333512,0.8293945312499081,0.6878743489583421
119.17942439984444,0.7300130208333513,0.8294921874999082,0.6881184895833421
119.17942439984444,0.730078125000018,0.8296386718749081,0.6881347656250087
119.17958105157426,0.730322265625018,0.8298828124999081,0.6883300781250088
119.17989878295332,0.730419921875018,0.8299316406249081,0.6884765625000088
119.18128637998524,0.7306152343750181,0.8300292968749081,0.6887207031250088
119.18214349096472,0.7308593750000181,0.8302734374999081,0.6889160156250088
119.18218275450069,0.7311035156250181,0.8305175781249081,0.6891113281250089
119.18252025666818,0.7312988281250181,0.8306152343749081,0.6893554687500089
119.18333986117368,0.7314941406250182,0.8307128906249082,0.6895996093750089
119.18468420609076,0.7316894531250182,0.8308105468749082,0.6898437500000089
119.18620200164098,0.7318847656250183,0.8309082031249082,0.6900878906250089
119.18663138728289,0.7321289062500183,0.8311523437499082,0.6902832031250089
119.18787499268986,0.7323242187500183,0.8312499999999082,0.6905273437500089
119.1880122487918,0.7325195312500183,0.8313476562499083,0.6907714843750089
119.1880122487918,0.7325846354166851,0.8314941406249082,0.6907877604166756
119.18851716379808,0.7327799479166851,0.8315917968749083,0.6910319010416756
119.18984231133636,0.7330240885416851,0.8318359374999083,0.6912272135416756
119.19121969706552,0.7332194010416851,0.8319335937499083,0.6914713541666756
119.19129823458572,0.7334635416666851,0.8321777343749083,0.6916666666666756
119.19381088699387,0.7336588541666852,0.8322753906249083,0.6919108072916756
119.19389252604287,0.7338541666666852,0.8323730468749083,0.6921549479166756
119.19389252604287,0.733919270833352,0.8325195312499083,0.6921712239583423
119.1939020356266,0.734163411458352,0.8327636718749083,0.6923665364583423
119.19455648056406,0.734358723958352,0.8328613281249083,0.6926106770833423
119.1951509075774,0.734456380208352,0.8329101562499083,0.6927571614583423
119.19696171517656,0.7346516927083521,0.8330078124999083,0.6930013020833423
119.1981655492558,0.7348470052083521,0.8331054687499083,0.6932454427083423
119.19840582543814,0.7349121093750188,0.8332519531249083,0.693261718750009
119.19840582543814,0.7351074218750189,0.8333496093749083,0.693505859375009
119.1984228591912,0.7352050781250189,0.8333984374999083,0.693652343750009
119.19915334639713,0.7354492187500189,0.8336425781249083,0.693847656250009
119.20028896938253,0.7356445312500189,0.8337402343749083,0.694091796875009
119.20047134535208,0.7358886718750189,0.8339843749999083,0.694287109375009
119.20159266437648,0.736083984375019,0.8340820312499083,0.694531250000009
119.20191681232622,0.736279296875019,0.8341796874999083,0.694775390625009
119.20191681232622,0.7363444010416857,0.8343261718749083,0.6947916666666757
119.20344974315896,0.7365397135416858,0.8344238281249083,0.6950358072916757
119.20413140595356,0.7367350260416858,0.8345214843749084,0.6952799479166757
119.20451783514405,0.7369791666666858,0.8347656249999084,0.6954752604166757
119.20603923873504,0.7372233072916858,0.8350097656249084,0.6956705729166758
119.2063549576393,0.7374186197916859,0.8351074218749084,0.6959147135416758
119.20680390048015,0.7376139322916859,0.8352050781249084,0.6961588541666758
119.20733764593032,0.7378580729166859,0.8354492187499084,0.6963541666666758
119.2074626493889,0.737955729166686,0.8354980468749084,0.6965006510416758
119.2076854310441,0.7380208333333527,0.8356445312499083,0.6965169270833425
119.2076854310441,0.7382161458333527,0.8357421874999084,0.6967610677083425
119.20947662769991,0.7384114583333528,0.8358398437499084,0.6970052083333425
119.21019172796812,0.7386067708333528,0.8359374999999084,0.6972493489583425
119.21023440455788,0.7388020833333528,0.8360351562499084,0.6974934895833425
119.2115067715542,0.7390462239583528,0.8362792968749084,0.6976888020833425
119.21340537286538,0.7392415364583529,0.8363769531249085,0.6979329427083425
119.21412366937086,0.7394368489583529,0.8364746093749085,0.6981770833333425
119.21470005953142,0.739632161458353,0.8365722656249085,0.6984212239583425
119.21470005953142,0.7396972656250197,0.8367187499999085,0.6984375000000091
119.21492912836786,0.7399414062500197,0.8369628906249085,0.6986328125000092
119.21582877478735,0.7401367187500197,0.8370605468749085,0.6988769531250092
119.21620281088433,0.7403808593750197,0.8373046874999085,0.6990722656250092
119.21761640553136,0.7406250000000197,0.8375488281249085,0.6992675781250093
119.2184963815956,0.7408203125000198,0.8376464843749085,0.6995117187500093
119.21917755371094,0.7409179687500198,0.8376953124999085,0.6996582031250093
119.2199074861704,0.7411132812500199,0.8377929687499085,0.6999023437500093
119.22075202100504,0.7413085937500199,0.8378906249999085,0.7001464843750093
119.220883794529,0.7415039062500199,0.8379882812499085,0.7003906250000093
119.22260009549451,0.74169921875002,0.8380859374999086,0.7006347656250093
119.22273701381263,0.74194335937502,0.8383300781249086,0.7008300781250093
119.22306337236598,0.74213867187502,0.8384277343749086,0.7010742187500093
119.22388345442768,0.74238281250002,0.8386718749999086,0.7012695312500093
119.22412874503398,0.74248046875002,0.8387207031249085,0.7014160156250093
119.22414461175036,0.7426757812500201,0.8388183593749086,0.7016601562500093
119.22421916994472,0.7428710937500201,0.8389160156249086,0.7019042968750093
119.22542574658075,0.7430664062500202,0.8390136718749086,0.7021484375000093
119.22621089035914,0.7432617187500202,0.8391113281249086,0.7023925781250093
119.22621089035914,0.743326822916687,0.8392578124999086,0.702408854166676
119.22623677209155,0.743570963541687,0.8395019531249086,0.702604166666676
119.22733012336478,0.743766276041687,0.8395996093749086,0.702848307291676
119.22940046905534,0.744010416666687,0.8398437499999086,0.7030436197916761
119.22961438628516,0.7440755208333537,0.8399902343749086,0.7030598958333427
119.22961438628516,0.7442708333333538,0.8400878906249086,0.7033040364583427
119.23048358646808,0.7444661458333538,0.8401855468749087,0.7035481770833427
119.23053118024366,0.7447102864583538,0.8404296874999087,0.7037434895833428
119.23266413867772,0.7449055989583538,0.8405273437499087,0.7039876302083428
119.2338722649141,0.7451009114583539,0.8406249999999087,0.7042317708333428
119.23473790994834,0.7453450520833539,0.8408691406249087,0.7044270833333428
119.23527745701432,0.7454101562500206,0.8410156249999087,0.7044433593750095
119.23527745701432,0.7456054687500207,0.8411132812499087,0.7046875000000095
119.23626988223926,0.7458007812500207,0.8412109374999087,0.7049316406250095
119.23628025187888,0.7459960937500207,0.8413085937499087,0.7051757812500095
119.23698972846547,0.7461914062500208,0.8414062499999088,0.7054199218750095
119.23799187489256,0.7464355468750208,0.8416503906249088,0.7056152343750095
119.2387593168962,0.7466796875000208,0.8418945312499088,0.7058105468750095
119.23959356016655,0.7468750000000208,0.8419921874999088,0.7060546875000095
119.2408691211846,0.7470703125000209,0.8420898437499088,0.7062988281250095
119.2408691211846,0.7471354166666876,0.8422363281249088,0.7063151041666762
119.2422627166956,0.7473307291666876,0.8423339843749088,0.7065592447916762
119.24254030512206,0.7475260416666877,0.8424316406249088,0.7068033854166762
119.24306592482112,0.7477701822916877,0.8426757812499088,0.7069986979166762
119.24359856574966,0.7479654947916877,0.8427734374999089,0.7072428385416762
119.24388712412352,0.7481608072916878,0.8428710937499089,0.7074869791666762
119.243936023026,0.7482259114583545,0.8430175781249089,0.7075032552083429
119.243936023026,0.7484212239583545,0.8431152343749089,0.7077473958333429
119.24444850597467,0.7486653645833545,0.8433593749999089,0.7079427083333429
119.24554528509182,0.7489095052083545,0.8436035156249089,0.708138020833343
119.2462704640923,0.7491048177083546,0.8437011718749089,0.708382161458343
119.24743371589923,0.7493489583333546,0.8439453124999089,0.708577473958343
119.24789046385705,0.7495442708333546,0.8440429687499089,0.708821614583343
119.24860589700832,0.7497395833333547,0.8441406249999089,0.709065755208343
119.24887508071876,0.7499348958333547,0.844238281249909,0.709309895833343
119.24887508071876,0.7500000000000214,0.8443847656249089,0.7093261718750097
119.24987751792392,0.7502441406250214,0.8446289062499089,0.7095214843750097
119.2505129975738,0.7504394531250215,0.844726562499909,0.7097656250000097
119.2522369728534,0.7506347656250215,0.844824218749909,0.7100097656250097
119.25333178878316,0.7506998697916882,0.844970703124909,0.7100260416666764
119.25333178878316,0.7508951822916883,0.845068359374909,0.7102701822916764
119.25344021088584,0.7510904947916883,0.845166015624909,0.7105143229166764
119.25422580955744,0.7513346354166883,0.845410156249909,0.7107096354166764
119.25463343347596,0.7515299479166884,0.845507812499909,0.7109537760416764
119.25561193358443,0.7517740885416884,0.845751953124909,0.7111490885416765
119.25616546755006,0.7520182291666884,0.845996093749909,0.7113444010416765
119.25723523964376,0.7522135416666884,0.846093749999909,0.7115885416666765
119.25779361120598,0.7524088541666885,0.8461914062499091,0.7118326822916765
119.25801599135642,0.7526529947916885,0.8464355468749091,0.7120279947916766
119.25917281146336,0.7528483072916885,0.8465332031249091,0.7122721354166766
119.2597618272386,0.7530436197916885,0.8466308593749091,0.7125162760416766
119.2597618272386,0.7531087239583553,0.8467773437499091,0.7125325520833432
119.26053602904764,0.7533528645833553,0.8470214843749091,0.7127278645833433
119.26187570235832,0.7535481770833553,0.8471191406249091,0.7129720052083433
119.26353575597696,0.7537434895833554,0.8472167968749091,0.7132161458333433
119.26402056834203,0.7539388020833554,0.8473144531249092,0.7134602864583433
119.26402056834203,0.7540039062500221,0.8474609374999091,0.7134765625000099
119.26411681442342,0.7542480468750221,0.8477050781249091,0.71367187500001
119.2642817071749,0.7544433593750222,0.8478027343749092,0.71391601562501
119.26477586585293,0.7545084635416889,0.8479492187499091,0.7139322916666766
119.26477586585293,0.7547037760416889,0.8480468749999092,0.7141764322916766
119.26631865363912,0.7549479166666889,0.8482910156249092,0.7143717447916766
119.26648156594769,0.755143229166689,0.8483886718749092,0.7146158854166766
119.26787196924442,0.755338541666689,0.8484863281249092,0.7148600260416766
119.26828515095173,0.7555338541666891,0.8485839843749092,0.7151041666666766
119.26910643020926,0.7557291666666891,0.8486816406249093,0.7153483072916766
119.2696932672999,0.7559733072916891,0.8489257812499093,0.7155436197916767
119.27021715815252,0.7561686197916891,0.8490234374999093,0.7157877604166767
119.2718949112896,0.7562337239583559,0.8491699218749093,0.7158040364583433
119.2718949112896,0.7564290364583559,0.8492675781249093,0.7160481770833433
119.272034569328,0.7566731770833559,0.8495117187499093,0.7162434895833434
119.27248878582174,0.7569173177083559,0.8497558593749093,0.7164388020833434
119.27340833219874,0.757112630208356,0.8498535156249093,0.7166829427083434
119.27422398544076,0.757307942708356,0.8499511718749093,0.7169270833333434
119.27590435302754,0.757503255208356,0.8500488281249093,0.7171712239583434
119.27590435302754,0.7575683593750228,0.8501953124999093,0.7171875000000101
119.27657520696238,0.7577636718750228,0.8502929687499093,0.7174316406250101
119.27741051028622,0.7579589843750228,0.8503906249999094,0.7176757812500101
119.27906891895692,0.7582031250000228,0.8506347656249094,0.7178710937500101
119.27949124417444,0.7583984375000229,0.8507324218749094,0.7181152343750101
119.27951723683724,0.7586425781250229,0.8509765624999094,0.7183105468750102
119.279575872387,0.7587076822916896,0.8511230468749094,0.7183268229166768
119.279575872387,0.7589029947916897,0.8512207031249094,0.7185709635416768
119.28072845871732,0.7590983072916897,0.8513183593749094,0.7188151041666768
119.2815285024076,0.7591634114583564,0.8514648437499094,0.7188313802083435
119.2815285024076,0.7593587239583565,0.8515624999999094,0.7190755208333435
119.28275496140012,0.7596028645833565,0.8518066406249094,0.7192708333333435
119.2827923717656,0.7597981770833565,0.8519042968749094,0.7195149739583435
119.2831026551424,0.7599934895833566,0.8520019531249095,0.7197591145833435
119.28504173217358,0.7602376302083566,0.8522460937499095,0.7199544270833436
119.2852042551178,0.7604329427083566,0.8523437499999095,0.7201985677083436
119.2852042551178,0.7604980468750233,0.8524902343749095,0.7202148437500102
119.28612277672872,0.7606933593750234,0.8525878906249095,0.7204589843750102
119.28715970762396,0.7609375000000234,0.8528320312499095,0.7206542968750103
119.288364570671,0.7611328125000234,0.8529296874999095,0.7208984375000103
119.289179887914,0.7613281250000234,0.8530273437499095,0.7211425781250103
119.29017210594547,0.7615234375000235,0.8531249999999095,0.7213867187500103
119.29030356531725,0.7617675781250235,0.8533691406249095,0.7215820312500103
119.29106386645316,0.7618326822916902,0.8535156249999095,0.721598307291677
119.29106386645316,0.7620279947916903,0.8536132812499095,0.721842447916677
119.29194752546108,0.7622233072916903,0.8537109374999096,0.722086588541677
119.29227159485436,0.7624674479166903,0.8539550781249096,0.722281901041677
119.29255804043724,0.7627115885416903,0.8541992187499096,0.722477213541677
119.29275337450308,0.7629069010416903,0.8542968749999096,0.722721354166677
119.29275337450308,0.7629720052083571,0.8544433593749096,0.7227376302083437
119.29328520209026,0.7631673177083571,0.8545410156249096,0.7229817708333437
119.2949211332282,0.7634114583333571,0.8547851562499096,0.7231770833333437
119.29578239779148,0.7636067708333572,0.8548828124999096,0.7234212239583437
119.29608087394288,0.7638020833333572,0.8549804687499096,0.7236653645833437
119.29608087394288,0.7638671875000239,0.8551269531249096,0.7236816406250104
119.29615372611346,0.7641113281250239,0.8553710937499096,0.7238769531250104
119.29663566955708,0.7641764322916906,0.8555175781249096,0.7238932291666771
119.29663566955708,0.7643717447916907,0.8556152343749096,0.7241373697916771
119.29914497690326,0.7645670572916907,0.8557128906249096,0.7243815104166771
119.29935978847728,0.7647623697916908,0.8558105468749097,0.7246256510416771
119.30010526283816,0.7649576822916908,0.8559082031249097,0.7248697916666771
119.3007850677274,0.7651529947916909,0.8560058593749097,0.7251139322916771
119.30094724483834,0.7653971354166909,0.8562499999999097,0.7253092447916771
119.30171834054576,0.7655924479166909,0.8563476562499097,0.7255533854166771
119.30236010658304,0.7658365885416909,0.8565917968749097,0.7257486979166772
119.30388746165416,0.7659016927083576,0.8567382812499097,0.7257649739583438
119.30388746165416,0.7660970052083577,0.8568359374999097,0.7260091145833438
119.30442075460374,0.7662923177083577,0.8569335937499097,0.7262532552083438
119.30545272765596,0.7665364583333577,0.8571777343749097,0.7264485677083439
119.30571084777996,0.7667317708333578,0.8572753906249098,0.7266927083333439
119.3065738442638,0.7667968750000245,0.8574218749999097,0.7267089843750105
119.3065738442638,0.7669921875000245,0.8575195312499098,0.7269531250000105
119.30668379185389,0.7672363281250245,0.8577636718749098,0.7271484375000106
119.30841051925262,0.7674316406250246,0.8578613281249098,0.7273925781250106
119.30887575100388,0.7676269531250246,0.8579589843749098,0.7276367187500106
119.31099118007816,0.7678222656250246,0.8580566406249098,0.7278808593750106
119.31099831514328,0.7678873697916914,0.8582031249999098,0.7278971354166772
119.31099831514328,0.7680826822916914,0.8583007812499098,0.7281412760416772
119.31120184394916,0.7683268229166914,0.8585449218749098,0.7283365885416773
119.31154969145037,0.7685221354166915,0.8586425781249098,0.7285807291666773
119.31239377914662,0.7687174479166915,0.8587402343749099,0.7288248697916773
119.31269955130564,0.7689127604166915,0.8588378906249099,0.7290690104166773
119.31350922800968,0.7691569010416915,0.8590820312499099,0.7292643229166773
119.31402455309993,0.7694010416666915,0.8593261718749099,0.7294596354166774
119.3141012492705,0.7695963541666916,0.8594238281249099,0.7297037760416774
119.31419122542756,0.7697916666666916,0.8595214843749099,0.7299479166666774
119.31419122542756,0.7698567708333584,0.8596679687499099,0.729964192708344
119.31492559462326,0.7701009114583584,0.8599121093749099,0.730159505208344
119.31533989432435,0.7702962239583584,0.8600097656249099,0.730403645833344
119.31547747836076,0.7703613281250251,0.8601562499999099,0.7304199218750107
119.31547747836076,0.7705566406250252,0.8602539062499099,0.7306640625000107
119.3170717359516,0.7708007812500252,0.8604980468749099,0.7308593750000107
119.3174933533295,0.7709960937500252,0.86059570312491,0.7311035156250107
119.31794270566884,0.7711914062500252,0.86069335937491,0.7313476562500107
119.31794270566884,0.771256510416692,0.86083984374991,0.7313639322916774
119.31954621769516,0.771451822916692,0.86093749999991,0.7316080729166774
119.31974227395608,0.771695963541692,0.86118164062491,0.7318033854166774
119.32068130868662,0.771891276041692,0.86127929687491,0.7320475260416774
119.32069806526356,0.772135416666692,0.86152343749991,0.7322428385416775
119.3213165070041,0.7723307291666921,0.86162109374991,0.7324869791666775
119.32271266968344,0.7725748697916921,0.86186523437491,0.7326822916666775
119.32283711170987,0.7726399739583588,0.86201171874991,0.7326985677083442
119.32283711170987,0.7728352864583589,0.86210937499991,0.7329427083333442
119.32398423302162,0.7730305989583589,0.86220703124991,0.7331868489583442
119.32403254396527,0.773225911458359,0.8623046874999101,0.7334309895833442
119.32403254396527,0.7732910156250257,0.86245117187491,0.7334472656250108
119.3263808518326,0.7734863281250257,0.8625488281249101,0.7336914062500108
119.32666745065886,0.7736816406250258,0.8626464843749101,0.7339355468750108
119.32738586637365,0.7738769531250258,0.8627441406249101,0.7341796875000108
119.32786630082852,0.7741210937500258,0.8629882812499101,0.7343750000000109
119.32787484375544,0.7741861979166925,0.8631347656249101,0.7343912760416775
119.32787484375544,0.7743815104166926,0.8632324218749101,0.7346354166666775
119.32919107242368,0.7744466145833593,0.8633789062499101,0.7346516927083442
119.32919107242368,0.7746419270833593,0.8634765624999101,0.7348958333333442
119.32976759813944,0.7748372395833594,0.8635742187499101,0.7351399739583442
119.3303248318134,0.7750325520833594,0.8636718749999102,0.7353841145833442
119.3303248318134,0.7750976562500261,0.8638183593749101,0.7354003906250108
119.33043472751464,0.7753417968750261,0.8640624999999101,0.7355957031250109
119.33080011420002,0.7755371093750262,0.8641601562499102,0.7358398437500109
119.33250300291056,0.7757324218750262,0.8642578124999102,0.7360839843750109
119.33310860703487,0.7759277343750263,0.8643554687499102,0.7363281250000109
119.33317532185391,0.7761718750000263,0.8645996093749102,0.7365234375000109
119.33392337797784,0.776236979166693,0.8647460937499102,0.7365397135416776
119.33392337797784,0.776432291666693,0.8648437499999102,0.7367838541666776
119.3341971498029,0.776676432291693,0.8650878906249102,0.7369791666666776
119.33626428399866,0.7768717447916931,0.8651855468749102,0.7372233072916776
119.33684329835232,0.7769368489583598,0.8653320312499102,0.7372395833333443
119.33684329835232,0.7771321614583598,0.8654296874999102,0.7374837239583443
119.3370954779087,0.7773274739583599,0.8655273437499102,0.7377278645833443
119.33743943211044,0.7775716145833599,0.8657714843749102,0.7379231770833443
119.3379080457804,0.7777669270833599,0.8658691406249103,0.7381673177083443
119.3386252582641,0.7780110677083599,0.8661132812499103,0.7383626302083444
119.3390192460529,0.77820638020836,0.8662109374999103,0.7386067708333444
119.34025613247589,0.77840169270836,0.8663085937499103,0.7388509114583444
119.34036611258688,0.7784667968750267,0.8664550781249103,0.738867187500011
119.34036611258688,0.7786621093750268,0.8665527343749103,0.739111328125011
119.34140525507884,0.7788574218750268,0.8666503906249103,0.739355468750011
119.3415090638258,0.7791015625000268,0.8668945312499103,0.7395507812500111
119.3426089699489,0.7792968750000269,0.8669921874999104,0.7397949218750111
119.34313798856012,0.7794921875000269,0.8670898437499104,0.7400390625000111
119.34313798856012,0.7795572916666936,0.8672363281249104,0.7400553385416777
119.34414974672478,0.7796223958333603,0.8673828124999103,0.7400716145833444
119.34414974672478,0.7798177083333604,0.8674804687499104,0.7403157552083444
119.34604904071672,0.7800130208333604,0.8675781249999104,0.7405598958333444
119.34622217929032,0.7802083333333605,0.8676757812499104,0.7408040364583444
119.34648670176908,0.7804524739583605,0.8679199218749104,0.7409993489583444
119.34649260315496,0.7806966145833605,0.8681640624999104,0.7411946614583445
119.34732174134602,0.7807617187500272,0.8683105468749104,0.7412109375000111
119.34732174134602,0.7809570312500272,0.8684082031249104,0.7414550781250111
119.34838998793846,0.7812011718750272,0.8686523437499104,0.7416503906250111
119.34844536253792,0.7813964843750273,0.8687499999999104,0.7418945312500111
119.34844536253792,0.781461588541694,0.8688964843749104,0.7419108072916778
119.34941494920164,0.781656901041694,0.8689941406249104,0.7421549479166778
119.35130841965776,0.7818522135416941,0.8690917968749104,0.7423990885416778
119.35137220508288,0.7819173177083608,0.8692382812499104,0.7424153645833445
119.35137220508288,0.7821126302083609,0.8693359374999104,0.7426595052083445
119.35183351176174,0.7823567708333609,0.8695800781249104,0.7428548177083445
119.35259221567811,0.7825520833333609,0.8696777343749105,0.7430989583333445
119.35267321980729,0.782747395833361,0.8697753906249105,0.7433430989583445
119.35330594993736,0.782991536458361,0.8700195312499105,0.7435384114583445
119.35511097959656,0.783186848958361,0.8701171874999105,0.7437825520833445
119.35544305395176,0.783430989583361,0.8703613281249105,0.7439778645833446
119.35585974464868,0.783626302083361,0.8704589843749105,0.7442220052083446
119.3560308271074,0.7838216145833611,0.8705566406249106,0.7444661458333446
119.3560308271074,0.7838867187500278,0.8707031249999105,0.7444824218750112
119.35603329138056,0.7840820312500278,0.8708007812499106,0.7447265625000112
119.35704783938064,0.7842773437500279,0.8708984374999106,0.7449707031250112
119.35731019908498,0.7845214843750279,0.8711425781249106,0.7451660156250113
119.3577600535012,0.7847167968750279,0.8712402343749106,0.7454101562500113
119.3577600535012,0.7847819010416947,0.8713867187499106,0.7454264322916779
119.3582850539236,0.7849772135416947,0.8714843749999106,0.7456705729166779
119.3589205398723,0.7851725260416947,0.8715820312499106,0.7459147135416779
119.35994336402054,0.7852376302083615,0.8717285156249106,0.7459309895833446
119.35994336402054,0.7854329427083615,0.8718261718749106,0.7461751302083446
119.36082925970408,0.7856282552083615,0.8719238281249106,0.7464192708333446
119.36082925970408,0.7856933593750283,0.8720703124999106,0.7464355468750112
119.3618571248947,0.7858886718750283,0.8721679687499106,0.7466796875000112
119.36213469819532,0.785953776041695,0.8723144531249106,0.7466959635416779
119.36213469819532,0.7861490885416951,0.8724121093749106,0.7469401041666779
119.36222652481575,0.7863932291666951,0.8726562499999106,0.7471354166666779
119.36261117550087,0.7866373697916951,0.8729003906249106,0.747330729166678
119.36401224757216,0.7867024739583618,0.8730468749999106,0.7473470052083446
119.36401224757216,0.7868977864583618,0.8731445312499106,0.7475911458333446
119.365435789809,0.7871419270833618,0.8733886718749106,0.7477864583333447
119.36565728762844,0.7873372395833619,0.8734863281249107,0.7480305989583447
119.36565728762844,0.7874023437500286,0.8736328124999106,0.7480468750000113
119.3669196277022,0.7875976562500286,0.8737304687499107,0.7482910156250113
119.36708100162244,0.7877929687500287,0.8738281249999107,0.7485351562500113
119.36806049206244,0.7879882812500287,0.8739257812499107,0.7487792968750113
119.36820825870274,0.7881835937500288,0.8740234374999107,0.7490234375000113
119.3686637850448,0.7884277343750288,0.8742675781249107,0.7492187500000114
119.36872730771476,0.7886718750000288,0.8745117187499107,0.7494140625000114
119.36985495157472,0.7887369791666955,0.8746582031249107,0.7494303385416781
119.36985495157472,0.7889322916666955,0.8747558593749107,0.7496744791666781
119.37015693421384,0.7891276041666956,0.8748535156249108,0.7499186197916781
119.37015693421384,0.7891927083333623,0.8749999999999107,0.7499348958333447
119.37091114959856,0.7893880208333623,0.8750976562499108,0.7501790364583447
119.37099792991602,0.7896321614583623,0.8753417968749108,0.7503743489583448
119.3715327264966,0.7898274739583624,0.8754394531249108,0.7506184895833448
119.37212036868836,0.7900716145833624,0.8756835937499108,0.7508138020833448
119.37236445954588,0.7901367187500291,0.8758300781249108,0.7508300781250115
119.37236445954588,0.7903320312500292,0.8759277343749108,0.7510742187500115
119.37349435995507,0.7905273437500292,0.8760253906249108,0.7513183593750115
119.3741016054502,0.7907226562500292,0.8761230468749108,0.7515625000000115
119.37424031115306,0.7909179687500293,0.8762207031249108,0.7518066406250115
119.37562339699438,0.7911132812500293,0.8763183593749109,0.7520507812500115
119.37619160725365,0.7913574218750293,0.8765624999999109,0.7522460937500115
119.37694385195032,0.791422526041696,0.8767089843749108,0.7522623697916782
119.37694385195032,0.7916178385416961,0.8768066406249109,0.7525065104166782
119.37774940776563,0.7918131510416961,0.8769042968749109,0.7527506510416782
119.3778531385462,0.7920084635416962,0.8770019531249109,0.7529947916666782
119.3778531385462,0.7920735677083629,0.8771484374999109,0.7530110677083448
119.37844196557973,0.7923177083333629,0.8773925781249109,0.7532063802083449
119.37952069393714,0.7923828125000296,0.8775390624999109,0.7532226562500115
119.37952069393714,0.7925781250000297,0.8776367187499109,0.7534667968750115
119.37980373289464,0.7927734375000297,0.8777343749999109,0.7537109375000115
119.3799893062032,0.7929687500000298,0.8778320312499109,0.7539550781250115
119.38108390963086,0.7931640625000298,0.877929687499911,0.7541992187500115
119.38108390963086,0.7932291666666965,0.8780761718749109,0.7542154947916782
119.38174306991723,0.7934733072916965,0.8783203124999109,0.7544108072916782
119.38257327132249,0.7936686197916966,0.878417968749911,0.7546549479166782
119.38316421757897,0.7938639322916966,0.878515624999911,0.7548990885416782
119.38357866491656,0.7941080729166966,0.878759765624911,0.7550944010416782
119.38380534888944,0.7943033854166967,0.878857421874911,0.7553385416666782
119.3841028562281,0.7943684895833634,0.879003906249911,0.7553548177083449
119.3841028562281,0.7945638020833634,0.879101562499911,0.7555989583333449
119.38437875848116,0.7946289062500301,0.879248046874911,0.7556152343750115
119.38437875848116,0.7948242187500302,0.879345703124911,0.7558593750000115
119.38567904365372,0.7950195312500302,0.879443359374911,0.7561035156250115
119.3864812788538,0.7952148437500303,0.879541015624911,0.7563476562500115
119.38650545765816,0.7954101562500303,0.8796386718749111,0.7565917968750115
119.38650545765816,0.795475260416697,0.879785156249911,0.7566080729166782
119.3879918774906,0.7956705729166971,0.8798828124999111,0.7568522135416782
119.3879918774906,0.7957356770833638,0.880029296874911,0.7568684895833449
119.38828183389852,0.7959798177083638,0.880273437499911,0.7570638020833449
119.38938069664488,0.7960449218750305,0.880419921874911,0.7570800781250115
119.38938069664488,0.7962402343750306,0.880517578124911,0.7573242187500115
119.39063469348484,0.7964355468750306,0.8806152343749111,0.7575683593750115
119.39109854839018,0.7966796875000306,0.8808593749999111,0.7577636718750116
119.39153149286275,0.7968750000000306,0.8809570312499111,0.7580078125000116
119.39153149286275,0.7969401041666974,0.8811035156249111,0.7580240885416782
119.39217780532567,0.7971842447916974,0.8813476562499111,0.7582194010416783
119.39227065007373,0.7973795572916974,0.8814453124999111,0.7584635416666783
119.39296500402358,0.7975748697916974,0.8815429687499111,0.7587076822916783
119.39322571977812,0.7977701822916975,0.8816406249999111,0.7589518229166783
119.39347388810651,0.7979654947916975,0.8817382812499112,0.7591959635416783
119.39444558977982,0.7980305989583643,0.8818847656249111,0.7592122395833449
119.39444558977982,0.7982259114583643,0.8819824218749112,0.7594563802083449
119.39522135301723,0.7984212239583643,0.8820800781249112,0.7597005208333449
119.39522135301723,0.7984863281250311,0.8822265624999112,0.7597167968750116
119.39560552622066,0.7986816406250311,0.8823242187499112,0.7599609375000116
119.3961445135576,0.7989257812500311,0.8825683593749112,0.7601562500000116
119.39661757304832,0.7991210937500312,0.8826660156249112,0.7604003906250116
119.3979213392888,0.7993164062500312,0.8827636718749112,0.7606445312500116
119.39862785667955,0.7995605468750312,0.8830078124999112,0.7608398437500117
119.39876570395204,0.7997558593750312,0.8831054687499112,0.7610839843750117
119.39910115826514,0.7999511718750313,0.8832031249999113,0.7613281250000117
119.39910115826514,0.800016276041698,0.8833496093749112,0.7613444010416783
119.39959784053804,0.800211588541698,0.8834472656249113,0.7615885416666783
119.40008504238372,0.8004069010416981,0.8835449218749113,0.7618326822916783
119.40100271092672,0.8004720052083648,0.8836914062499113,0.761848958333345
119.40100271092672,0.8006673177083649,0.8837890624999113,0.762093098958345
119.40129765898484,0.8009114583333649,0.8840332031249113,0.762288411458345
119.40174224918148,0.8011067708333649,0.8841308593749113,0.762532552083345
119.40174224918148,0.8011718750000316,0.8842773437499113,0.7625488281250117
119.40233936312264,0.8013671875000317,0.8843749999999113,0.7627929687500117
119.40359067054406,0.8015625000000317,0.8844726562499113,0.7630371093750117
119.40448618436712,0.8017578125000318,0.8845703124999114,0.7632812500000117
119.40448618436712,0.8018229166666985,0.8847167968749113,0.7632975260416783
119.40470205105166,0.8020182291666985,0.8848144531249114,0.7635416666666783
119.40504217876642,0.8022623697916985,0.8850585937499114,0.7637369791666784
119.40619809669528,0.8024576822916986,0.8851562499999114,0.7639811197916784
119.40619809669528,0.8025227864583653,0.8853027343749114,0.763997395833345
119.4062327118502,0.8027669270833653,0.8855468749999114,0.7641927083333451
119.40677703776537,0.8029622395833653,0.8856445312499114,0.7644368489583451
119.4079017902807,0.8031575520833654,0.8857421874999114,0.7646809895833451
119.4079017902807,0.8032226562500321,0.8858886718749114,0.7646972656250117
119.40872088662525,0.8034179687500321,0.8859863281249114,0.7649414062500117
119.40877099948992,0.8036132812500322,0.8860839843749114,0.7651855468750117
119.40917519863068,0.8038085937500322,0.8861816406249114,0.7654296875000117
119.4094698254716,0.8040039062500323,0.8862792968749115,0.7656738281250117
119.41003586684144,0.804069010416699,0.8864257812499114,0.7656901041666784
119.41003586684144,0.804264322916699,0.8865234374999115,0.7659342447916784
119.41113666638392,0.8044596354166991,0.8866210937499115,0.7661783854166784
119.41122249002296,0.8046549479166991,0.8867187499999115,0.7664225260416784
119.41122249002296,0.8047200520833658,0.8868652343749115,0.766438802083345
119.41148947006748,0.8049641927083658,0.8871093749999115,0.7666341145833451
119.4120721102109,0.8051595052083659,0.8872070312499115,0.7668782552083451
119.41264174618628,0.8054036458333659,0.8874511718749115,0.7670735677083451
119.41369929877573,0.8055989583333659,0.8875488281249115,0.7673177083333451
119.41380582313228,0.805794270833366,0.8876464843749116,0.7675618489583451
119.41400101143432,0.806038411458366,0.8878906249999116,0.7677571614583452
119.41424920458084,0.8061035156250327,0.8880371093749115,0.7677734375000118
119.41424920458084,0.8062988281250327,0.8881347656249116,0.7680175781250118
119.41436487865197,0.8065429687500327,0.8883789062499116,0.7682128906250119
119.41482757899156,0.8067382812500328,0.8884765624999116,0.7684570312500119
119.41515138655993,0.8068033854166995,0.8886230468749116,0.7684733072916785
119.41515138655993,0.8069986979166995,0.8887207031249116,0.7687174479166785
119.41643153047218,0.8071940104166996,0.8888183593749116,0.7689615885416785
119.41646539204848,0.8073893229166996,0.8889160156249116,0.7692057291666785
119.4166618475362,0.8075846354166997,0.8890136718749116,0.7694498697916785
119.41764992576778,0.8077799479166997,0.8891113281249117,0.7696940104166785
119.41764992576778,0.8078450520833664,0.8892578124999116,0.7697102864583452
119.41798821661024,0.8080403645833665,0.8893554687499117,0.7699544270833452
119.41830370470804,0.8082356770833665,0.8894531249999117,0.7701985677083452
119.41830370470804,0.8083007812500332,0.8895996093749117,0.7702148437500118
119.41886010402538,0.8085449218750332,0.8898437499999117,0.7704101562500119
119.41955718423596,0.8087402343750333,0.8899414062499117,0.7706542968750119
119.42058864952874,0.8089843750000333,0.8901855468749117,0.7708496093750119
119.42064874882688,0.8091796875000333,0.8902832031249117,0.7710937500000119
119.42137103929362,0.8093750000000334,0.8903808593749117,0.7713378906250119
119.42161097554538,0.8095703125000334,0.8904785156249118,0.7715820312500119
119.42161097554538,0.8096354166667001,0.8906249999999117,0.7715983072916786
119.42232817758534,0.8098307291667002,0.8907226562499118,0.7718424479166786
119.42284056541642,0.8100748697917002,0.8909667968749118,0.7720377604166786
119.42354869001733,0.8101399739583669,0.8911132812499117,0.7720540364583452
119.42354869001733,0.8103352864583669,0.8912109374999118,0.7722981770833452
119.4237693653014,0.810530598958367,0.8913085937499118,0.7725423177083452
119.42376997239997,0.810725911458367,0.8914062499999118,0.7727864583333452
119.42376997239997,0.8107910156250338,0.8915527343749118,0.7728027343750119
119.4247125990305,0.8109863281250338,0.8916503906249118,0.7730468750000119
119.42533649552476,0.8111816406250338,0.8917480468749118,0.7732910156250119
119.42570213736776,0.8114257812500338,0.8919921874999118,0.773486328125012
119.42653312954654,0.8116210937500339,0.8920898437499118,0.773730468750012
119.42653312954654,0.8116861979167006,0.8922363281249118,0.7737467447916786
119.42757417735444,0.8118815104167006,0.8923339843749118,0.7739908854166786
119.42757417735444,0.8119466145833674,0.8924804687499118,0.7740071614583452
119.42799604365185,0.8121907552083674,0.8927246093749118,0.7742024739583453
119.42849363694664,0.8123860677083674,0.8928222656249118,0.7744466145833453
119.42904089809662,0.8126302083333674,0.8930664062499118,0.7746419270833453
119.4293521454356,0.8128255208333675,0.8931640624999119,0.7748860677083453
119.4293521454356,0.8128906250000342,0.8933105468749118,0.774902343750012
119.42976519608422,0.8130859375000342,0.8934082031249119,0.775146484375012
119.4300473699914,0.8132812500000343,0.8935058593749119,0.775390625000012
119.43067805909668,0.8134765625000343,0.8936035156249119,0.775634765625012
119.43109972424246,0.8136718750000344,0.8937011718749119,0.775878906250012
119.43121445545422,0.8138671875000344,0.893798828124912,0.776123046875012
119.43121445545422,0.8139322916667011,0.8939453124999119,0.7761393229166786
119.43225222426813,0.8141276041667012,0.894042968749912,0.7763834635416786
119.43225222426813,0.8141927083333679,0.8941894531249119,0.7763997395833453
119.43274304460994,0.8144368489583679,0.8944335937499119,0.7765950520833453
119.43293465023112,0.8146321614583679,0.894531249999912,0.7768391927083453
119.43376652799518,0.814827473958368,0.894628906249912,0.7770833333333453
119.43434238546074,0.815022786458368,0.894726562499912,0.7773274739583453
119.4348663959071,0.8150878906250347,0.894873046874912,0.777343750000012
119.4348663959071,0.8152832031250348,0.894970703124912,0.777587890625012
119.43539018212935,0.8154785156250348,0.895068359374912,0.777832031250012
119.43548051701228,0.8157226562500348,0.895312499999912,0.778027343750012
119.43580656503708,0.8159179687500349,0.895410156249912,0.778271484375012
119.4361085978444,0.8161132812500349,0.8955078124999121,0.778515625000012
119.43647372322285,0.8161783854167016,0.895654296874912,0.7785319010416787
119.43647372322285,0.8163736979167017,0.8957519531249121,0.7787760416666787
119.4370774705577,0.8164388020833684,0.895898437499912,0.7787923177083453
119.4370774705577,0.8166341145833684,0.8959960937499121,0.7790364583333453
119.4375924751005,0.8168294270833685,0.8960937499999121,0.7792805989583453
119.43858906237313,0.8170247395833685,0.8961914062499121,0.7795247395833453
119.43924457331988,0.8172200520833686,0.8962890624999121,0.7797688802083453
119.43924457331988,0.8172851562500353,0.8964355468749121,0.779785156250012
119.4405989713731,0.8174804687500353,0.8965332031249121,0.780029296875012
119.4405989713731,0.817545572916702,0.8966796874999121,0.7800455729166786
119.441102677017,0.8177408854167021,0.8967773437499121,0.7802897135416786
119.44158738224982,0.8179850260417021,0.8970214843749121,0.7804850260416787
119.441661335622,0.8181803385417021,0.8971191406249122,0.7807291666666787
119.441661335622,0.8182454427083689,0.8972656249999121,0.7807454427083453
119.44192924049138,0.8184895833333689,0.8975097656249121,0.7809407552083454
119.44235895230442,0.8186848958333689,0.8976074218749122,0.7811848958333454
119.44356838384932,0.8189290364583689,0.8978515624999122,0.7813802083333454
119.44368292367744,0.8191243489583689,0.8979492187499122,0.7816243489583454
119.44413503754546,0.819319661458369,0.8980468749999122,0.7818684895833454
119.44413503754546,0.8193847656250357,0.8981933593749122,0.7818847656250121
119.44506253130544,0.8195800781250357,0.8982910156249122,0.7821289062500121
119.44506253130544,0.8196451822917025,0.8984374999999122,0.7821451822916787
119.44514149585616,0.8198893229167025,0.8986816406249122,0.7823404947916788
119.44574560364693,0.8200846354167025,0.8987792968749122,0.7825846354166788
119.44630825262708,0.8202799479167026,0.8988769531249122,0.7828287760416788
119.4467530798763,0.8203450520833693,0.8990234374999122,0.7828450520833454
119.4467530798763,0.8205403645833693,0.8991210937499122,0.7830891927083454
119.44773463464438,0.8207356770833694,0.8992187499999122,0.7833333333333454
119.4484066383829,0.8209309895833694,0.8993164062499123,0.7835774739583454
119.4484066383829,0.8209960937500361,0.8994628906249122,0.7835937500000121
119.4494841609323,0.8212402343750361,0.8997070312499122,0.7837890625000121
119.44968400595836,0.8214355468750362,0.8998046874999123,0.7840332031250121
119.44968400595836,0.8215006510417029,0.8999511718749122,0.7840494791666788
119.45011978789346,0.8216959635417029,0.9000488281249123,0.7842936197916788
119.45101407983154,0.821891276041703,0.9001464843749123,0.7845377604166788
119.45117019101204,0.822086588541703,0.9002441406249123,0.7847819010416788
119.45167292434384,0.8221516927083697,0.9003906249999123,0.7847981770833454
119.45167292434384,0.8223470052083698,0.9004882812499123,0.7850423177083454
119.45221424490566,0.8225423177083698,0.9005859374999123,0.7852864583333454
119.45264347616128,0.8227376302083699,0.9006835937499124,0.7855305989583454
119.45338213170264,0.8228027343750366,0.9008300781249123,0.7855468750000121
119.45338213170264,0.8229980468750366,0.9009277343749124,0.7857910156250121
119.4541521484262,0.8232421875000366,0.9011718749999124,0.7859863281250121
119.45433728011749,0.8234375000000367,0.9012695312499124,0.7862304687500121
119.45522245973976,0.8236328125000367,0.9013671874999124,0.7864746093750121
119.4553709778105,0.8238281250000368,0.9014648437499124,0.7867187500000121
119.4560347233176,0.8240234375000368,0.9015624999999124,0.7869628906250121
119.4560347233176,0.8240885416667035,0.9017089843749124,0.7869791666666788
119.45657526791098,0.8242838541667036,0.9018066406249124,0.7872233072916788
119.45657526791098,0.8243489583333703,0.9019531249999124,0.7872395833333454
119.45660962220502,0.8245442708333703,0.9020507812499124,0.7874837239583454
119.45751246965172,0.8247395833333704,0.9021484374999125,0.7877278645833454
119.4576928558167,0.8249348958333704,0.9022460937499125,0.7879720052083454
119.45771776260466,0.8251302083333705,0.9023437499999125,0.7882161458333454
119.4584933287304,0.8253255208333705,0.9024414062499125,0.7884602864583454
119.4584933287304,0.8253906250000372,0.9025878906249125,0.7884765625000121
119.4588574322458,0.8256347656250372,0.9028320312499125,0.7886718750000121
119.45896182261116,0.8258300781250373,0.9029296874999125,0.7889160156250121
119.459885994694,0.8260253906250373,0.9030273437499126,0.7891601562500121
119.459885994694,0.826090494791704,0.9031738281249125,0.7891764322916788
119.46068501105304,0.8262858072917041,0.9032714843749126,0.7894205729166788
119.46074145359906,0.8263509114583708,0.9034179687499125,0.7894368489583454
119.46074145359906,0.8265462239583709,0.9035156249999126,0.7896809895833454
119.46152780025751,0.8267415364583709,0.9036132812499126,0.7899251302083454
119.46205123251691,0.8269368489583709,0.9037109374999126,0.7901692708333454
119.46246166949484,0.8271809895833709,0.9039550781249126,0.7903645833333455
119.4629590073169,0.827376302083371,0.9040527343749126,0.7906087239583455
119.46313502758296,0.8274414062500377,0.9041992187499126,0.7906250000000121
119.46313502758296,0.8276367187500377,0.9042968749999126,0.7908691406250121
119.46347658638278,0.8278808593750377,0.9045410156249126,0.7910644531250122
119.46391060896885,0.8280761718750378,0.9046386718749126,0.7913085937500122
119.4647880849368,0.8282714843750378,0.9047363281249127,0.7915527343750122
119.4656817143899,0.8283365885417046,0.9048828124999126,0.7915690104166788
119.4656817143899,0.8285319010417046,0.9049804687499127,0.7918131510416788
119.46585500180343,0.8285970052083713,0.9051269531249126,0.7918294270833455
119.46585500180343,0.8287923177083714,0.9052246093749127,0.7920735677083455
119.46661857507732,0.8289876302083714,0.9053222656249127,0.7923177083333455
119.46710615143805,0.8291829427083715,0.9054199218749127,0.7925618489583455
119.46798802783032,0.8293782552083715,0.9055175781249127,0.7928059895833455
119.4688046326996,0.8295735677083715,0.9056152343749128,0.7930501302083455
119.4688046326996,0.8296386718750383,0.9057617187499127,0.7930664062500121
119.4688211465644,0.8298828125000383,0.9060058593749127,0.7932617187500122
119.46955551013352,0.8300781250000383,0.9061035156249128,0.7935058593750122
119.47001559584652,0.8302734375000383,0.9062011718749128,0.7937500000000122
119.47001559584652,0.8303385416667051,0.9063476562499128,0.7937662760416788
119.47060537822146,0.8305338541667051,0.9064453124999128,0.7940104166666788
119.47088312866696,0.8307291666667052,0.9065429687499128,0.7942545572916788
119.47105016759431,0.8309244791667052,0.9066406249999128,0.7944986979166788
119.47179164746976,0.8311197916667052,0.9067382812499128,0.7947428385416788
119.47179164746976,0.831184895833372,0.9068847656249128,0.7947591145833455
119.47226522268392,0.831380208333372,0.9069824218749128,0.7950032552083455
119.47226522268392,0.8314453125000387,0.9071289062499128,0.7950195312500121
119.47243579952674,0.8316894531250387,0.9073730468749128,0.7952148437500122
119.4731219742721,0.8318847656250388,0.9074707031249128,0.7954589843750122
119.47391666160983,0.8320800781250388,0.9075683593749129,0.7957031250000122
119.47464646875596,0.8321451822917055,0.9077148437499128,0.7957194010416788
119.47464646875596,0.8323404947917056,0.9078124999999129,0.7959635416666788
119.47471700348648,0.8325846354167056,0.9080566406249129,0.7961588541666789
119.47525800605854,0.8327799479167056,0.9081542968749129,0.7964029947916789
119.47583097062912,0.8329752604167057,0.9082519531249129,0.7966471354166789
119.47583097062912,0.8330403645833724,0.9083984374999129,0.7966634114583455
119.47630209629324,0.8331054687500391,0.9085449218749129,0.7966796875000122
119.47630209629324,0.8333007812500391,0.9086425781249129,0.7969238281250122
119.47667591037444,0.8334960937500392,0.9087402343749129,0.7971679687500122
119.47668105392988,0.8336914062500392,0.9088378906249129,0.7974121093750122
119.47742244096024,0.8339355468750392,0.9090820312499129,0.7976074218750122
119.47746321980452,0.8341308593750393,0.909179687499913,0.7978515625000122
119.4780292731156,0.8343261718750393,0.909277343749913,0.7980957031250122
119.4780292731156,0.834391276041706,0.909423828124913,0.7981119791666789
119.47910685266685,0.8345865885417061,0.909521484374913,0.7983561197916789
119.47947496278336,0.8347819010417061,0.909619140624913,0.7986002604166789
119.4802688325831,0.8349772135417062,0.909716796874913,0.7988444010416789
119.4802688325831,0.8350423177083729,0.909863281249913,0.7988606770833455
119.48035489266118,0.8352864583333729,0.910107421874913,0.7990559895833456
119.48082635074871,0.8354817708333729,0.910205078124913,0.7993001302083456
119.48128609597435,0.835677083333373,0.910302734374913,0.7995442708333456
119.48164990541834,0.835872395833373,0.9104003906249131,0.7997884114583456
119.48241633518415,0.8359375000000397,0.910546874999913,0.7998046875000122
119.48241633518415,0.8361328125000398,0.9106445312499131,0.8000488281250122
119.4829675079182,0.8363281250000398,0.9107421874999131,0.8002929687500122
119.48401569562564,0.8365234375000399,0.9108398437499131,0.8005371093750122
119.4843742824516,0.8365885416667066,0.9109863281249131,0.8005533854166789
119.4843742824516,0.8367838541667066,0.9110839843749131,0.8007975260416789
119.48484706710504,0.8369791666667067,0.9111816406249131,0.8010416666666789
119.48534862576088,0.8370442708333734,0.9113281249999131,0.8010579427083455
119.48534862576088,0.8372395833333734,0.9114257812499131,0.8013020833333455
119.48618263731748,0.8374837239583734,0.9116699218749131,0.8014973958333456
119.48638722100436,0.8376790364583735,0.9117675781249132,0.8017415364583456
119.486774256966,0.8378743489583735,0.9118652343749132,0.8019856770833456
119.4875063589244,0.8380696614583736,0.9119628906249132,0.8022298177083456
119.4880009981351,0.8381347656250403,0.9121093749999132,0.8022460937500122
119.4880009981351,0.8383300781250403,0.9122070312499132,0.8024902343750122
119.4884493084449,0.8385253906250404,0.9123046874999132,0.8027343750000122
119.4884493084449,0.8385904947917071,0.9124511718749132,0.8027506510416789
119.48883223017344,0.8387858072917072,0.9125488281249132,0.8029947916666789
119.48892497235153,0.8390299479167072,0.9127929687499132,0.8031901041666789
119.48953869328068,0.8392252604167072,0.9128906249999132,0.8034342447916789
119.48953869328068,0.8392903645833739,0.9130371093749132,0.8034505208333456
119.4900281330483,0.839485677083374,0.9131347656249132,0.8036946614583456
119.4910405740981,0.839680989583374,0.9132324218749133,0.8039388020833456
119.49141839822332,0.839876302083374,0.9133300781249133,0.8041829427083456
119.4921331004028,0.8399414062500408,0.9134765624999133,0.8041992187500122
119.4921331004028,0.8401367187500408,0.9135742187499133,0.8044433593750122
119.49261601623044,0.8403320312500409,0.9136718749999133,0.8046875000000122
119.493054934837,0.8405273437500409,0.9137695312499133,0.8049316406250122
119.49341298391624,0.8407714843750409,0.9140136718749133,0.8051269531250123
119.49342884641524,0.840966796875041,0.9141113281249134,0.8053710937500123
119.4939824265018,0.841162109375041,0.9142089843749134,0.8056152343750123
119.49478518649576,0.841357421875041,0.9143066406249134,0.8058593750000123
119.49548604064456,0.8415527343750411,0.9144042968749134,0.8061035156250123
119.49548604064456,0.8416178385417078,0.9145507812499134,0.8061197916666789
119.49610694859852,0.8418131510417078,0.9146484374999134,0.8063639322916789
119.49653643869738,0.8420084635417079,0.9147460937499134,0.8066080729166789
119.4973289758464,0.8422037760417079,0.9148437499999135,0.8068522135416789
119.4973289758464,0.8422688802083746,0.9149902343749134,0.8068684895833456
119.49747301531264,0.8423339843750414,0.9151367187499134,0.8068847656250122
119.49747301531264,0.8425292968750414,0.9152343749999134,0.8071289062500122
119.49777293130856,0.8427734375000414,0.9154785156249134,0.8073242187500123
119.49808780776064,0.8429687500000415,0.9155761718749135,0.8075683593750123
119.49853007243112,0.8430338541667082,0.9157226562499134,0.8075846354166789
119.49853007243112,0.8432291666667082,0.9158203124999135,0.8078287760416789
119.49931477888622,0.8434244791667083,0.9159179687499135,0.8080729166666789
119.50000100159195,0.8436197916667083,0.9160156249999135,0.8083170572916789
119.50060813657792,0.8438151041667084,0.9161132812499135,0.8085611979166789
119.50060813657792,0.8438802083333751,0.9162597656249135,0.8085774739583456
119.50102812398784,0.8440755208333751,0.9163574218749135,0.8088216145833456
119.50109421699528,0.8443196614583751,0.9166015624999135,0.8090169270833456
119.50180319409212,0.8445149739583752,0.9166992187499136,0.8092610677083456
119.50194304158772,0.8447102864583752,0.9167968749999136,0.8095052083333456
119.5022231810486,0.8449544270833752,0.9170410156249136,0.8097005208333456
119.5025443890252,0.8450195312500419,0.9171874999999136,0.8097167968750123
119.5025443890252,0.845214843750042,0.9172851562499136,0.8099609375000123
119.50338209952034,0.845410156250042,0.9173828124999136,0.8102050781250123
119.50374154139207,0.845605468750042,0.9174804687499136,0.8104492187500123
119.50415047019106,0.8458007812500421,0.9175781249999136,0.8106933593750123
119.50460958384843,0.8459960937500421,0.9176757812499137,0.8109375000000123
119.50460958384843,0.8460611979167089,0.9178222656249136,0.810953776041679
119.50529142996764,0.8462565104167089,0.9179199218749137,0.811197916666679
119.50564760429128,0.846451822916709,0.9180175781249137,0.811442057291679
119.50658234314736,0.846647135416709,0.9181152343749137,0.811686197916679
119.5070361595112,0.846842447916709,0.9182128906249137,0.811930338541679
119.5070361595112,0.8469075520833758,0.9183593749999137,0.8119466145833456
119.50772743285783,0.8471028645833758,0.9184570312499137,0.8121907552083456
119.5080794871266,0.8471679687500425,0.9186035156249137,0.8122070312500123
119.5080794871266,0.8473632812500426,0.9187011718749137,0.8124511718750123
119.50847893501164,0.8474283854167093,0.9188476562499137,0.8124674479166789
119.50847893501164,0.8476236979167093,0.9189453124999137,0.8127115885416789
119.50872115784463,0.8478678385417093,0.9191894531249137,0.812906901041679
119.5089286800384,0.8480631510417094,0.9192871093749138,0.813151041666679
119.5095966409559,0.8482584635417094,0.9193847656249138,0.813395182291679
119.50994556617717,0.8484537760417095,0.9194824218749138,0.813639322916679
119.5108625415244,0.8486490885417095,0.9195800781249138,0.813883463541679
119.5108625415244,0.8487141927083762,0.9197265624999138,0.8138997395833456
119.51130724687695,0.8489095052083763,0.9198242187499138,0.8141438802083456
119.5118473318738,0.848974609375043,0.9199707031249138,0.8141601562500123
119.5118473318738,0.849169921875043,0.9200683593749138,0.8144042968750123
119.51241690494572,0.8493652343750431,0.9201660156249138,0.8146484375000123
119.51255188844914,0.8495605468750431,0.9202636718749139,0.8148925781250123
119.51328151475845,0.8497558593750432,0.9203613281249139,0.8151367187500123
119.51366486044624,0.8498209635417099,0.9205078124999139,0.8151529947916789
119.51366486044624,0.8500162760417099,0.9206054687499139,0.8153971354166789
119.51422970342988,0.85021158854171,0.9207031249999139,0.8156412760416789
119.514409314648,0.85045572916671,0.9209472656249139,0.815836588541679
119.5148749112583,0.85065104166671,0.9210449218749139,0.816080729166679
119.51559682495233,0.8508463541667101,0.921142578124914,0.816324869791679
119.51595944051452,0.8510416666667101,0.921240234374914,0.816569010416679
119.51651839129444,0.8512369791667102,0.921337890624914,0.816813151041679
119.51651839129444,0.8513020833333769,0.921484374999914,0.8168294270833456
119.51665182680152,0.8513671875000436,0.921630859374914,0.8168457031250123
119.51665182680152,0.8515625000000436,0.921728515624914,0.8170898437500123
119.5172719496512,0.8518066406250436,0.921972656249914,0.8172851562500123
119.51736793837762,0.8520019531250437,0.922070312499914,0.8175292968750123
119.51774420582636,0.8521972656250437,0.922167968749914,0.8177734375000123
119.51829863685164,0.8522623697917104,0.922314453124914,0.817789713541679
119.51829863685164,0.8524576822917105,0.922412109374914,0.818033854166679
119.51893109905576,0.8526529947917105,0.922509765624914,0.818277994791679
119.51963988480624,0.8528483072917106,0.9226074218749141,0.818522135416679
119.51975430424504,0.8530436197917106,0.9227050781249141,0.818766276041679
119.51975430424504,0.8531087239583773,0.9228515624999141,0.8187825520833456
119.520338678618,0.8533040364583774,0.9229492187499141,0.8190266927083456
119.52096048672384,0.8534993489583774,0.9230468749999141,0.8192708333333456
119.52163609716813,0.8536946614583775,0.9231445312499141,0.8195149739583456
119.52201698444108,0.8538899739583775,0.9232421874999142,0.8197591145833456
119.52201698444108,0.8539550781250442,0.9233886718749141,0.8197753906250123
119.52259551622512,0.8541503906250443,0.9234863281249142,0.8200195312500123
119.52272249582624,0.8543457031250443,0.9235839843749142,0.8202636718750123
119.52299933735355,0.8545898437500443,0.9238281249999142,0.8204589843750123
119.52339287020096,0.8547851562500444,0.9239257812499142,0.8207031250000123
119.52378670174454,0.8549804687500444,0.9240234374999142,0.8209472656250123
119.52436078161524,0.8551757812500445,0.9241210937499142,0.8211914062500123
119.52436078161524,0.8552408854167112,0.9242675781249142,0.821207682291679
119.52497080056138,0.8554361979167112,0.9243652343749142,0.821451822916679
119.52563466461254,0.8556315104167113,0.9244628906249143,0.821695963541679
119.52600898153284,0.8558268229167113,0.9245605468749143,0.821940104166679
119.5265776114324,0.855891927083378,0.9247070312499143,0.8219563802083456
119.5265776114324,0.8560872395833781,0.9248046874999143,0.8222005208333456
119.52670334498583,0.8562825520833781,0.9249023437499143,0.8224446614583456
119.52736232469702,0.8564778645833782,0.9249999999999143,0.8226888020833456
119.52786514629412,0.8566731770833782,0.9250976562499144,0.8229329427083456
119.52815203755178,0.8568684895833782,0.9251953124999144,0.8231770833333456
119.5289984844955,0.8570638020833783,0.9252929687499144,0.8234212239583456
119.529435714302,0.857128906250045,0.9254394531249144,0.8234375000000123
119.529435714302,0.857324218750045,0.9255371093749144,0.8236816406250123
119.53003401595458,0.8575195312500451,0.9256347656249144,0.8239257812500123
119.53031826658554,0.8577148437500451,0.9257324218749144,0.8241699218750123
119.53062986741683,0.8579589843750451,0.9259765624999144,0.8243652343750123
119.5306865872302,0.8581542968750452,0.9260742187499145,0.8246093750000123
119.53112070453317,0.8582194010417119,0.9262207031249144,0.824625651041679
119.53112070453317,0.858414713541712,0.9263183593749145,0.824869791666679
119.53169949883214,0.858610026041712,0.9264160156249145,0.825113932291679
119.53198178244789,0.858805338541712,0.9265136718749145,0.825358072916679
119.53281576026704,0.8590006510417121,0.9266113281249145,0.825602213541679
119.53281576026704,0.8590657552083788,0.9267578124999145,0.8256184895833456
119.53324606761588,0.8592610677083788,0.9268554687499145,0.8258626302083456
119.53383498654392,0.8594563802083789,0.9269531249999146,0.8261067708333456
119.53411482865432,0.8596516927083789,0.9270507812499146,0.8263509114583456
119.53447646429464,0.8597167968750457,0.9271972656249146,0.8263671875000123
119.53447646429464,0.8599121093750457,0.9272949218749146,0.8266113281250123
119.53488768610576,0.8601562500000457,0.9275390624999146,0.8268066406250123
119.53490388567144,0.8603515625000457,0.9276367187499146,0.8270507812500123
119.53575737249808,0.8605468750000458,0.9277343749999146,0.8272949218750123
119.53603502224286,0.8607421875000458,0.9278320312499146,0.8275390625000123
119.53639385276824,0.8609375000000459,0.9279296874999147,0.8277832031250123
119.53639385276824,0.8610026041667126,0.9280761718749146,0.827799479166679
119.53681798678411,0.8611979166667126,0.9281738281249147,0.828043619791679
119.5374131922618,0.8613932291667127,0.9282714843749147,0.828287760416679
119.537688971893,0.8615885416667127,0.9283691406249147,0.828531901041679
119.53850388675085,0.8617838541667128,0.9284667968749147,0.828776041666679
119.53850388675085,0.8618489583333795,0.9286132812499147,0.8287923177083456
119.53892443655744,0.8620442708333795,0.9287109374999147,0.8290364583333456
119.53947059177588,0.8622395833333796,0.9288085937499148,0.8292805989583456
119.53974413026422,0.8624348958333796,0.9289062499999148,0.8295247395833456
119.54009863485771,0.8626302083333797,0.9290039062499148,0.8297688802083456
119.540516548577,0.8628255208333797,0.9291015624999148,0.8300130208333456
119.540516548577,0.8628906250000464,0.9292480468749148,0.8300292968750123
119.5411031111694,0.8630859375000465,0.9293457031249148,0.8302734375000123
119.54137493279696,0.8632812500000465,0.9294433593749148,0.8305175781250123
119.54217721104035,0.8634765625000466,0.9295410156249149,0.8307617187500123
119.54259178621896,0.8636718750000466,0.9296386718749149,0.8310058593750123
119.54259178621896,0.8637369791667133,0.9297851562499149,0.8310221354166789
119.54303587217925,0.8639322916667134,0.9298828124999149,0.8312662760416789
119.5435664915962,0.8641276041667134,0.9299804687499149,0.8315104166666789
119.54368384606757,0.8643229166667135,0.9300781249999149,0.8317545572916789
119.54429906632888,0.8645182291667135,0.930175781249915,0.8319986979166789
119.54463174913408,0.8647135416667135,0.930273437499915,0.8322428385416789
119.54515911939022,0.8649088541667136,0.930371093749915,0.8324869791666789
119.54515911939022,0.8649739583333803,0.930517578124915,0.8325032552083456
119.54571977439343,0.8651692708333804,0.930615234374915,0.8327473958333456
119.54595669594345,0.8654134114583804,0.930859374999915,0.8329427083333456
119.5463302355191,0.8656087239583804,0.930957031249915,0.8331868489583456
119.54670328752084,0.8658040364583804,0.931054687499915,0.8334309895833456
119.54670328752084,0.8658691406250472,0.931201171874915,0.8334472656250123
119.54717027917891,0.8661132812500472,0.931445312499915,0.8336425781250123
119.5472265577555,0.8663085937500472,0.931542968749915,0.8338867187500123
119.54734144606036,0.8665039062500473,0.9316406249999151,0.8341308593750123
119.54794821532464,0.8666992187500473,0.9317382812499151,0.8343750000000123
119.54827636657338,0.866764322916714,0.9318847656249151,0.834391276041679
119.54827636657338,0.8669596354167141,0.9319824218749151,0.834635416666679
119.54879661441151,0.8671549479167141,0.9320800781249151,0.834879557291679
119.54935055973914,0.8673502604167141,0.9321777343749151,0.835123697916679
119.54995287180718,0.8675455729167142,0.9322753906249152,0.835367838541679
119.55008178802322,0.8677408854167142,0.9323730468749152,0.835611979166679
119.5505676944353,0.867805989583381,0.9325195312499152,0.8356282552083456
119.5505676944353,0.868001302083381,0.9326171874999152,0.8358723958333456
119.55112243165271,0.868196614583381,0.9327148437499152,0.8361165364583456
119.55174466717088,0.8683919270833811,0.9328124999999152,0.8363606770833456
119.55208559506084,0.8685872395833811,0.9329101562499152,0.8366048177083456
119.5525680176693,0.8687825520833812,0.9330078124999153,0.8368489583333456
119.5525680176693,0.8688476562500479,0.9331542968749152,0.8368652343750123
119.55268324481212,0.8690429687500479,0.9332519531249153,0.8371093750000123
119.5533020290402,0.869238281250048,0.9333496093749153,0.8373535156250123
119.55359943631149,0.869433593750048,0.9334472656249153,0.8375976562500123
119.55407926046084,0.8696289062500481,0.9335449218749153,0.8378417968750123
119.55462789420888,0.8698242187500481,0.9336425781249154,0.8380859375000123
119.5552424287213,0.8700195312500482,0.9337402343749154,0.8383300781250123
119.55557914553286,0.8702148437500482,0.9338378906249154,0.8385742187500123
119.55557914553286,0.8702799479167149,0.9339843749999154,0.8385904947916789
119.55605561048893,0.870475260416715,0.9340820312499154,0.8388346354166789
119.55616859998518,0.870670572916715,0.9341796874999154,0.8390787760416789
119.55677980946118,0.8708658854167151,0.9342773437499154,0.8393229166666789
119.55720141389396,0.8710611979167151,0.9343749999999155,0.8395670572916789
119.55748858843477,0.8712565104167151,0.9344726562499155,0.8398111979166789
119.5582441383675,0.8714518229167152,0.9345703124999155,0.8400553385416789
119.5582441383675,0.8715169270833819,0.9347167968749155,0.8400716145833456
119.55861100748304,0.871712239583382,0.9348144531249155,0.8403157552083456
119.55914313393,0.871907552083382,0.9349121093749155,0.8405598958333456
119.55942843406017,0.872102864583382,0.9350097656249156,0.8408040364583456
119.55975236954716,0.8722981770833821,0.9351074218749156,0.8410481770833456
119.56011738969966,0.8724934895833821,0.9352050781249156,0.8412923177083456
119.5606874119244,0.8726888020833822,0.9353027343749156,0.8415364583333456
119.5609712296706,0.8728841145833822,0.9354003906249156,0.8417805989583456
119.56171707054976,0.8730794270833823,0.9354980468749157,0.8420247395833456
119.5620796996126,0.8732747395833823,0.9355957031249157,0.8422688802083456
119.56260567091864,0.8734700520833824,0.9356933593749157,0.8425130208333456
119.56288766086728,0.8736653645833824,0.9357910156249157,0.8427571614583456
119.56320873939735,0.8738606770833824,0.9358886718749158,0.8430013020833456
119.5635695630741,0.8739257812500492,0.9360351562499157,0.8430175781250122
119.5635695630741,0.8741210937500492,0.9361328124999158,0.8432617187500122
119.56381723629424,0.8743652343750492,0.9363769531249158,0.8434570312500123
119.56399075489676,0.8745605468750492,0.9364746093749158,0.8437011718750123
119.56399075489676,0.874625651041716,0.9366210937499158,0.8437174479166789
119.56448373660837,0.874820963541716,0.9367187499999158,0.8439615885416789
119.56501424224354,0.8750162760417161,0.9368164062499158,0.8442057291666789
119.56558450831128,0.8752115885417161,0.9369140624999158,0.8444498697916789
119.56590643748498,0.8754069010417161,0.9370117187499158,0.8446940104166789
119.56639641169627,0.8756022135417162,0.9371093749999159,0.8449381510416789
119.56649813102386,0.8757975260417162,0.9372070312499159,0.8451822916666789
119.5670657258212,0.8759928385417163,0.9373046874999159,0.8454264322916789
119.5673463942533,0.8761881510417163,0.9374023437499159,0.8456705729166789
119.56783413672382,0.8763834635417164,0.937499999999916,0.8459147135416789
119.56835980546153,0.8765787760417164,0.937597656249916,0.8461588541666789
119.56892408462332,0.8767740885417165,0.937695312499916,0.8464029947916789
119.56924263832175,0.8769694010417165,0.937792968749916,0.8466471354166789
119.56972747547844,0.8770345052083832,0.937939453124916,0.8466634114583456
119.56972747547844,0.8772298177083833,0.938037109374916,0.8469075520833456
119.5698273479683,0.8774251302083833,0.938134765624916,0.8471516927083456
119.5703890438498,0.8776204427083834,0.9382324218749161,0.8473958333333456
119.57081835010057,0.8778157552083834,0.9383300781249161,0.8476399739583456
119.57106385018292,0.8780110677083834,0.9384277343749161,0.8478841145833456
119.5717950405548,0.8782063802083835,0.9385253906249161,0.8481282552083456
119.57216890923154,0.8784016927083835,0.9386230468749162,0.8483723958333456
119.57216890923154,0.8784667968750502,0.9387695312499161,0.8483886718750122
119.572681631504,0.8786621093750503,0.9388671874999162,0.8486328125000122
119.57292577849614,0.8788574218750503,0.9389648437499162,0.8488769531250122
119.57323446015192,0.8790527343750504,0.9390624999999162,0.8491210937500122
119.5736067434382,0.8792480468750504,0.9391601562499162,0.8493652343750122
119.57415617417874,0.8794433593750505,0.9392578124999162,0.8496093750000122
119.5743992524648,0.8796386718750505,0.9393554687499163,0.8498535156250122
119.5751223737424,0.8798339843750506,0.9394531249999163,0.8500976562500122
119.57549259207424,0.8800292968750506,0.9395507812499163,0.8503417968750122
119.57600030307104,0.8802246093750506,0.9396484374999163,0.8505859375000122
119.57624205065814,0.8804199218750507,0.9397460937499164,0.8508300781250122
119.57654856504732,0.8804850260417174,0.9398925781249163,0.8508463541666789
119.57654856504732,0.8806803385417175,0.9399902343749164,0.8510904947916789
119.57691723132348,0.8808756510417175,0.9400878906249164,0.8513346354166789
119.57762222457194,0.8810709635417175,0.9401855468749164,0.8515787760416789
119.57789112064556,0.8812662760417176,0.9402832031249164,0.8518229166666789
119.57819060200389,0.8814615885417176,0.9403808593749164,0.8520670572916789
119.57853573416811,0.8816569010417177,0.9404785156249165,0.8523111979166789
119.57904856822684,0.8818522135417177,0.9405761718749165,0.8525553385416789
119.57931635868624,0.8820475260417178,0.9406738281249165,0.8527994791666789
119.58002862100136,0.8822428385417178,0.9407714843749165,0.8530436197916789
119.5803719599569,0.8824381510417179,0.9408691406249166,0.8532877604166789
119.5803719599569,0.8825032552083846,0.9410156249999165,0.8533040364583455
119.58084381309236,0.8826985677083846,0.9411132812499166,0.8535481770833455
119.58111027511744,0.8828938802083847,0.9412109374999166,0.8537923177083455
119.58140789622566,0.8830891927083847,0.9413085937499166,0.8540364583333455
119.5817499363866,0.8832845052083848,0.9414062499999166,0.8542805989583455
119.58225823971888,0.8834798177083848,0.9415039062499166,0.8545247395833455
119.58252370174756,0.8836751302083848,0.9416015624999167,0.8547688802083455
119.58322893979684,0.8838704427083849,0.9416992187499167,0.8550130208333455
119.58356933003084,0.8840657552083849,0.9417968749999167,0.8552571614583455
119.58398278037896,0.884261067708385,0.9418945312499167,0.8555013020833455
119.5844190479688,0.884456380208385,0.9419921874999168,0.8557454427083455
119.58451712692256,0.8846516927083851,0.9420898437499168,0.8559895833333455
119.58507803065037,0.8848470052083851,0.9421874999999168,0.8562337239583455
119.58537284041468,0.8849121093750518,0.9423339843749168,0.8562500000000122
119.58537284041468,0.8851074218750519,0.9424316406249168,0.8564941406250122
119.58580749864512,0.8853027343750519,0.9425292968749168,0.8567382812500122
119.58631072368937,0.885498046875052,0.9426269531249168,0.8569824218750122
119.5868689989342,0.885693359375052,0.9427246093749169,0.8572265625000122
119.5872002010471,0.885888671875052,0.9428222656249169,0.8574707031250122
119.587632823245,0.8860839843750521,0.9429199218749169,0.8577148437500122
119.5877293405044,0.8862792968750521,0.9430175781249169,0.8579589843750122
119.58828560646268,0.8864746093750522,0.943115234374917,0.8582031250000122
119.58857800678732,0.8866699218750522,0.943212890624917,0.8584472656250122
119.5886899965382,0.8869140625000522,0.943457031249917,0.8586425781250122
119.58900915612736,0.8871093750000523,0.943554687499917,0.8588867187500122
119.5895090670632,0.8873046875000523,0.943652343749917,0.8591308593750122
119.59006289554986,0.8875000000000524,0.943749999999917,0.8593750000000122
119.59013413598356,0.8876953125000524,0.9438476562499171,0.8596191406250122
119.59056361946632,0.8878906250000524,0.9439453124999171,0.8598632812500122
119.59106162667828,0.8880859375000525,0.9440429687499171,0.8601074218750122
119.59161337545616,0.8882812500000525,0.9441406249999171,0.8603515625000122
119.59191576887169,0.8884765625000526,0.9442382812499172,0.8605957031250122
119.5923433833032,0.8886718750000526,0.9443359374999172,0.8608398437500122
119.5924387905672,0.8888671875000527,0.9444335937499172,0.8610839843750122
119.59298870350288,0.8890625000000527,0.9445312499999172,0.8613281250000122
119.59330264460436,0.8892578125000528,0.9446289062499172,0.8615722656250122
119.59372886026868,0.8894531250000528,0.9447265624999173,0.8618164062500122
119.5942223946989,0.8896484375000528,0.9448242187499173,0.8620605468750122
119.59477001882104,0.8898437500000529,0.9449218749999173,0.8623046875000122
119.59507018023643,0.8900390625000529,0.9450195312499173,0.8625488281250122
119.59549468089054,0.890234375000053,0.9451171874999174,0.8627929687500122
119.5955901278846,0.890429687500053,0.9452148437499174,0.8630371093750122
119.59613606721032,0.8906250000000531,0.9453124999999174,0.8632812500000122
119.59651267672837,0.8908203125000531,0.9454101562499174,0.8635253906250122
119.59676896337574,0.8910156250000532,0.9455078124999174,0.8637695312500122
119.59744997235006,0.8912109375000532,0.9456054687499175,0.8640136718750122
119.59777874888658,0.8914062500000532,0.9457031249999175,0.8642578125000122
119.59825525658118,0.8916015625000533,0.9458007812499175,0.8645019531250122
119.598510535886,0.8917968750000533,0.9458984374999175,0.8647460937500122
119.59879570618034,0.8919921875000534,0.9459960937499176,0.8649902343750122
119.59912349421586,0.8921875000000534,0.9460937499999176,0.8652343750000122
119.59958628245232,0.8923828125000535,0.9461914062499176,0.8654785156250122
119.59984082918028,0.8925781250000535,0.9462890624999176,0.8657226562500122
119.60051809058488,0.8927734375000536,0.9463867187499176,0.8659667968750122
119.60084467863756,0.8929687500000536,0.9464843749999177,0.8662109375000122
119.60131807093786,0.8931640625000536,0.9465820312499177,0.8664550781250122
119.60157171558076,0.8933593750000537,0.9466796874999177,0.8666992187500122
119.60185426883264,0.8935546875000537,0.9467773437499177,0.8669433593750122
119.60217997372568,0.8937500000000538,0.9468749999999178,0.8671875000000122
119.60286606632216,0.8939453125000538,0.9469726562499178,0.8674316406250122
119.60309229951042,0.8941406250000539,0.9470703124999178,0.8676757812500122
119.6033792365843,0.8943359375000539,0.9471679687499178,0.8679199218750122
119.6037244840914,0.894531250000054,0.9472656249999178,0.8681640625000122
119.6042100410541,0.894726562500054,0.9473632812499179,0.8684082031250122
119.6044356895324,0.894921875000054,0.9474609374999179,0.8686523437500122
119.60510735623964,0.8951171875000541,0.9475585937499179,0.8688964843750122
119.60545145234788,0.8953125000000541,0.9476562499999179,0.8691406250000122
119.60594772953564,0.8955078125000542,0.947753906249918,0.8693847656250122
119.60617261667586,0.8957031250000542,0.947851562499918,0.8696289062500122
119.60645705897495,0.8958984375000543,0.947949218749918,0.8698730468750122
119.60680026376768,0.8960937500000543,0.948046874999918,0.8701171875000122
119.6072829388454,0.8962890625000544,0.948144531249918,0.8703613281250122
119.60750723427624,0.8964843750000544,0.9482421874999181,0.8706054687500122
119.60817574211046,0.8966796875000544,0.9483398437499181,0.8708496093750122
119.60851782525654,0.8968750000000545,0.9484374999999181,0.8710937500000122
119.60888502762826,0.8970703125000545,0.9485351562499181,0.8713378906250122
119.60932465825012,0.8972656250000546,0.9486328124999182,0.8715820312500122
119.60941525469453,0.8974609375000546,0.9487304687499182,0.8718261718750122
119.60992501435187,0.8976562500000547,0.9488281249999182,0.8720703125000122
119.61020127799578,0.8978515625000547,0.9489257812499182,0.8723144531250122
119.6106398999799,0.8980468750000548,0.9490234374999182,0.8725585937500122
119.61111299146368,0.8982421875000548,0.9491210937499183,0.8728027343750122
119.6116212531226,0.8984375000000548,0.9492187499999183,0.8730468750000122
119.61188445264855,0.8986328125000549,0.9493164062499183,0.8732910156250122
119.61232179637372,0.8988281250000549,0.9494140624999183,0.8735351562500122
119.61241263213248,0.899023437500055,0.9495117187499184,0.8737792968750122
119.61291976890936,0.899218750000055,0.9496093749999184,0.8740234375000122
119.61319461111437,0.8994140625000551,0.9497070312499184,0.8742675781250122
119.61363097137558,0.8996093750000551,0.9498046874999184,0.8745117187500122
119.61410096238215,0.8998046875000552,0.9499023437499184,0.8747558593750122
119.61460666280468,0.9000000000000552,0.9499999999999185,0.8750000000000122
119.61480259047948,0.9001953125000552,0.9500976562499185,0.8752441406250122
119.61502656769312,0.9003906250000553,0.9501953124999185,0.8754882812500122
119.61568353474932,0.9005859375000553,0.9502929687499185,0.8757324218750122
119.61602458016364,0.9007812500000554,0.9503906249999186,0.8759765625000122
119.61649674108384,0.9009765625000554,0.9504882812499186,0.8762207031250122
119.61672010082933,0.9011718750000555,0.9505859374999186,0.8764648437500122
119.61699652921256,0.9013671875000555,0.9506835937499186,0.8767089843750122
119.61733686059232,0.9015625000000556,0.9507812499999186,0.8769531250000122
119.6178202082006,0.9017578125000556,0.9508789062499187,0.8771972656250122
119.61804311956008,0.9019531250000556,0.9509765624999187,0.8774414062500122
119.61869635535392,0.9021484375000557,0.9510742187499187,0.8776855468750122
119.61903582751196,0.9023437500000557,0.9511718749999187,0.8779296875000122
119.61950586425002,0.9025390625000558,0.9512695312499188,0.8781738281250122
119.61972825092492,0.9027343750000558,0.9513671874999188,0.8784179687500122
119.62000415917689,0.9029296875000559,0.9514648437499188,0.8786621093750122
119.62034301781163,0.9031250000000559,0.9515624999999188,0.8789062500000122
119.620703313699,0.903320312500056,0.9516601562499188,0.8791503906250122
119.62113148724008,0.903515625000056,0.9517578124999189,0.8793945312500122
119.62159908968508,0.903710937500056,0.9518554687499189,0.8796386718750122
119.62209667190857,0.9039062500000561,0.9519531249999189,0.8798828125000122
119.62237065194309,0.9041015625000561,0.9520507812499189,0.8801269531250122
119.62279783978636,0.9042968750000562,0.952148437499919,0.8803710937500122
119.62289017540368,0.9044921875000562,0.952246093749919,0.8806152343750122
119.62338688742224,0.9046875000000563,0.952343749999919,0.8808593750000122
119.6236483905766,0.9048828125000563,0.952441406249919,0.8811035156250122
119.62407487331429,0.9050781250000564,0.952539062499919,0.8813476562500122
119.62454142321543,0.9052734375000564,0.9526367187499191,0.8815917968750122
119.62503709719446,0.9054687500000564,0.9527343749999191,0.8818359375000122
119.62531005114069,0.9056640625000565,0.9528320312499191,0.8820800781250122
119.62573567895728,0.9058593750000565,0.9529296874999191,0.8823242187500122
119.62582693131768,0.9060546875000566,0.9530273437499192,0.8825683593750122
119.6263218579704,0.9062500000000566,0.9531249999999192,0.8828125000000122
119.62679727347818,0.9064453125000567,0.9532226562499192,0.8830566406250122
119.6272023099078,0.9066406250000567,0.9533203124999192,0.8833007812500122
119.6272898275468,0.9068359375000568,0.9534179687499192,0.8835449218750122
119.62780946293351,0.9070312500000568,0.9535156249999193,0.8837890625000122
119.62809016880702,0.9072265625000568,0.9536132812499193,0.8840332031250122
119.628494639547,0.9074218750000569,0.9537109374999193,0.8842773437500122
119.62895660698464,0.9076171875000569,0.9538085937499193,0.8845214843750122
119.62947531507172,0.907812500000057,0.9539062499999194,0.8847656250000122
119.62976726640116,0.908007812500057,0.9540039062499194,0.8850097656250122
119.6301710127658,0.9082031250000571,0.9541015624999194,0.8852539062500122
119.63025750904654,0.9083984375000571,0.9541992187499194,0.8854980468750122
119.63077551714557,0.9085937500000572,0.9542968749999194,0.8857421875000122
119.63105534512653,0.9087890625000572,0.9543945312499195,0.8859863281250122
119.63145854489802,0.9089843750000572,0.9544921874999195,0.8862304687500122
119.63191984908728,0.9091796875000573,0.9545898437499195,0.8864746093750122
119.63243699000216,0.9093750000000573,0.9546874999999195,0.8867187500000122
119.6327922198596,0.9095703125000574,0.9547851562499196,0.8869628906250122
119.6330315425606,0.9097656250000574,0.9548828124999196,0.8872070312500122
119.63330393682963,0.9099609375000575,0.9549804687499196,0.8874511718750122
119.63361148089092,0.9101562500000575,0.9550781249999196,0.8876953125000122
119.63406501722224,0.9103515625000576,0.9551757812499196,0.8879394531250122
119.63430408936298,0.9105468750000576,0.9552734374999197,0.8881835937500122
119.63495002378964,0.9107421875000576,0.9553710937499197,0.8884277343750122
119.63525715332986,0.9109375000000577,0.9554687499999197,0.8886718750000122
119.635698344659,0.9111328125000577,0.9555664062499197,0.8889160156250122
119.63593709122804,0.9113281250000578,0.9556640624999198,0.8891601562500122
119.63620950425552,0.9115234375000578,0.9557617187499198,0.8894042968750122
119.6365163212016,0.9117187500000579,0.9558593749999198,0.8896484375000122
119.63696877272942,0.9119140625000579,0.9559570312499198,0.8898925781250122
119.63720726052895,0.912109375000058,0.9560546874999198,0.8901367187500122
119.6378510193968,0.912304687500058,0.9561523437499199,0.8903808593750122
119.63815743819448,0.912500000000058,0.9562499999999199,0.8906250000000122
119.6384522590106,0.9126953125000581,0.9563476562499199,0.8908691406250122
119.63869048039808,0.9128906250000581,0.9564453124999199,0.8911132812500122
119.63933356753644,0.9130859375000582,0.95654296874992,0.8913574218750122
119.63963968663175,0.9132812500000582,0.95664062499992,0.8916015625000122
119.64010262754915,0.9134765625000583,0.95673828124992,0.8918457031250122
119.64034061335232,0.9136718750000583,0.95683593749992,0.8920898437500122
119.64061218361849,0.9138671875000584,0.95693359374992,0.8923339843750122
119.6409180785692,0.9140625000000584,0.9570312499999201,0.8925781250000122
119.64134605017624,0.9142578125000584,0.9571289062499201,0.8928222656250122
119.64158385827908,0.9144531250000585,0.9572265624999201,0.8930664062500122
119.64222649266162,0.9146484375000585,0.9573242187499201,0.8933105468750122
119.64253210786327,0.9148437500000586,0.9574218749999202,0.8935546875000122
119.64299427457505,0.9150390625000586,0.9575195312499202,0.8937988281250122
119.64323185022344,0.9152343750000587,0.9576171874999202,0.8940429687500122
119.64350229767324,0.9154296875000587,0.9577148437499202,0.8942871093750122
119.64380769196195,0.9156250000000588,0.9578124999999202,0.8945312500000122
119.64418283117516,0.9158203125000588,0.9579101562499203,0.8947753906250122
119.64458224495404,0.9160156250000588,0.9580078124999203,0.8950195312500122
119.64503931128564,0.9162109375000589,0.9581054687499203,0.8952636718750122
119.64555182557184,0.9164062500000589,0.9582031249999203,0.8955078125000122
119.64581732359206,0.916601562500059,0.9583007812499204,0.8957519531250122
119.6462164872347,0.916796875000059,0.9583984374999204,0.8959960937500122
119.64630201316236,0.9169921875000591,0.9584960937499204,0.8962402343750122
119.6468143009728,0.9171875000000591,0.9585937499999204,0.8964843750000122
119.64711417264586,0.9173828125000592,0.9586914062499204,0.8967285156250122
119.64751315378466,0.9175781250000592,0.9587890624999205,0.8969726562500122
119.6479689924632,0.9177734375000592,0.9588867187499205,0.8972167968750122
119.64848100388087,0.9179687500000593,0.9589843749999205,0.8974609375000122
119.64874624285189,0.9181640625000593,0.9590820312499205,0.8977050781250122
119.6491450115097,0.9183593750000594,0.9591796874999206,0.8979492187500122
119.64923119152444,0.9185546875000594,0.9592773437499206,0.8981933593750122
119.64974301347542,0.9187500000000595,0.9593749999999206,0.8984375000000122
119.6501886301248,0.9189453125000595,0.9594726562499206,0.8986816406250122
119.65060678338914,0.9191406250000596,0.9595703124999206,0.8989257812500122
119.6506964592022,0.9193359375000596,0.9596679687499207,0.8991699218750122
119.65118299146648,0.9195312500000596,0.9597656249999207,0.8994140625000122
119.65146225574917,0.9197265625000597,0.9598632812499207,0.8996582031250122
119.65188029946415,0.9199218750000597,0.9599609374999207,0.8999023437500122
119.65233786175573,0.9201171875000598,0.9600585937499208,0.9001464843750122
119.6528242644666,0.9203125000000598,0.9601562499999208,0.9003906250000122
119.65306920323748,0.9205078125000599,0.9602539062499208,0.9006347656250122
119.65348717757688,0.9207031250000599,0.9603515624999208,0.9008789062500122
119.65357755353791,0.92089843750006,0.9604492187499208,0.9011230468750122
119.65406391460088,0.92109375000006,0.9605468749999209,0.9013671875000122
119.6543431068974,0.92128906250006,0.9606445312499209,0.9016113281250122
119.65476108353576,0.9214843750000601,0.9607421874999209,0.9018554687500122
119.65521784282843,0.9216796875000601,0.9608398437499209,0.9020996093750122
119.6557042203344,0.9218750000000602,0.960937499999921,0.9023437500000122
119.65607843879364,0.9220703125000602,0.961035156249921,0.9025878906250122
119.6562951590994,0.9222656250000603,0.961132812499921,0.9028320312500122
119.65656412345956,0.9224609375000603,0.961230468749921,0.9030761718750122
119.65689459448218,0.9226562500000604,0.961328124999921,0.9033203125000122
119.6573411878682,0.9228515625000604,0.9614257812499211,0.9035644531250122
119.65755791033246,0.9230468750000604,0.9615234374999211,0.9038085937500122
119.65819342537591,0.9232421875000605,0.9616210937499211,0.9040527343750122
119.6585239418132,0.9234375000000605,0.9617187499999211,0.9042968750000122
119.65900494673824,0.9236328125000606,0.9618164062499212,0.9045410156250122
119.6592217267578,0.9238281250000606,0.9619140624999212,0.9047851562500122
119.65949011449204,0.9240234375000607,0.9620117187499212,0.9050292968750122
119.65982071200295,0.9242187500000607,0.9621093749999212,0.9052734375000122
119.66026752941916,0.9244140625000608,0.9622070312499212,0.9055175781250122
119.66048439237504,0.9246093750000608,0.9623046874999213,0.9057617187500122
119.66112097791246,0.9248046875000608,0.9624023437499213,0.9060058593750122
119.66145173739356,0.9250000000000609,0.9624999999999213,0.9062500000000122
119.66181132507118,0.9251953125000609,0.9625976562499213,0.9064941406250122
119.66220992148308,0.925390625000061,0.9626953124999214,0.9067382812500122
119.6623010959992,0.925585937500061,0.9627929687499214,0.9069824218750122
119.66281368965409,0.9257812500000611,0.9628906249999214,0.9072265625000122
119.66309046455294,0.9259765625000611,0.9629882812499214,0.9074707031250122
119.66348922257164,0.9261718750000612,0.9630859374999214,0.9077148437500122
119.66394044117764,0.9263671875000612,0.9631835937499215,0.9079589843750122
119.66445334234704,0.9265625000000612,0.9632812499999215,0.9082031250000122
119.66469595184888,0.9267578125000613,0.9633789062499215,0.9084472656250122
119.66509498241832,0.9269531250000613,0.9634765624999215,0.9086914062500122
119.6651869970279,0.9271484375000614,0.9635742187499216,0.9089355468750122
119.66570019371716,0.9273437500000614,0.9636718749999216,0.9091796875000122
119.66597732114846,0.9275390625000615,0.9637695312499216,0.9094238281250122
119.66637662775643,0.9277343750000615,0.9638671874999216,0.9096679687500122
119.66682773506994,0.9279296875000616,0.9639648437499216,0.9099121093750122
119.66734139939778,0.9281250000000616,0.9640624999999217,0.9101562500000122
119.66769423692725,0.9283203125000616,0.9641601562499217,0.9104003906250122
119.6679317066692,0.9285156250000617,0.9642578124999217,0.9106445312500122
119.66820885940132,0.9287109375000617,0.9643554687499217,0.9108886718750122
119.6685150841493,0.9289062500000618,0.9644531249999218,0.9111328125000122
119.66896646701512,0.9291015625000618,0.9645507812499218,0.9113769531250122
119.66920410554836,0.9292968750000619,0.9646484374999218,0.9116210937500122
119.66984123556732,0.9294921875000619,0.9647460937499218,0.9118652343750122
119.67014777370868,0.929687500000062,0.9648437499999218,0.9121093750000122
119.67063415703878,0.929882812500062,0.9649414062499219,0.9123535156250122
119.67087207612964,0.930078125000062,0.9650390624999219,0.9125976562500122
119.67114909879662,0.9302734375000621,0.9651367187499219,0.9128417968750122
119.67145593361728,0.9304687500000621,0.9652343749999219,0.9130859375000122
119.67190827345136,0.9306640625000622,0.965332031249922,0.9133300781250122
119.67214645003492,0.9308593750000622,0.965429687499922,0.9135742187500122
119.6727856953414,0.9310546875000623,0.965527343749922,0.9138183593750122
119.673092962126,0.9312500000000623,0.965624999999922,0.9140625000000122
119.67338141905368,0.9314453125000624,0.965722656249922,0.9143066406250122
119.67360021433646,0.9316406250000624,0.9658203124999221,0.9145507812500122
119.674235283572,0.9318359375000624,0.9659179687499221,0.9147949218750122
119.67456831904624,0.9320312500000625,0.9660156249999221,0.9150390625000122
119.67503046968562,0.9322265625000625,0.9661132812499221,0.9152832031250122
119.6752496212877,0.9324218750000626,0.9662109374999222,0.9155273437500122
119.6755269597407,0.9326171875000626,0.9663085937499222,0.9157714843750122
119.67586043000397,0.9328125000000627,0.9664062499999222,0.9160156250000122
119.67628832079168,0.9330078125000627,0.9665039062499222,0.9162597656250122
119.67650774643712,0.9332031250000627,0.9666015624999222,0.9165039062500122
119.67714531558136,0.9333984375000628,0.9666992187499223,0.9167480468750122
119.6774793446542,0.9335937500000628,0.9667968749999223,0.9169921875000122
119.67794287075068,0.9337890625000629,0.9668945312499223,0.9172363281250122
119.67816266346894,0.9339843750000629,0.9669921874999223,0.9174804687500122
119.67844015649209,0.934179687500063,0.9670898437499224,0.9177246093750122
119.67877464180454,0.934375000000063,0.9671874999999224,0.9179687500000122
119.67913098698044,0.9345703125000631,0.9672851562499224,0.9182128906250122
119.67955525432544,0.9347656250000631,0.9673828124999224,0.9184570312500122
119.6800137392685,0.9349609375000631,0.9674804687499224,0.9187011718750122
119.68050717811929,0.9351562500000632,0.9675781249999225,0.9189453125000122
119.68077926783432,0.9353515625000632,0.9676757812499225,0.9191894531250122
119.68120441209808,0.9355468750000633,0.9677734374999225,0.9194335937500122
119.68130130597054,0.9357421875000633,0.9678710937499225,0.9196777343750122
119.68179556921451,0.9359375000000634,0.9679687499999226,0.9199218750000122
119.68210316463971,0.9361328125000634,0.9680664062499226,0.9201660156250122
119.68252904145749,0.9363281250000635,0.9681640624999226,0.9204101562500122
119.68298852919244,0.9365234375000635,0.9682617187499226,0.9206542968750122
119.68348390882969,0.9367187500000635,0.9683593749999226,0.9208984375000122
119.68375707319248,0.9369140625000636,0.9684570312499227,0.9211425781250122
119.68418389817175,0.9371093750000636,0.9685546874999227,0.9213867187500122
119.68428193043732,0.9373046875000637,0.9686523437499227,0.9216308593750122
119.68477819688634,0.9375000000000637,0.9687499999999227,0.9218750000000122
119.68521601908697,0.9376953125000638,0.9688476562499228,0.9221191406250122
119.68564374319104,0.9378906250000638,0.9689453124999228,0.9223632812500122
119.68574198666174,0.9380859375000639,0.9690429687499228,0.9226074218750122
119.68623934568576,0.9382812500000639,0.9691406249999228,0.9228515625000122
119.68652532770103,0.938476562500064,0.9692382812499228,0.9230957031250122
119.68695393566097,0.938671875000064,0.9693359374999229,0.9233398437500122
119.68741643287508,0.938867187500064,0.9694335937499229,0.9235839843750122
119.68791512751552,0.9390625000000641,0.9695312499999229,0.9238281250000122
119.68821378342749,0.9392578125000641,0.9696289062499229,0.9240722656250122
119.68864356193694,0.9394531250000642,0.969726562499923,0.9243164062500122
119.68874152522784,0.9396484375000642,0.969824218749923,0.9245605468750122
119.68924131676992,0.9398437500000643,0.969921874999923,0.9248046875000122
119.68952870374515,0.9400390625000643,0.970019531249923,0.9250488281250122
119.6899594211136,0.9402343750000643,0.970117187499923,0.9252929687500122
119.69042500848744,0.9404296875000644,0.9702148437499231,0.9255371093750122
119.69092624254571,0.9406250000000644,0.9703124999999231,0.9257812500000122
119.6913124689366,0.9408203125000645,0.9704101562499231,0.9260253906250122
119.69153662018344,0.9410156250000645,0.9705078124999231,0.9262695312500122
119.69181965446784,0.9412109375000646,0.9706054687499232,0.9265136718750122
119.69216088648864,0.9414062500000646,0.9707031249999232,0.9267578125000122
119.69262278471098,0.9416015625000647,0.9708007812499232,0.9270019531250122
119.69284750650527,0.9417968750000647,0.9708984374999232,0.9272460937500122
119.69350068889754,0.9419921875000647,0.9709960937499232,0.9274902343750122
119.69384304035646,0.9421875000000648,0.9710937499999233,0.9277343750000122
119.6942943800172,0.9423828125000648,0.9711914062499233,0.9279785156250122
119.69451983578074,0.9425781250000649,0.9712890624999233,0.9282226562500122
119.69480521490615,0.9427734375000649,0.9713867187499233,0.9284667968750122
119.69514845637308,0.942968750000065,0.9714843749999234,0.9287109375000122
119.69561307731368,0.943164062500065,0.9715820312499234,0.9289550781250122
119.6958391148301,0.9433593750000651,0.9716796874999234,0.9291992187500122
119.6964955252275,0.9435546875000651,0.9717773437499234,0.9294433593750122
119.69683995186976,0.9437500000000651,0.9718749999999234,0.9296875000000122
119.69711539410184,0.9439453125000652,0.9719726562499235,0.9299316406250122
119.69736252442314,0.9441406250000652,0.9720703124999235,0.9301757812500122
119.698026249628,0.9443359375000653,0.9721679687499235,0.9304199218750122
119.69834551254311,0.9445312500000653,0.9722656249999235,0.9306640625000122
119.69882819092255,0.9447265625000654,0.9723632812499236,0.9309082031250122
119.69907623572615,0.9449218750000654,0.9724609374999236,0.9311523437500122
119.69936518170292,0.9451171875000655,0.9725585937499236,0.9313964843750122
119.69968538567302,0.9453125000000655,0.9726562499999236,0.9316406250000122
119.70018194652282,0.9455078125000655,0.9727539062499236,0.9318847656250122
119.7004307639892,0.9457031250000656,0.9728515624999237,0.9321289062500122
119.70109841929953,0.9458984375000656,0.9729492187499237,0.9323730468750122
119.70141992812243,0.9460937500000657,0.9730468749999237,0.9326171875000122
119.70190607611872,0.9462890625000657,0.9731445312499237,0.9328613281250122
119.70215594560932,0.9464843750000658,0.9732421874999237,0.9331054687500122
119.70244773163176,0.9466796875000658,0.9733398437499238,0.9333496093750122
119.70277032218364,0.9468750000000659,0.9734374999999238,0.9335937500000122
119.70316653702542,0.9470703125000659,0.9735351562499238,0.9338378906250122
119.70358852170628,0.947265625000066,0.9736328124999238,0.9340820312500122
119.70406567115744,0.947460937500066,0.9737304687499239,0.9343261718750122
119.70460954329616,0.947656250000066,0.9738281249999239,0.9345703125000122
119.70489152011746,0.9478515625000661,0.9739257812499239,0.9348144531250122
119.70531536065936,0.9480468750000661,0.9740234374999239,0.9350585937500122
119.70541314954566,0.9482421875000662,0.974121093749924,0.9353027343750122
119.7059589258606,0.9484375000000662,0.974218749999924,0.9355468750000122
119.70622934194203,0.9486328125000663,0.974316406249924,0.9357910156250122
119.7066547006422,0.9488281250000663,0.974414062499924,0.9360351562500122
119.7071365197886,0.9490234375000663,0.974511718749924,0.9362792968750122
119.70768485958504,0.9492187500000664,0.9746093749999241,0.9365234375000122
119.70796919003142,0.9494140625000664,0.9747070312499241,0.9367675781250122
119.70839662444811,0.9496093750000665,0.9748046874999241,0.9370117187500122
119.7084944572276,0.9498046875000665,0.9749023437499241,0.9372558593750122
119.70904492255676,0.9500000000000666,0.9749999999999241,0.9375000000000122
119.70960810318628,0.9501953125000666,0.9750976562499242,0.9377441406250122
119.70994003940592,0.9503906250000667,0.9751953124999242,0.9379882812500122
119.71023648759108,0.9505859375000667,0.9752929687499242,0.9382324218750122
119.71049510623214,0.9507812500000667,0.9753906249999242,0.9384765625000122
119.71097806832874,0.9509765625000668,0.9754882812499243,0.9387207031250122
119.71131133099551,0.9511718750000668,0.9755859374999243,0.9389648437500122
119.71199428548536,0.9513671875000669,0.9756835937499243,0.9392089843750122
119.71225425521864,0.9515625000000669,0.9757812499999243,0.9394531250000122
119.71272776546677,0.951757812500067,0.9758789062499243,0.9396972656250122
119.71306282126348,0.951953125000067,0.9759765624999244,0.9399414062500122
119.71336135012828,0.9521484375000671,0.9760742187499244,0.9401855468750122
119.71362242897776,0.9523437500000671,0.9761718749999244,0.9404296875000122
119.71411007260204,0.9525390625000671,0.9762695312499244,0.9406738281250122
119.7144466220654,0.9527343750000672,0.9763671874999245,0.9409179687500122
119.71513709803529,0.9529296875000672,0.9764648437499245,0.9411621093750122
119.71539969860125,0.9531250000000673,0.9765624999999245,0.9414062500000122
119.71578575571677,0.9533203125000673,0.9766601562499245,0.9416503906250122
119.7163456500948,0.9535156250000674,0.9767578124999245,0.9418945312500122
119.71645060002008,0.9537109375000674,0.9768554687499246,0.9421386718750122
119.7168862785944,0.9539062500000675,0.9769531249999246,0.9423828125000122
119.71719436796984,0.9541015625000675,0.9770507812499246,0.9426269531250122
119.71775691010156,0.9542968750000675,0.9771484374999246,0.9428710937500122
119.7182571525902,0.9544921875000676,0.9772460937499247,0.9431152343750122
119.71869551578324,0.9546875000000676,0.9773437499999247,0.9433593750000122
119.71901785476,0.9548828125000677,0.9774414062499247,0.9436035156250122
119.71958398580628,0.9550781250000677,0.9775390624999247,0.9438476562500122
119.71969093248303,0.9552734375000678,0.9776367187499247,0.9440917968750122
119.72013152850312,0.9554687500000678,0.9777343749999248,0.9443359375000122
119.7204431428988,0.9556640625000679,0.9778320312499248,0.9445800781250122
119.72101221120786,0.9558593750000679,0.9779296874999248,0.9448242187500122
119.72151748683318,0.956054687500068,0.9780273437499248,0.9450683593750122
119.72196105766204,0.956250000000068,0.9781249999999249,0.9453125000000122
119.72207901969114,0.956445312500068,0.9782226562499249,0.9455566406250122
119.72262880025406,0.9566406250000681,0.9783203124999249,0.9458007812500122
119.7231363667208,0.9568359375000681,0.9784179687499249,0.9460449218750122
119.72361184329068,0.9570312500000682,0.978515624999925,0.9462890625000122
119.72391150091072,0.9572265625000682,0.978613281249925,0.9465332031250122
119.7244651734846,0.9574218750000683,0.978710937499925,0.9467773437500122
119.7245684378396,0.9576171875000683,0.978808593749925,0.9470214843750122
119.72504659165013,0.9578125000000683,0.978906249999925,0.9472656250000122
119.72533552398382,0.9580078125000684,0.9790039062499251,0.9475097656250122
119.72589231339232,0.9582031250000684,0.9791015624999251,0.9477539062500122
119.72640556888994,0.9583984375000685,0.9791992187499251,0.9479980468750122
119.72688724819812,0.9585937500000685,0.9792968749999251,0.9482421875000122
119.72719083272231,0.9587890625000686,0.9793945312499251,0.9484863281250122
119.72775180466232,0.9589843750000686,0.9794921874999252,0.9487304687500122
119.72785728518006,0.9591796875000687,0.9795898437499252,0.9489746093750122
119.72834182826456,0.9593750000000687,0.9796874999999252,0.9492187500000122
119.72874702651484,0.9595703125000687,0.9797851562499252,0.9494628906250122
119.72912485577112,0.9597656250000688,0.9798828124999253,0.9497070312500122
119.72985856056086,0.9599609375000688,0.9799804687499253,0.9499511718750122
119.73010698680712,0.9601562500000689,0.9800781249999253,0.9501953125000122
119.73064221392626,0.9603515625000689,0.9801757812499253,0.9504394531250122
119.73102316276469,0.960546875000069,0.9802734374999253,0.9506835937500122
119.73134497825684,0.960742187500069,0.9803710937499254,0.9509277343750122
119.7315950459816,0.9609375000000691,0.9804687499999254,0.9511718750000122
119.73214652754147,0.9611328125000691,0.9805664062499254,0.9514160156250122
119.73253002204596,0.9613281250000691,0.9806640624999254,0.9516601562500122
119.73327561902065,0.9615234375000692,0.9807617187499255,0.9519042968750122
119.7335278655159,0.9617187500000692,0.9808593749999255,0.9521484375000122
119.7340713368726,0.9619140625000693,0.9809570312499255,0.9523925781250122
119.7344581858364,0.9621093750000693,0.9810546874999255,0.9526367187500122
119.73478423227812,0.9623046875000694,0.9811523437499255,0.9528808593750122
119.73503821693592,0.9625000000000694,0.9812499999999256,0.9531250000000122
119.73576556373234,0.9626953125000695,0.9813476562499256,0.9533691406250122
119.73615551714695,0.9628906250000695,0.9814453124999256,0.9536132812500122
119.7364841888436,0.9630859375000695,0.9815429687499256,0.9538574218750122
119.73674021794508,0.9632812500000696,0.9816406249999257,0.9541015625000122
119.73727829288217,0.9634765625000696,0.9817382812499257,0.9543457031250122
119.73767112736886,0.9636718750000697,0.9818359374999257,0.9545898437500122
119.73843508066092,0.9638671875000697,0.9819335937499257,0.9548339843750122
119.73869359132333,0.9640625000000698,0.9820312499999257,0.9550781250000122
119.73927772662836,0.9642578125000698,0.9821289062499258,0.9553222656250122
119.7396744783893,0.9644531250000699,0.9822265624999258,0.9555664062500122
119.74000973600614,0.9646484375000699,0.9823242187499258,0.9558105468750122
119.74027030140408,0.9648437500000699,0.9824218749999258,0.9560546875000122
119.74081793397669,0.96503906250007,0.9825195312499259,0.9562988281250122
119.74121778872713,0.96523437500007,0.9826171874999259,0.9565429687500122
119.74199477388017,0.9654296875000701,0.9827148437499259,0.9567871093750122
119.74225800257732,0.9656250000000701,0.9828124999999259,0.9570312500000122
119.74271874621571,0.9658203125000702,0.982910156249926,0.9572753906250122
119.743322330839,0.9660156250000702,0.983007812499926,0.9575195312500122
119.74343588742052,0.9662109375000703,0.983105468749926,0.9577636718750122
119.74395779303558,0.9664062500000703,0.983203124999926,0.9580078125000122
119.7443011751632,0.9666015625000703,0.983300781249926,0.9582519531250122
119.74490996684484,0.9667968750000704,0.9833984374999261,0.9584960937500122
119.7454717687968,0.9669921875000704,0.9834960937499261,0.9587402343750122
119.7459995491951,0.9671875000000705,0.9835937499999261,0.9589843750000122
119.74630436855055,0.9673828125000705,0.9836914062499261,0.9592285156250122
119.74691996498848,0.9675781250000706,0.9837890624999261,0.9594726562500122
119.74703487080666,0.9677734375000706,0.9838867187499262,0.9597167968750122
119.74756731341698,0.9679687500000707,0.9839843749999262,0.9599609375000122
119.74791767347054,0.9681640625000707,0.9840820312499262,0.9602050781250122
119.74853893370724,0.9683593750000707,0.9841796874999262,0.9604492187500122
119.7491133451822,0.9685546875000708,0.9842773437499263,0.9606933593750122
119.74965219618116,0.9687500000000708,0.9843749999999263,0.9609375000000122
119.74975740866816,0.9689453125000709,0.9844726562499263,0.9611816406250122
119.7504114306482,0.9691406250000709,0.9845703124999263,0.9614257812500122
119.75099311761883,0.969335937500071,0.9846679687499263,0.9616699218750122
119.75150453416884,0.969531250000071,0.9847656249999264,0.9619140625000122
119.75185208405009,0.969726562500071,0.9848632812499264,0.9621582031250122
119.75251438847306,0.9699218750000711,0.9849609374999264,0.9624023437500122
119.75263965250316,0.9701171875000711,0.9850585937499264,0.9626464843750122
119.75315621220015,0.9703125000000712,0.9851562499999265,0.9628906250000122
119.753551375258,0.9705078125000712,0.9852539062499265,0.9631347656250122
119.75422069480292,0.9707031250000713,0.9853515624999265,0.9633789062500122
119.7548171597666,0.9708984375000713,0.9854492187499265,0.9636230468750122
119.75534083467883,0.9710937500000714,0.9855468749999265,0.9638671875000122
119.75569681152022,0.9712890625000714,0.9856445312499266,0.9641113281250122
119.7563753775619,0.9714843750000715,0.9857421874999266,0.9643554687500122
119.75650276021666,0.9716796875000715,0.9858398437499266,0.9645996093750122
119.7570322001837,0.9718750000000715,0.9859374999999266,0.9648437500000122
119.75753510760968,0.9720703125000716,0.9860351562499267,0.9650878906250122
119.75794996087572,0.9722656250000716,0.9861328124999267,0.9653320312500122
119.7588032990644,0.9724609375000717,0.9862304687499267,0.9655761718750122
119.75912863351869,0.9726562500000717,0.9863281249999267,0.9658203125000122
119.75975277525156,0.9728515625000718,0.9864257812499267,0.9660644531250122
119.76017384075908,0.9730468750000718,0.9865234374999268,0.9663085937500122
119.76054966857122,0.9732421875000719,0.9866210937499268,0.9665527343750122
119.76087887297636,0.9734375000000719,0.9867187499999268,0.9667968750000122
119.7614641656304,0.9736328125000719,0.9868164062499268,0.9670410156250122
119.7618902483908,0.973828125000072,0.9869140624999269,0.9672851562500122
119.76276610751069,0.974023437500072,0.9870117187499269,0.9675292968750122
119.76310047380562,0.9742187500000721,0.9871093749999269,0.9677734375000122
119.76374218039966,0.9744140625000721,0.9872070312499269,0.9680175781250122
119.76417526080924,0.9746093750000722,0.987304687499927,0.9682617187500122
119.76456284742332,0.9748046875000722,0.987402343749927,0.9685058593750122
119.76490160773076,0.9750000000000723,0.987499999999927,0.9687500000000122
119.76540946398204,0.9751953125000723,0.987597656249927,0.9689941406250122
119.76610699157504,0.9753906250000723,0.987695312499927,0.9692382812500122
119.76675949006533,0.9755859375000724,0.9877929687499271,0.9694824218750122
119.7673653506372,0.9757812500000724,0.9878906249999271,0.9697265625000122
119.76774847124526,0.9759765625000725,0.9879882812499271,0.9699707031250122
119.7684583763942,0.9761718750000725,0.9880859374999271,0.9702148437500122
119.76858375347275,0.9763671875000726,0.9881835937499271,0.9704589843750122
119.76919809178496,0.9765625000000726,0.9882812499999272,0.9707031250000122
119.76963595645314,0.9767578125000727,0.9883789062499272,0.9709472656250122
119.7703563376429,0.9769531250000727,0.9884765624999272,0.9711914062500122
119.77103164860748,0.9771484375000727,0.9885742187499272,0.9714355468750122
119.77165793631876,0.9773437500000728,0.9886718749999273,0.9716796875000122
119.77205413628596,0.9775390625000728,0.9887695312499273,0.9719238281250122
119.77278860381055,0.9777343750000729,0.9888671874999273,0.9721679687500122
119.77291725135086,0.9779296875000729,0.9889648437499273,0.9724121093750122
119.7735532166196,0.978125000000073,0.9890624999999273,0.9726562500000122
119.77408706459585,0.978320312500073,0.9891601562499274,0.9729003906250122
119.77458670626048,0.978515625000073,0.9892578124999274,0.9731445312500122
119.77556931062652,0.9787109375000731,0.9893554687499274,0.9733886718750122
119.77589932624012,0.9789062500000731,0.9894531249999274,0.9736328125000122
119.77661325308722,0.9791015625000732,0.9895507812499275,0.9738769531250122
119.77712365911816,0.9792968750000732,0.9896484374999275,0.9741210937500122
119.77754552357612,0.9794921875000733,0.9897460937499275,0.9743652343750122
119.77788114895884,0.9796875000000733,0.9898437499999275,0.9746093750000122
119.77855435306098,0.9798828125000734,0.9899414062499275,0.9748535156250122
119.7790734680314,0.9800781250000734,0.9900390624999276,0.9750976562500122
119.7800939857691,0.9802734375000735,0.9901367187499276,0.9753417968750122
119.78043726147828,0.9804687500000735,0.9902343749999276,0.9755859375000122
119.7811802941978,0.9806640625000735,0.9903320312499276,0.9758300781250122
119.78171183682376,0.9808593750000736,0.9904296874999277,0.9760742187500122
119.78215244932552,0.9810546875000736,0.9905273437499277,0.9763183593750122
119.78250226013432,0.9812500000000737,0.9906249999999277,0.9765625000000122
119.78357160059944,0.9814453125000737,0.9907226562499277,0.9768066406250122
119.78408145781935,0.9816406250000738,0.9908203124999277,0.9770507812500122
119.78452841227582,0.9818359375000738,0.9909179687499278,0.9772949218750122
119.78492940630596,0.9820312500000739,0.9910156249999278,0.9775390625000122
119.78568035612204,0.9822265625000739,0.9911132812499278,0.9777832031250122
119.78620062487234,0.9824218750000739,0.9912109374999278,0.9780273437500122
119.78728550252684,0.982617187500074,0.9913085937499279,0.9782714843750122
119.78769740462413,0.982812500000074,0.9914062499999279,0.9785156250000122
119.78852753668384,0.9830078125000741,0.9915039062499279,0.9787597656250122
119.78906262467312,0.9832031250000741,0.9916015624999279,0.9790039062500122
119.78953311875324,0.9833984375000742,0.991699218749928,0.9792480468750122
119.7899543984232,0.9835937500000742,0.991796874999928,0.9794921875000122
119.79074378849832,0.9837890625000743,0.991894531249928,0.9797363281250122
119.79129105666892,0.9839843750000743,0.991992187499928,0.9799804687500122
119.7924321726788,0.9841796875000743,0.992089843749928,0.9802246093750122
119.79286624846677,0.9843750000000744,0.9921874999999281,0.9804687500000122
119.79350641263856,0.9845703125000744,0.9922851562499281,0.9807128906250122
119.79444054951428,0.9847656250000745,0.9923828124999281,0.9809570312500122
119.7946074986246,0.9849609375000745,0.9924804687499281,0.9812011718750122
119.79534194757636,0.9851562500000746,0.9925781249999281,0.9814453125000122
119.79586394553232,0.9853515625000746,0.9926757812499282,0.9816894531250122
119.79682247720416,0.9855468750000747,0.9927734374999282,0.9819335937500122
119.7976919250108,0.9857421875000747,0.9928710937499282,0.9821777343750122
119.79845198225476,0.9859375000000747,0.9929687499999282,0.9824218750000122
119.79892691429988,0.9861328125000748,0.9930664062499283,0.9826660156250122
119.79991920341897,0.9863281250000748,0.9931640624999283,0.9829101562500122
119.800095245697,0.9865234375000749,0.9932617187499283,0.9831542968750122
119.80087658046207,0.9867187500000749,0.9933593749999283,0.9833984375000122
119.80143240508244,0.986914062500075,0.9934570312499283,0.9836425781250122
119.8024541911132,0.987109375000075,0.9935546874999284,0.9838867187500122
119.80338390875085,0.987304687500075,0.9936523437499284,0.9841308593750122
119.80419640705657,0.9875000000000751,0.9937499999999284,0.9843750000000122
119.80442861905132,0.9876953125000751,0.9938476562499284,0.9846191406250122
119.8054882331809,0.9878906250000752,0.9939453124999285,0.9848632812500122
119.8064532167797,0.9880859375000752,0.9940429687499285,0.9851074218750122
119.80729720805508,0.9882812500000753,0.9941406249999285,0.9853515625000122
119.80787376530472,0.9884765625000753,0.9942382812499285,0.9855957031250122
119.80898055962696,0.9886718750000754,0.9943359374999285,0.9858398437500122
119.80917724063556,0.9888671875000754,0.9944335937499286,0.9860839843750122
119.81005137622402,0.9890625000000755,0.9945312499999286,0.9863281250000122
119.81062445238666,0.9892578125000755,0.9946289062499286,0.9865722656250122
119.81177198177332,0.9894531250000755,0.9947265624999286,0.9868164062500122
119.81281755156296,0.9896484375000756,0.9948242187499287,0.9870605468750122
119.81373535104107,0.9898437500000756,0.9949218749999287,0.9873046875000122
119.81436329994504,0.9900390625000757,0.9950195312499287,0.9875488281250122
119.81557105592148,0.9902343750000757,0.9951171874999287,0.9877929687500122
119.81578777511058,0.9904296875000758,0.9952148437499287,0.9880371093750122
119.81674438464174,0.9906250000000758,0.9953124999999288,0.9882812500000122
119.81766129954909,0.9908203125000759,0.9954101562499288,0.9885253906250122
119.81842365087674,0.9910156250000759,0.9955078124999288,0.9887695312500122
119.82002680506892,0.9912109375000759,0.9956054687499288,0.9890136718750122
119.82064164432092,0.991406250000076,0.9957031249999289,0.9892578125000122
119.82183195378308,0.991601562500076,0.9958007812499289,0.9895019531250122
119.82264329731947,0.9917968750000761,0.9958984374999289,0.9897460937500122
119.82336147809464,0.9919921875000761,0.9959960937499289,0.9899902343750122
119.8240084513472,0.9921875000000762,0.996093749999929,0.9902343750000122
119.82529264655636,0.9923828125000762,0.996191406249929,0.9904785156250122
119.82614915792472,0.9925781250000763,0.996289062499929,0.9907226562500122
119.82795964719683,0.9927734375000763,0.996386718749929,0.9909667968750122
119.8286561330154,0.9929687500000763,0.996484374999929,0.9912109375000122
119.83000902381023,0.9931640625000764,0.9965820312499291,0.9914550781250122
119.8309347636244,0.9933593750000764,0.9966796874999291,0.9916992187500122
119.83175471643838,0.9935546875000765,0.9967773437499291,0.9919433593750122
119.83249731034452,0.9937500000000765,0.9968749999999291,0.9921875000000122
119.83448357138523,0.9939453125000766,0.9969726562499291,0.9924316406250122
119.83555125196636,0.9941406250000766,0.9970703124999292,0.9926757812500122
119.8364480200054,0.9943359375000766,0.9971679687499292,0.9929199218750122
119.83716785853322,0.9945312500000767,0.9972656249999292,0.9931640625000122
119.83871224369037,0.9947265625000767,0.9973632812499292,0.9934082031250122
119.8398668950816,0.9949218750000768,0.9974609374999293,0.9936523437500122
119.84219737631392,0.9951171875000768,0.9975585937499293,0.9938964843750122
119.8430006330001,0.9953125000000769,0.9976562499999293,0.9941406250000122
119.8446882188404,0.9955078125000769,0.9977539062499293,0.9943847656250122
119.8459881355649,0.995703125000077,0.9978515624999293,0.9946289062500122
119.84708484770664,0.995898437500077,0.9979492187499294,0.9948730468750122
119.84797260628832,0.996093750000077,0.9980468749999294,0.9951171875000122
119.84989437875169,0.9962890625000771,0.9981445312499294,0.9953613281250122
119.851347413829,0.9964843750000771,0.9982421874999294,0.9956054687500122
119.85432981910068,0.9966796875000772,0.9983398437499295,0.9958496093750122
119.85537261461538,0.9968750000000772,0.9984374999999295,0.9960937500000122
119.85726055199102,0.9970703125000773,0.9985351562499295,0.9963378906250122
119.85986419020504,0.9972656250000773,0.9986328124999295,0.9965820312500122
119.86033609297088,0.9974609375000774,0.9987304687499295,0.9968261718750122
119.8627466423952,0.9976562500000774,0.9988281249999296,0.9970703125000122
119.86441431517788,0.9978515625000774,0.9989257812499296,0.9973144531250122
119.86755878449604,0.9980468750000775,0.9990234374999296,0.9975585937500122
119.87075566369823,0.9982421875000775,0.9991210937499296,0.9978027343750122
119.87398877412316,0.9984375000000776,0.9992187499999297,0.9980468750000122
119.87639081408844,0.9986328125000776,0.9993164062499297,0.9982910156250122
119.88094470110585,0.9988281250000777,0.9994140624999297,0.9985351562500122
119.8818209270072,0.9990234375000777,0.9995117187499297,0.9987792968750122
119.88652397421606,0.9992187500000778,0.9996093749999297,0.9990234375000122
119.89010551106637,0.9994140625000778,0.9997070312499298,0.9992675781250122
119.89799395565882,0.9996093750000778,0.9998046874999298,0.9995117187500122
119.90901121752376,0.9998046875000779,0.9999023437499298,0.9997558593750122
119.93610860308,1.000000000000078,0.9999999999999298,1.0000000000000122
